target_chembl_id,compound_chembl_id,c_smiles,noiso_InChIKey,active_label
CHEMBL220,CHEMBL496255,CC(C1CCC2C3CCC4CC(N(C)C)CCC4(C)C3CCC21C)N(C)C,IHGKQRLXUYWOQB-UHFFFAOYSA-N,0
CHEMBL220,CHEMBL4293626,CC1COc2c1c(=O)oc(=O)c1c3c(ccc21)C(C)(C)CCC3,ROYYPPPACDMYJY-UHFFFAOYSA-N,1
CHEMBL220,CHEMBL371371,CC1CCC(=O)C1=O,OACYKCIZDVVNJL-UHFFFAOYSA-N,0
CHEMBL220,CHEMBL363186,CC1C(=O)CCC1=O,HXZILEQYFQYQCE-UHFFFAOYSA-N,0
CHEMBL220,CHEMBL8320,O=C1C=CC(=O)C=C1,AZQWKYJCGOJGHM-UHFFFAOYSA-N,1
CHEMBL220,CHEMBL253152,COc1cc(C2CC(=O)c3c(cc(O)c(CC=C(C)CCC=C(C)C)c3O)O2)ccc1O,PMKNILHJZILHLN-UHFFFAOYSA-N,0
CHEMBL220,CHEMBL4649430,COc1c2c(cc3c1OCO3)C13C=CC(OC)CC1N(C2)CC3O,QAHZAHIPKNLGAS-UHFFFAOYSA-N,0
CHEMBL220,CHEMBL365982,OC(c1ccccc1)C(O)c1ccccc1,IHPDTPWNFBQHEB-UHFFFAOYSA-N,0
CHEMBL220,CHEMBL208599,CCC1=CC2Cc3nc4cc(Cl)ccc4c(N)c3C(C1)C2,QTPHSDHUHXUYFE-UHFFFAOYSA-N,1
CHEMBL220,CHEMBL52347,O=C1C=Cc2ccccc2C1=O,KETQAJRQOHHATG-UHFFFAOYSA-N,1
CHEMBL220,CHEMBL251077,CC(=O)OC1C(O)C=C2CCN3Cc4cc5c(cc4C1C23)OCO5,BIGUPJIJZYZJMV-UHFFFAOYSA-N,1
CHEMBL220,CHEMBL90039,O=C(c1ccccc1)c1ccccc1,RWCCWEUUXYIKHB-UHFFFAOYSA-N,0
CHEMBL220,CHEMBL51931,O=C1C(=O)c2ccccc2-c2ccccc21,YYVYAPXYZVYDHN-UHFFFAOYSA-N,0
CHEMBL220,CHEMBL549,CN(C)CCCC1(c2ccc(F)cc2)OCc2cc(C#N)ccc21,WSEQXVZVJXJVFP-UHFFFAOYSA-N,0
CHEMBL220,CHEMBL518543,CC(C)=CCc1c(-c2ccc(O)cc2O)oc2c(CC=C(C)C)c(O)cc(O)c2c1=O,UWQYBLOHTQWSQD-UHFFFAOYSA-N,1
CHEMBL220,CHEMBL164660,O=c1ccc2cc3ccoc3cc2o1,ZCCUUQDIBDJBTK-UHFFFAOYSA-N,1
CHEMBL220,CHEMBL4283621,CC1CC2CC(=O)C3CCCN4CCCC2C34C1,BCZFSDNVXODRAJ-UHFFFAOYSA-N,0
CHEMBL220,CHEMBL71851,COc1cc2ccc(=O)oc2cc1O,RODXRVNMMDRFIK-UHFFFAOYSA-N,0
CHEMBL220,CHEMBL395280,CC=C1C2C=C(C)CC1(N)c1ccc(=O)[nH]c1C2,ZRJBHWIHUMBLCN-UHFFFAOYSA-N,1
CHEMBL220,CHEMBL456881,O=c1c2ccccc2nc2n1CCC2,VARHXCYGZKSOOO-UHFFFAOYSA-N,0
CHEMBL220,CHEMBL11531,COc1ccc2cc3n(c(=O)c2c1OC)CCc1cc2c(cc1-3)OCO2,ZHYQCBCBTQWPLC-UHFFFAOYSA-N,0
CHEMBL220,CHEMBL355821,c1ccc2c(c1)CN1CCCC1=N2,WUFQLZTXIWKION-UHFFFAOYSA-N,1
CHEMBL220,CHEMBL464427,CCN(CC)Cc1ccc(C=C2Cc3cc(OC)c(OC)cc3C2=O)cc1,BINZQDMZAMRQON-UHFFFAOYSA-N,1
CHEMBL220,CHEMBL463686,O=C(O)c1cccc2nc3ccccc3nc12,JGCSKOVQDXEQHI-UHFFFAOYSA-N,0
CHEMBL220,CHEMBL481,CCc1c2c(nc3ccc(OC(=O)N4CCC(N5CCCCC5)CC4)cc13)-c1cc3c(c(=O)n1C2)COC(=O)C3(O)CC,UWKQSNNFCGGAFS-UHFFFAOYSA-N,1
CHEMBL220,CHEMBL9113,Cc1ccccc1,YXFVVABEGXRONW-UHFFFAOYSA-N,1
CHEMBL220,CHEMBL376434,COc1ccc2[nH]c3c[n+](C)ccc3c2c1,UXIBWQLCPYHBSH-UHFFFAOYSA-O,1
CHEMBL220,CHEMBL156710,COc1cc(C)cc(OC)c1OC,KCIZTNZGSBSSRM-UHFFFAOYSA-N,1
CHEMBL220,CHEMBL16645,Cc1ccc(O)cc1,IWDCLRJOBJJRNH-UHFFFAOYSA-N,1
CHEMBL220,CHEMBL286727,Cc1cccc(C)c1,IVSZLXZYQVIEFR-UHFFFAOYSA-N,1
CHEMBL220,CHEMBL241806,COc1cc2c(cc1OC)C1(O)C(=O)c3ccc4c(c3OC1CO2)C=CC(C)(C)O4,AQBZCCQCDWNNJQ-UHFFFAOYSA-N,0
CHEMBL220,CHEMBL253998,CC(C)=CCc1c(O)cc(O)c2c1OC(c1ccccc1)CC2=O,DAWSYIQAGQMLFS-UHFFFAOYSA-N,1
CHEMBL220,CHEMBL273904,COc1ccc(C)cc1OC,GYPMBQZAVBFUIZ-UHFFFAOYSA-N,1
CHEMBL220,CHEMBL393417,COc1cc2c(cc1OC)C1C(=O)c3ccc4c(c3OC1CO2)C=CC(C)(C)O4,ORDAZKGHSNRHTD-UHFFFAOYSA-N,0
CHEMBL220,CHEMBL76640,CNC(=O)Oc1ccc2c(c1)C1(C)CCN(C)C1N2C,PIJVFDBKTWXHHD-UHFFFAOYSA-N,1
CHEMBL220,CHEMBL154155,COc1ccc(C)cc1,CHLICZRVGGXEOD-UHFFFAOYSA-N,1
CHEMBL220,CHEMBL508781,COc1cc2c3cc1Oc1c(O)c(OC)cc4c1C(Cc1ccc(cc1)Oc1cc(ccc1O)CC3N(C)CC2)N(C)CC4,LFFQVHXIFJLJSP-UHFFFAOYSA-N,0
CHEMBL220,CHEMBL3311038,COc1cc(OC)c(-c2coc3c4c(ccc3c2=O)OC(C)(C)C=C4)cc1OC,OBIUGMGQVQMVSK-UHFFFAOYSA-N,0
CHEMBL220,CHEMBL374130,CC(C)=CCCC(C)=CCc1c(O)cc2c(c1O)C(=O)CC(c1ccc(O)cc1)O2,XYIQIBWIEGCVQY-UHFFFAOYSA-N,0
CHEMBL220,CHEMBL504323,COc1cc2c3cc1Oc1c(OC)c(OC)cc4c1C(Cc1ccc(O)c(c1)Oc1ccc(cc1)CC3N(C)CC2)N(C)CC4,DFOCUWZXJBAUSQ-UHFFFAOYSA-N,0
CHEMBL220,CHEMBL206106,COc1cc2c(cc1OC)-c1cc3ccc(OC)c(OC)c3c[n+]1CC2,QUCQEUCGKKTEBI-UHFFFAOYSA-N,1
CHEMBL220,CHEMBL45005,Cc1ccccc1C,CTQNGGLPUBDAKN-UHFFFAOYSA-N,1
CHEMBL220,CHEMBL152826,COc1cc2c(c(OC)c1)C(=O)C(C)C2,IFZXCQPMQSSVKJ-UHFFFAOYSA-N,1
CHEMBL220,CHEMBL39677,c1ccc2nc3ccccc3cc2c1,DZBUGLKDJFMEHC-UHFFFAOYSA-N,1
CHEMBL220,CHEMBL295124,COc1ccc2cc3[n+](cc2c1OC)CCc1cc2c(cc1-3)OCO2,YBHILYKTIRIUTE-UHFFFAOYSA-N,1
CHEMBL220,CHEMBL31561,Cc1ccc(C)cc1,URLKBWYHVLBVBO-UHFFFAOYSA-N,1
CHEMBL220,CHEMBL298312,Cc1cccc(O)c1,RLSSMJSEOOYNOY-UHFFFAOYSA-N,1
CHEMBL220,CHEMBL3085398,C=CC(C)(C)c1cc(C2CC(=O)c3c(O)cc(O)c(CC=C(C)C)c3O2)c(O)cc1O,PCNCQAWYRGWMFH-UHFFFAOYSA-N,0
CHEMBL220,CHEMBL452895,COc1cc2c3cc1Oc1c(O)c(OC)cc4c1C(Cc1ccc(O)c(c1)Oc1ccc(cc1)CC3N(C)CC2)N(C)CC4,XGEAUXVPBXUBKN-UHFFFAOYSA-N,0
CHEMBL220,CHEMBL223256,CC(C)=CCCC(C)=CCc1c(O)cc2c(c1O)C(=O)CC(c1ccc(O)c(O)c1)O2,XCYSQFHYFNWYFP-UHFFFAOYSA-N,1
CHEMBL220,CHEMBL446060,CNC(=O)Oc1ccccc1OC(C)C,ISRUGXGCCGIOQO-UHFFFAOYSA-N,1
CHEMBL220,CHEMBL2018162,CCC1CN(C)C2Cc3c([nH]c4ccccc34)C(c3ccc4c5c([nH]c4c3)C3(C(=O)OC)CC4CC(CC)C3N(CC5)C4)CC1C2C(=O)OC,PKHROTRJQXGCIW-UHFFFAOYSA-N,1
CHEMBL220,CHEMBL489354,O=C(CCCCCCCCc1ccc(O)cc1)c1c(O)cccc1O,KOAPDMKKECXPHX-UHFFFAOYSA-N,1
CHEMBL220,CHEMBL400092,OC1C=C2CCN3Cc4cc5c(cc4C(C1O)C23)OCO5,XGVJWXAYKUHDOO-UHFFFAOYSA-N,0
CHEMBL220,CHEMBL479291,[O-]c1cc2c3c(c1)c1cc4c(cc1c[n+]3CC2)OCO4,DFQOXFIPAAMFAU-UHFFFAOYSA-N,1
CHEMBL220,CHEMBL1524,CN1CCC23C=CC(O)CC2Oc2c(O)ccc(c23)C1,OYSGWKOGUVOGFQ-UHFFFAOYSA-N,1
CHEMBL220,CHEMBL123248,CNC(=O)Oc1ccc2c(c1)C1(C)CCN(C)OC1N2C,CNBHDDBNEKKMJH-UHFFFAOYSA-N,1
CHEMBL220,CHEMBL401114,COC1C=CC23c4cc5c(cc4CN(CC2O)C3C1)OCO5,YGPRSGKVLATIHT-UHFFFAOYSA-N,0
CHEMBL220,CHEMBL828,c1ccc2c(c1)Nc1ccccc1S2,WJFKNYWRSNBZNX-UHFFFAOYSA-N,1
CHEMBL220,CHEMBL4760427,CC1=CC2Cc3[nH]c(=O)ccc3C3(C1)NCCCC23,YYWGABLTRMRUIT-UHFFFAOYSA-N,1
CHEMBL220,CHEMBL205940,CNC(=O)Oc1ccc2c(c1)C1(C)CCOC1N2C,LXTKNVLLWOLCOV-UHFFFAOYSA-N,1
CHEMBL220,CHEMBL376478,CCC1CN(C)C2Cc3c([nH]c4ccccc34)C(c3ccc4c5c([nH]c4c3)C3CC4CC(CC)C3N(CC5)C4)CC1C2C(=O)OC,VFOGOXRSGPCZGG-UHFFFAOYSA-N,1
CHEMBL220,CHEMBL524100,O=C(CCCCCCCCc1ccc(O)c(O)c1)c1c(O)cccc1O,HCOZRFYGIFMIEX-UHFFFAOYSA-N,1
CHEMBL220,CHEMBL1385,COc1ccc2c3c1OC1CC(O)C=CC31CCNC2,AIXQQSTVOSFSMO-UHFFFAOYSA-N,1
CHEMBL220,CHEMBL1443379,CC=C(C)C(=O)OC(C)(C)C1Cc2cc3ccc(=O)oc3cc2O1,HHNCJFKRMZDTHW-UHFFFAOYSA-N,0
CHEMBL220,CHEMBL504924,CC=C(C)C(=O)NC1CCC2(C)C3CCC4(C)C(C(C)NC)CCC4C3CCC2C1OC(C)=O,JGVUURLOQKRQKQ-UHFFFAOYSA-N,1
CHEMBL220,CHEMBL190677,O=C(c1ccccc1)C(O)c1ccccc1,ISAOCJYIOMOJEB-UHFFFAOYSA-N,0
CHEMBL220,CHEMBL399121,COc1ccc(C2CC(=O)c3c(O)cc(O)cc3O2)cc1O,AIONOLUJZLIMTK-UHFFFAOYSA-N,0
CHEMBL220,CHEMBL1668333,CC(C)=CC(=O)CC(C)c1ccc(C)cc1,NAAJVHHFAXWBOK-UHFFFAOYSA-N,0
CHEMBL220,CHEMBL1719948,CC(C)(O)CCc1c(-c2ccc(O)cc2O)oc2c3c(cc(O)c2c1=O)OC(C)(C)C=C3,AFOKZNPZDXHDHD-UHFFFAOYSA-N,1
CHEMBL220,CHEMBL50,O=c1c(O)c(-c2ccc(O)c(O)c2)oc2cc(O)cc(O)c12,REFJWTPEDVJJIY-UHFFFAOYSA-N,0
CHEMBL220,CHEMBL187266,Cc1coc2c1C(=O)C(=O)c1c-2ccc2c1CCCC2(C)C,HYXITZLLTYIPOF-UHFFFAOYSA-N,0
CHEMBL220,CHEMBL192039,O=C(C(=O)c1ccc(O)cc1O)c1ccc(O)cc1O,NGWYJYHAFLMHNW-UHFFFAOYSA-N,0
CHEMBL220,CHEMBL192258,CC(=O)C(=O)c1ccccc1,BVQVLAIMHVDZEL-UHFFFAOYSA-N,0
CHEMBL220,CHEMBL496488,CC(C1CC=C2C3CCC4=CC(N(C)C)CCC4(C)C3CCC21C)N(C)C,JLDLXPZTQHZTBT-UHFFFAOYSA-N,0
CHEMBL220,CHEMBL363535,Cc1coc2c1C(=O)C(=O)c1c-2ccc2c(C)cccc12,AIGAZQPHXLWMOJ-UHFFFAOYSA-N,0
CHEMBL220,CHEMBL2297276,COc1cc(O)c(C2CC(=O)c3c(O)cc(O)cc3O2)cc1CC=C(C)CCC=C(C)C,CZVSHXUUSIQWSO-UHFFFAOYSA-N,1
CHEMBL220,CHEMBL9352,O=C1CC(c2ccc(O)cc2)Oc2cc(O)cc(O)c21,FTVWIRXFELQLPI-UHFFFAOYSA-N,0
CHEMBL220,CHEMBL8996,O=C1CC(c2ccc(O)c(O)c2)Oc2cc(O)cc(O)c21,SBHXYTNGIZCORC-UHFFFAOYSA-N,0
CHEMBL220,CHEMBL1096939,CC(C)=CCCC(C)=CCc1cc(C2CC(=O)c3c(O)cc(O)cc3O2)c(O)cc1O,GJFHZVPRFLHEBR-UHFFFAOYSA-N,1
CHEMBL220,CHEMBL51628,O=c1ccc2ccc(O)cc2o1,ORHBXUUXSCNDEV-UHFFFAOYSA-N,0
CHEMBL220,CHEMBL1915760,CC(=CCCC(C)C1CCC2(C)C3=CCC4C(C)(CCC(O)C4(C)C)C3=CCC12C)C(=O)O,HUTCYUJPLOTDMX-UHFFFAOYSA-N,0
CHEMBL220,CHEMBL1770313,CC(C)=CC1Oc2cc(O)ccc2-c2oc3c4c(cc(O)c3c(=O)c21)OC(C)(C)C=C4,GDQXJMLXEYSICD-UHFFFAOYSA-N,1
CHEMBL220,CHEMBL371523,O=C(CC(=O)c1ccccc1)c1ccccc1,NZZIMKJIVMHWJC-UHFFFAOYSA-N,0
CHEMBL220,CHEMBL2297279,O=c1c(OC2OC(CO)C(O)C(O)C2O)c(-c2ccc(O)cc2)oc2cc(O)cc(O)c12,JPUKWEQWGBDDQB-UHFFFAOYSA-N,1
CHEMBL220,CHEMBL1770314,CC1(C)C=Cc2c(cc(O)c3c(=O)c4c(oc23)-c2ccc(O)cc2OC(C(C)(C)O)C4)O1,BKIVBOLDWRIFMA-UHFFFAOYSA-N,1
CHEMBL220,CHEMBL464006,CC(C)=CCc1c(-c2ccc(O)cc2O)oc2c3c(cc(O)c2c1=O)OC(C)(C)C=C3,XFFOMNJIDRDDLQ-UHFFFAOYSA-N,1
CHEMBL220,CHEMBL145,O=C(O)C=Cc1ccc(O)c(O)c1,QAIPRVGONGVQAS-UHFFFAOYSA-N,0
CHEMBL220,CHEMBL2367723,CC12CCC(C(=O)C1=O)C2(C)C,VNQXSTWCDUXYEZ-UHFFFAOYSA-N,0
CHEMBL220,CHEMBL3586206,CC12CCC3C(C)(CCC(O)C3(C)C(=O)O)C1CCC1C(=CC(=O)C3C(C)(C)C(O)CCC13C)C2,PZUQEBIOBVCCSP-UHFFFAOYSA-N,0
CHEMBL220,CHEMBL454592,COc1cc(C2OCC3C(c4cc(OC)c(OC)c(OC)c4)OCC23)cc(OC)c1OC,HRLFUIXSXUASEX-UHFFFAOYSA-N,1
CHEMBL220,CHEMBL3586205,CC12CCC3C(C)(C)C(O)CCC3(C)C1CCC1C(O)(CCC3C(C)(C)C(O)CCC13C)C2,BLPHPSBSZGKMLY-UHFFFAOYSA-N,0
CHEMBL220,CHEMBL86,CCN(CC)CCNC(=O)c1cc(Cl)c(N)cc1OC,TTWJBBZEZQICBI-UHFFFAOYSA-N,0
CHEMBL220,CHEMBL1254269,O=C(CCCCCCCCc1ccccc1)c1c(O)cccc1O,IAXIHKJASWPASP-UHFFFAOYSA-N,1
CHEMBL220,CHEMBL31184,c1ccc2c(c1)cc1ccc3cccc4ccc2c1c34,FMMWHPNWAFZXNH-UHFFFAOYSA-N,0
CHEMBL220,CHEMBL45830,CC(C)C1=Cc2ccc3c(c2C(=O)C1=O)CCCC3(C)C,FEFAIBOZOKSLJR-UHFFFAOYSA-N,0
CHEMBL220,CHEMBL91,Clc1ccc(COC(Cn2ccnc2)c2ccc(Cl)cc2Cl)c(Cl)c1,BYBLEWFAAKGYCD-UHFFFAOYSA-N,0
CHEMBL220,CHEMBL19224,COc1ccc(Cc2nccc3cc(OC)c(OC)cc23)cc1OC,XQYZDYMELSJDRZ-UHFFFAOYSA-N,0
CHEMBL220,CHEMBL506258,COC(=O)C1(C)C(O)CCC2(C)C3CCC4C(=CC(=O)C5C(C)(CO)C(O)CCC45C)CC3(C)CCC21,WWVFRAVFOHSRSP-UHFFFAOYSA-N,0
CHEMBL220,CHEMBL496,Oc1c(Cl)cc(Cl)c(Cl)c1Cc1c(O)c(Cl)cc(Cl)c1Cl,ACGUYXCXAPNIKK-UHFFFAOYSA-N,1
CHEMBL220,CHEMBL3586203,CC12CCC3C(C)(C)C(O)CCC3(C)C1CCC1C(=CCC3C(C)(C)C(O)CCC13C)C2,FMUNNDDBCLRMSL-UHFFFAOYSA-N,0
CHEMBL220,CHEMBL1306,CC(C)N1CCN(c2ccc(OCC3COC(Cn4cncn4)(c4ccc(Cl)cc4Cl)O3)cc2)CC1,BLSQLHNBWJLIBQ-UHFFFAOYSA-N,0
CHEMBL220,CHEMBL104,Clc1ccccc1C(c1ccccc1)(c1ccccc1)n1ccnc1,VNFPBHJOKIVQEB-UHFFFAOYSA-N,0
CHEMBL220,CHEMBL81,O=C(c1ccc(OCCN2CCCCC2)cc1)c1c(-c2ccc(O)cc2)sc2cc(O)ccc12,GZUITABIAKMVPG-UHFFFAOYSA-N,1
CHEMBL220,CHEMBL411,CCC(=C(CC)c1ccc(O)cc1)c1ccc(O)cc1,RGLYKWWBQGJZGM-UHFFFAOYSA-N,0
CHEMBL220,CHEMBL1980572,COc1cc(C2OCC3C(c4cc(OC)c5c(c4)OCO5)OCC23)cc(OC)c1OC,DHWUVPPRBIJJKS-UHFFFAOYSA-N,1
CHEMBL220,CHEMBL7568,CCN(CC)CCCC(C)Nc1c2ccc(Cl)cc2nc2ccc(OC)cc12,GPKJTRJOBQGKQK-UHFFFAOYSA-N,1
CHEMBL220,CHEMBL519926,COc1ccc(C2OCC3C(c4cc(OC)c(OC)c(OC)c4)OCC23)cc1OC,MFIHSKBTNZNJIK-UHFFFAOYSA-N,1
CHEMBL220,CHEMBL4173190,CN1CCc2cc3c(cc2C12OCc1c(ccc4c1OCO4)C2=O)OCO3,DFLLMUXSZJESOF-UHFFFAOYSA-N,0
CHEMBL220,CHEMBL586091,COc1cc2c(cc1O)C1C(O)C(O)C=C3CCN(C2)C31,CKAHWDNDUGDSLE-UHFFFAOYSA-N,0
CHEMBL220,CHEMBL453019,CN1CCc2cc3c(cc2C(=O)Cc2ccc4c(c2C1)OCO4)OCO3,GPTFURBXHJWNHR-UHFFFAOYSA-N,0
CHEMBL220,CHEMBL4160912,COc1cc2c(cc1O)C1C(O)C(OC)C=C3CCN(C2)C31,KJPYARWZKKTTBA-UHFFFAOYSA-N,0
CHEMBL220,CHEMBL139685,CNC1CCC2(C)C(CCC3C2CCC2(C)C3CCC2C(C)N(C)C)C1,NLOJUKSOUNWUSW-UHFFFAOYSA-N,1
CHEMBL220,CHEMBL4165513,CN1CCc2cc3c(cc2C1C1OC(=O)c2c1ccc1c2OCO1)OCO3,IYGYMKDQCDOMRE-UHFFFAOYSA-N,0
CHEMBL220,CHEMBL465678,CN1Cc2c(ccc3c2OCO3)-c2ccc3cc4c(cc3c21)OCO4,CIUHLXZTZWTVFL-UHFFFAOYSA-N,0
CHEMBL220,CHEMBL470867,COc1ccc2c(=O)oc3c(OC)cc(CCN(C)C)c4c(=O)oc1c2c34,MTAWKURMWOXCEO-UHFFFAOYSA-N,1
CHEMBL220,CHEMBL342394,COC1CCC2(C)C(=CCC3C2CCC2(C)C3CCC2C(C)N(C)C)C1,ZTNBSFMIFOLVCM-UHFFFAOYSA-N,0
CHEMBL220,CHEMBL561846,C=C1CC23CC1CCC2C1(C)CCCC(C)(CO)C1CC3O,AMOBKAMJSKCUFH-UHFFFAOYSA-N,0
CHEMBL220,CHEMBL294199,COc1cc(CNC(=O)CCCCC=CC(C)C)ccc1O,YKPUWZUDDOIDPM-UHFFFAOYSA-N,0
CHEMBL220,CHEMBL136765,CC(=O)N(C)C(C)C1CCC2C3CC=C4CC(N(C)C)CCC4(C)C3CCC21C,DNVZSDMHLPWULM-UHFFFAOYSA-N,0
CHEMBL220,CHEMBL136135,CC=C(C)C(=O)NC1=CCC2(C)C(CCC3C2CCC2(C)C3CCC2C(C)N(C)C)C1=O,VWQAUBJBEMSAFZ-UHFFFAOYSA-N,0
CHEMBL220,CHEMBL2314746,COc1ccc2c(c1O)CN1CCc3cc4c(cc3C1C2)OCO4,PQECCKIOFCWGRJ-UHFFFAOYSA-N,0
CHEMBL220,CHEMBL4168934,CN1CCc2cc3c(cc2C1=O)OCO3,WIUVXEAALLSOQN-UHFFFAOYSA-N,0
CHEMBL220,CHEMBL556939,CC1(CO)CCCC2(C)C1CC(O)C13CC(CCC21)C1(C)OC13,BDWKHKXSYDEDRO-UHFFFAOYSA-N,0
CHEMBL220,CHEMBL78010,COc1ccc(-c2cc(=O)c3c(O)c(OC)c(O)cc3o2)cc1,GPQLHGCIAUEJQK-UHFFFAOYSA-N,0
CHEMBL220,CHEMBL611808,CC1=CC2Cc3nc(O)ccc3C3(C1)C2CCCN3C,JCINWKNLTDEYIA-UHFFFAOYSA-N,0
CHEMBL220,CHEMBL4164418,COC1OC(C2c3cc4c(cc3CCN2C)OCO4)c2ccc3c(c21)OCO3,UYKOVOXFSYCDFP-UHFFFAOYSA-N,0
CHEMBL220,CHEMBL136052,CC(=O)N(C)C(C)C1CCC2C3CCC4CC(N(C)C)CCC4(C)C3CCC21C,VPOYXIYUORUTSW-UHFFFAOYSA-N,0
CHEMBL220,CHEMBL344384,CC(C1CCC2C3CC=C4CC(N(C)C)CCC4(C)C3CCC21C)N(C)C,YTNIUPZRMQLHNV-UHFFFAOYSA-N,0
CHEMBL220,CHEMBL510363,COc1cc2c(cc1OC)C(Cc1ccc(O)cc1)NCC2,NKBBUUNAVOMVER-UHFFFAOYSA-N,0
CHEMBL220,CHEMBL422098,CC(=O)NC1CCC2(C)C(CCC3C2CCC2(C)C3CCC2C(C)N(C)C)C1,AIEKUSBFLBFTIU-UHFFFAOYSA-N,0
CHEMBL220,CHEMBL4162070,CN1CCc2cc3c(cc2C1C1OC(O)c2c1ccc1c2OCO1)OCO3,YMHFBUOKLSWOQF-UHFFFAOYSA-N,0
CHEMBL220,CHEMBL136933,CC(C1CCC2C3CCC4CC(NC(=O)c5ccccc5)CCC4(C)C3CCC21C)N(C)C,SFKPSOAYNYYOLN-UHFFFAOYSA-N,0
CHEMBL220,CHEMBL421920,CC=C(C)C(=O)NC1C(O)CC2(C)C3CCC4(C)C(CCC4C(C)N(C)C)C3CCC2C1OC(C)=O,QDWARQARJPJBNM-UHFFFAOYSA-N,0
CHEMBL220,CHEMBL424,O=C(O)c1ccccc1O,YGSDEFSMJLZEOE-UHFFFAOYSA-N,0
CHEMBL220,CHEMBL469423,COc1c(O)cc2c3c1-c1ccccc1CC3NCC2,NBDNEUOVIJYCGZ-UHFFFAOYSA-N,0
CHEMBL220,CHEMBL4171637,COC1c2c(ccc3c2OCO3)-c2ccc3cc4c(cc3c2N1C)OCO4,MHPDDMNAUJQRSW-UHFFFAOYSA-N,0
CHEMBL220,CHEMBL229334,CC1=CC2C(O)C(=O)C3CCCN4CCCC2C34C1,ZAPIKGUBFZHNMQ-UHFFFAOYSA-N,0
CHEMBL220,CHEMBL151,O=c1cc(-c2ccc(O)c(O)c2)oc2cc(O)cc(O)c12,IQPNAANSBPBGFQ-UHFFFAOYSA-N,0
CHEMBL220,CHEMBL521,CC(C)Cc1ccc(C(C)C(=O)O)cc1,HEFNNWSXXWATRW-UHFFFAOYSA-N,0
CHEMBL220,CHEMBL1186527,OC1CCN2Cc3ccccc3N=C12,YIICVSCAKJMMDJ-UHFFFAOYSA-N,0
CHEMBL220,CHEMBL4210192,O=c1[nH]c(CCCO)nc2ccccc12,PVVTWNMXEHROIA-UHFFFAOYSA-N,0
CHEMBL220,CHEMBL1864065,O=c1c2ccccc2nc2n1CCC2O,SDIVYZXRQHWCKF-UHFFFAOYSA-N,0
CHEMBL220,CHEMBL449947,O=C(OCC1OC(OC(=O)c2cc(O)c(O)c(O)c2)C(OC(=O)c2cc(O)c(O)c(O)c2)C(OC(=O)c2cc(O)c(O)c(O)c2)C1O)c1cc(O)c(O)c(O)c1,RATQVALKDAUZBW-UHFFFAOYSA-N,0
CHEMBL220,CHEMBL2271411,CC1(C)CCCC2(C)OC(=O)C=C12,IMKHDCBNRDRUEB-UHFFFAOYSA-N,1
CHEMBL220,CHEMBL150,O=c1c(O)c(-c2ccc(O)cc2)oc2cc(O)cc(O)c12,IYRMWMYZSQPJKC-UHFFFAOYSA-N,0
CHEMBL220,CHEMBL13045,COc1ccc2c(c[n+](C)c3c4cc5c(cc4ccc23)OCO5)c1OC,LLEJIEBFSOEYIV-UHFFFAOYSA-N,1
CHEMBL220,CHEMBL1085125,CCCCNC(=O)Oc1ccc2c(c1)C1(C)CCN(CC)C1C2,OEQMWEPWWKQKQL-UHFFFAOYSA-N,1
CHEMBL220,CHEMBL459825,CC(C)(OC1OC(CO)C(O)C(O)C1O)C1Cc2cc3ccc(=O)oc3cc2O1,HXCGUCZXPFBNRD-UHFFFAOYSA-N,0
CHEMBL220,CHEMBL1087180,CC(CC(=O)CC(C)C1CC(=O)C2(C)C3=C(C(=O)CC12C)C1(C)CCC(O)C(C)(C)C1CC3O)C(=O)O,LWPLEHFGBRFRKI-UHFFFAOYSA-N,0
CHEMBL220,CHEMBL3809337,COc1cc2occ(-c3ccc(O)cc3O)c(=O)c2c(O)c1CC=C(C)C,AZPLXDBZIQMMMT-UHFFFAOYSA-N,1
CHEMBL220,CHEMBL1929043,COc1c(CC=C(C)C)c(O)cc2c1CC(c1ccc(O)c(CC=C(C)C)c1O)CO2,GBRZTUJCDFSIHM-UHFFFAOYSA-N,0
CHEMBL220,CHEMBL281202,Cc1ccc(C(C)C)cc1O,RECUKUPTGUEGMW-UHFFFAOYSA-N,0
CHEMBL220,CHEMBL1086927,COC(=O)C(C)CC(=O)CC(C)C1CC(O)C2(C)C3=C(C(=O)CC12C)C1(C)CCC(=O)C(C)(C)C1CC3O,GBFBBVYGZAABTI-UHFFFAOYSA-N,0
CHEMBL220,CHEMBL461949,C=C(C)C(O)Cc1cc2ccc(=O)oc2cc1O,JEWBSPSVQWSESZ-UHFFFAOYSA-N,0
CHEMBL220,CHEMBL340807,COc1ccc2c3c([nH]c2c1)C(C)=NCC3,RERZNCLIYCABFS-UHFFFAOYSA-N,0
CHEMBL220,CHEMBL1098479,CC(CCC(O)C(C)(C)O)C1CCC2(C)C3=CCC4C(C)(C)C(=O)CCC4(C)C3=CCC12C,AAJIHHYEPHRIET-UHFFFAOYSA-N,0
CHEMBL220,CHEMBL1651048,CC=C1C(=O)CC2(C)C3CCC4C(C)(C)C(N(C)C)CCC45CC35CCC12C,HHRXHLXZXPRKOE-UHFFFAOYSA-N,0
CHEMBL220,CHEMBL1915761,CC(CCC=C(CO)CO)C1CCC2(C)C3=CCC4C(C)(C)C(=O)CCC4(C)C3=CCC12C,JVGJXXNUVVQEIG-UHFFFAOYSA-N,0
CHEMBL220,CHEMBL1087131,CC(CC(=O)CC(C)C1CC(O)C2(C)C3=C(C(=O)CC12C)C1(C)CCC(=O)C(C)(C)C1CC3)C(=O)O,XRXBNTYHQXKSAO-UHFFFAOYSA-N,0
CHEMBL220,CHEMBL1915763,CC(CCC(O)C(C)(O)CO)C1CCC2(C)C3=CCC4C(C)(C)C(=O)CCC4(C)C3=CCC12C,KASALCUNLBTNAA-UHFFFAOYSA-N,0
CHEMBL220,CHEMBL459826,CC(C)(O)C(=O)Cc1cc2ccc(=O)oc2cc1O,HCVVJUMQCNQCCT-UHFFFAOYSA-N,0
CHEMBL220,CHEMBL240972,CC(=CCCC(C)C1CCC2(C)C3=CCC4C(C)(CCC(O)C4(C)C)C3=CCC12C)CO,AOXXVRDKZLRGTJ-UHFFFAOYSA-N,0
CHEMBL220,CHEMBL448060,CC(C)=CCOc1c2ccoc2cc2oc(=O)ccc12,IGWDEVSBEKYORK-UHFFFAOYSA-N,0
CHEMBL220,CHEMBL460969,CC(CCC(=O)O)C1CC(=O)C2(C)C3=C(C(=O)CC12C)C1(C)CCC(=O)C(C)(C)C1CC3O,INIPQDKLXQHEAJ-UHFFFAOYSA-N,0
CHEMBL220,CHEMBL465487,CC(CCC(=O)O)C1CC(=O)C2(C)C3=C(C(=O)CC12C)C1(C)CCC(O)C(C)(C)C1CC3O,YBGBNHHXOJXFNM-UHFFFAOYSA-N,0
CHEMBL220,CHEMBL32749,COc1cc(C=CC(=O)O)ccc1O,KSEBMYQBYZTDHS-UHFFFAOYSA-N,0
CHEMBL220,CHEMBL481657,CC1(C)Oc2cc3oc(=O)ccc3cc2CC1O,BGXFQDFSVDZUIW-UHFFFAOYSA-N,0
CHEMBL220,CHEMBL1915762,CC(CCC(O)C(C)(C)O)C1CCC2(C)C3=CCC4C(C)(CCC(O)C4(C)C)C3=CCC12C,BLTRPNNWBNKAEH-UHFFFAOYSA-N,0
CHEMBL220,CHEMBL465514,CC(CC(=O)CC(C)C1CC(=O)C2(C)C3=C(C(=O)CC12C)C1(C)CCC(=O)C(C)(C)C1CC3=O)C(=O)O,VBGDQDJVTLQGNO-UHFFFAOYSA-N,0
CHEMBL220,CHEMBL442813,CC(C)(O)C1Cc2cc3ccc(=O)oc3cc2O1,FWYSBEAFFPBAQU-UHFFFAOYSA-N,0
CHEMBL220,CHEMBL481658,CC(C)=CC(=O)OC1Cc2cc3ccc(=O)oc3cc2OC1(C)C,CUKSFECWKQBVED-UHFFFAOYSA-N,0
CHEMBL220,CHEMBL502689,CC(C)=CCc1cc2ccc(=O)oc2cc1O,FIDUIAPDSKSUGO-UHFFFAOYSA-N,0
CHEMBL220,CHEMBL513279,COc1cc(OCC=C(C)C)c2ccc(=O)oc2c1,HSJZJYCOXHKDBJ-UHFFFAOYSA-N,0
CHEMBL220,CHEMBL303846,CC1(C)C=Cc2cc3ccc(=O)oc3cc2O1,QOTBQNVNUBKJMS-UHFFFAOYSA-N,0
CHEMBL220,CHEMBL417799,C[n+]1cc2c3c(ccc2c2ccc4cc5c(cc4c21)OCO5)OCO3,INVGWHRKADIJHF-UHFFFAOYSA-N,1
CHEMBL220,CHEMBL1915758,COC(=O)C(C)CC(=O)CC(C)C1CC2OC(C)(C)OC3CC4C(C)(C)C(=O)CCC4(C)C4=C3C2(C)C1(C)CC4=O,UPFROXHCAPHGNO-UHFFFAOYSA-N,0
CHEMBL220,CHEMBL512830,COC(=O)CCC(C)C1CC(=O)C2(C)C3=C(C(=O)C(OC(C)=O)C12C)C1(C)CCC(O)C(C)(C)C1CC3=O,GWCYTRLXOGOLBZ-UHFFFAOYSA-N,0
CHEMBL220,CHEMBL328085,O=C(OC1Cc2c(O)cc(O)cc2OC1c1ccc(O)c(O)c1)c1cc(O)c(O)c(O)c1,LSHVYAFMTMFKBA-UHFFFAOYSA-N,0
CHEMBL220,CHEMBL1424,O=c1[nH]c(=O)c2nc[nH]c2[nH]1,LRFVTYWOQMYALW-UHFFFAOYSA-N,1
CHEMBL220,CHEMBL5080190,COc1cc2c[n+]3c(cc2c(CO)c1OC)-c1c(cc2c(c1OC)OCO2)CC3,YBDPGYNCDXZFOS-UHFFFAOYSA-N,0
CHEMBL220,CHEMBL113,Cn1c(=O)c2c(ncn2C)n(C)c1=O,RYYVLZVUVIJVGH-UHFFFAOYSA-N,1
CHEMBL220,CHEMBL326294,O=C1Nc2ccccc2C1=O,JXDYKVIHCLTXOP-UHFFFAOYSA-N,0
CHEMBL220,CHEMBL448359,O=C1CCC(O)c2cccc(O)c21,ZXYYTDCENDYKBR-UHFFFAOYSA-N,0
CHEMBL220,CHEMBL5219563,CC=C1CN2CCc3c([nH]c4ccccc34)C2CC1C(=COC)C(=O)OC,VAMJZLUOKJRHOW-UHFFFAOYSA-N,0
CHEMBL220,CHEMBL40275,O=C1c2cccc(O)c2C(=O)c2c(O)cc(CO)cc21,YDQWDHRMZQUTBA-UHFFFAOYSA-N,0
CHEMBL220,CHEMBL256497,COc1cc(=O)[nH]c2c(OC)cccc12,HPPSTURWGYFXQN-UHFFFAOYSA-N,0
CHEMBL220,CHEMBL607537,COc1cc2oc(=O)ccc2c(OC)c1OC,FOBNRKTURPWTQX-UHFFFAOYSA-N,0
CHEMBL220,CHEMBL400257,COc1c2[nH]c3occc3c(OC)c-2ccc1=O,WXPKAFIGBNLGNT-UHFFFAOYSA-N,0
CHEMBL220,CHEMBL21396,COc1ccc2c(OC)c3ccoc3nc2c1OC,SLSIBLKBHNKZTB-UHFFFAOYSA-N,0
