target_chembl_id,compound_chembl_id,c_smiles,noiso_InChIKey,active_label
CHEMBL4302,CHEMBL1229,CCOC(=O)C1=CC(OC(CC)CC)C(NC(C)=O)C(N)C1,VSZGPKBBMSAYNT-UHFFFAOYSA-N,0
CHEMBL4302,CHEMBL1385840,CC(C)C1C(=O)N2CCCC2C2(O)OC(NC(=O)C3C=C4c5cccc6[nH]cc(c56)CC4N(C)C3)(C(C)C)C(=O)N12,UJYGDMFEEDNVBF-UHFFFAOYSA-N,0
CHEMBL4302,CHEMBL3358048,CCC1CN(C)C2Cc3c([nH]c4ccccc34)C(=O)CC1C2C(=O)OC,FFVRRQMGGGTQRH-UHFFFAOYSA-N,0
CHEMBL4302,CHEMBL296411,COc1ccc(C=Cc2cc(OC)cc(OC)c2)cc1,GDHNBPHYVRHYCC-UHFFFAOYSA-N,1
CHEMBL4302,CHEMBL6,COc1ccc2c(c1)c(CC(=O)O)c(C)n2C(=O)c1ccc(Cl)cc1,CGIGDMFJXJATDK-UHFFFAOYSA-N,0
CHEMBL4302,CHEMBL43185,O=C(C=CC=Cc1ccc2c(c1)OCO2)N1CCCCC1,MXXWOMGUGJBKIW-UHFFFAOYSA-N,0
CHEMBL4302,CHEMBL504936,COc1ccc2cc1Oc1ccc(cc1)CC1c3cc(c(OC)cc3CCN1C)Oc1c(OC)c(OC)c(OC)c3c1C(C2)N(C)CC3,FUZMQNZACIFDBL-UHFFFAOYSA-N,1
CHEMBL4302,CHEMBL53463,COc1cccc2c1C(=O)c1c(O)c3c(c(O)c1C2=O)CC(O)(C(=O)CO)CC3OC1CC(N)C(O)C(C)O1,AOJJSUZBOXZQNB-UHFFFAOYSA-N,1
CHEMBL4302,CHEMBL64391,CCC(C)n1ncn(-c2ccc(N3CCN(c4ccc(OCC5COC(Cn6cncn6)(c6ccc(Cl)cc6Cl)O5)cc4)CC3)cc2)c1=O,VHVPQPYKVGDNFY-UHFFFAOYSA-N,1
CHEMBL4302,CHEMBL75169,COc1ccc(-c2oc3cc(OC)cc(OC)c3c(=O)c2OC)c(OC)c1,KPJGABLCRGWDRB-UHFFFAOYSA-N,0
CHEMBL4302,CHEMBL19032,COc1cc(OC)c2c(=O)c(OC)c(-c3ccc(OC)c(OC)c3)oc2c1,ALGDHWVALRSLBT-UHFFFAOYSA-N,0
CHEMBL4302,CHEMBL932,OCCN(CCO)c1nc(N2CCCCC2)c2nc(N(CCO)CCO)nc(N3CCCCC3)c2n1,IZEKFCXSFNUWAM-UHFFFAOYSA-N,0
CHEMBL4302,CHEMBL112570,CC(C)CCCC(C)C1CCC2C3CC=C4CC(O)CCC4(C)C3CCC12C,HVYWMOMLDIMFJA-UHFFFAOYSA-N,1
CHEMBL4302,CHEMBL17157,CC(C)(C)c1ccc(C(O)CCCN2CCC(C(O)(c3ccccc3)c3ccccc3)CC2)cc1,GUGOEEXESWIERI-UHFFFAOYSA-N,1
CHEMBL4302,CHEMBL103,CC(=O)C1CCC2C3CCC4=CC(=O)CCC4(C)C3CCC12C,RJKFOVLPORLFTN-UHFFFAOYSA-N,0
CHEMBL4302,CHEMBL139702,C=CC(C)(C)c1cc(C=CC(=O)c2ccc(O)cc2)c(OC)cc1O,KAZSKMJFUPEHHW-UHFFFAOYSA-N,0
CHEMBL4302,CHEMBL639,CN1CCCC(n2nc(Cc3ccc(Cl)cc3)c3ccccc3c2=O)CC1,MBUVEWMHONZEQD-UHFFFAOYSA-N,0
CHEMBL4302,CHEMBL458131,COc1c(C(=O)C=C(O)c2ccccc2)ccc2occc12,IHWPQGIYXJKCOV-UHFFFAOYSA-N,0
CHEMBL4302,CHEMBL452751,COc1c2ccoc2c(OCC=C(C)C)c2oc(=O)ccc12,BMLZFLQMBMYVHG-UHFFFAOYSA-N,0
CHEMBL4302,CHEMBL52229,COc1ccc2ccc(=O)oc2c1CC=C(C)C,MBRLOUHOWLUMFF-UHFFFAOYSA-N,0
CHEMBL4302,CHEMBL3596581,C=CC(C)(C)c1cc2cc3c(cc2oc1=O)OC(C)(C)C=C3,DWYNSYAYGXNRPD-UHFFFAOYSA-N,0
CHEMBL4302,CHEMBL52606,C=CC1(C)CC(=O)C2(O)C(C)(O1)C(OC(C)=O)C(O)C1C(C)(C)CCC(O)C12C,OHCQJHSOBUTRHG-UHFFFAOYSA-N,0
CHEMBL4302,CHEMBL998,CCOC(=O)N1CCC(=C2c3ccc(Cl)cc3CCc3cccnc32)CC1,JCCNYMKQOSZNPW-UHFFFAOYSA-N,0
CHEMBL4302,CHEMBL495060,CC(=O)OC1CCC(C)C23OC(C)(C)C(CC(OC(=O)c4ccccc4)C12C)C3OC(=O)c1ccccc1,CWAUWHSITVGXFR-UHFFFAOYSA-N,1
CHEMBL4302,CHEMBL3596578,CC=C(C)C(=O)OC1c2c(ccc3ccc(=O)oc23)OC(C)(C)C1OC(=O)C(C)=CC,PNTWXEIQXBRCPS-UHFFFAOYSA-N,0
CHEMBL4302,CHEMBL1487,CC(C)c1c(C(=O)Nc2ccccc2)c(-c2ccccc2)c(-c2ccc(F)cc2)n1CCC(O)CC(O)CC(=O)O,XUKUURHRXDUEBC-UHFFFAOYSA-N,0
CHEMBL4302,CHEMBL116438,COc1cc(C=CC(=O)C=C(O)C=Cc2ccc(O)c(OC)c2)ccc1O,ZIUSSTSXXLLKKK-UHFFFAOYSA-N,0
CHEMBL4302,CHEMBL453805,CC(C)=CCOc1c2occc2cc2ccc(=O)oc12,OLOOJGVNMBJLLR-UHFFFAOYSA-N,0
CHEMBL4302,CHEMBL4854885,CC(=O)OC1CC(C)C23OC(C)(C)C(CC(OC(=O)c4ccccc4)C2(C)C1OC(C)=O)C3OC(=O)c1ccccc1,KYEKMLQQOXNBSD-UHFFFAOYSA-N,1
CHEMBL4302,CHEMBL23,COc1ccc(C2Sc3ccccc3N(CCN(C)C)C(=O)C2OC(C)=O)cc1,HSUGRBWQSSZJOP-UHFFFAOYSA-N,0
CHEMBL4302,CHEMBL165,Oc1ccc(C=Cc2cc(O)cc(O)c2)cc1,LUKBXSAWLPMMSZ-UHFFFAOYSA-N,0
CHEMBL4302,CHEMBL297453,O=C(OC1Cc2c(O)cc(O)cc2OC1c1cc(O)c(O)c(O)c1)c1cc(O)c(O)c(O)c1,WMBWREPUVVBILR-UHFFFAOYSA-N,1
CHEMBL4302,CHEMBL442,CN1CC(C(=O)NC2(C)OC3(O)C4CCCN4C(=O)C(Cc4ccccc4)N3C2=O)C=C2c3cccc4[nH]cc(c34)CC21,XCGSFFUVFURLIX-UHFFFAOYSA-N,0
CHEMBL4302,CHEMBL446315,CC(C)C1(NC(=O)C2C=C3c4cccc5[nH]cc(c45)CC3N(C)C2)OC2(O)C3CCCN3C(=O)C(Cc3ccccc3)N2C1=O,HEFIYUQVAZFDEE-UHFFFAOYSA-N,0
CHEMBL4302,CHEMBL75,CC(=O)N1CCN(c2ccc(OCC3COC(Cn4ccnc4)(c4ccc(Cl)cc4Cl)O3)cc2)CC1,XMAYWYJOQHXEEK-UHFFFAOYSA-N,1
CHEMBL4302,CHEMBL83527,COc1cc(C=Cc2ccc(O)cc2)cc(OC)c1,VLEUZFDZJKSGMX-UHFFFAOYSA-N,0
CHEMBL4302,CHEMBL1380,Nc1nc(NC2CC2)c2ncn(C3C=CC(CO)C3)c2n1,MCGSCOLBFJQGHM-UHFFFAOYSA-N,0
CHEMBL4302,CHEMBL939,COc1cc2ncnc(Nc3ccc(F)c(Cl)c3)c2cc1OCCCN1CCOCC1,XGALLCVXEZPNRQ-UHFFFAOYSA-N,0
CHEMBL4302,CHEMBL493,CC(C)CC1C(=O)N2CCCC2C2(O)OC(NC(=O)C3C=C4c5cccc6[nH]c(Br)c(c56)CC4N(C)C3)(C(C)C)C(=O)N12,OZVBMTJYIDMWIL-UHFFFAOYSA-N,1
CHEMBL4302,CHEMBL532,CCC1OC(=O)C(C)C(OC2CC(C)(OC)C(O)C(C)O2)C(C)C(OC2OC(C)CC(N(C)C)C2O)C(C)(O)CC(C)C(=O)C(C)C(O)C1(C)O,ULGZDMOVFRHVEP-UHFFFAOYSA-N,0
CHEMBL4302,CHEMBL115,CC(C)(C)NC(=O)C1CN(Cc2cccnc2)CCN1CC(O)CC(Cc1ccccc1)C(=O)NC1c2ccccc2CC1O,CBVCZFGXHXORBI-UHFFFAOYSA-N,0
CHEMBL4302,CHEMBL119443,CC(CO)NC(=O)C1C=C2c3cccc4[nH]cc(c34)CC2N(C)C1,WVVSZNPYNCNODU-UHFFFAOYSA-N,0
CHEMBL4302,CHEMBL3218368,CC(=O)OCC1OC(Sc2ccccc2)C(OC(C)=O)C(OC(C)=O)C1OC(C)=O,JCKOUAWEMPKIAT-UHFFFAOYSA-N,0
CHEMBL4302,CHEMBL106,OC(Cn1cncn1)(Cn1cncn1)c1ccc(F)cc1F,RFHAOTPXVQNOHP-UHFFFAOYSA-N,0
CHEMBL4302,CHEMBL107,COc1cc2c(c(OC)c1OC)-c1ccc(OC)c(=O)cc1C(NC(C)=O)CC2,IAKHMKGGTNLKSZ-UHFFFAOYSA-N,0
CHEMBL4302,CHEMBL1751,CC1OC(OC2C(O)CC(OC3C(O)CC(OC4CCC5(C)C(CCC6C5CC(O)C5(C)C(C7=CC(=O)OC7)CCC65O)C4)OC3C)OC2C)CC(O)C1O,LTMHDMANZUZIPE-UHFFFAOYSA-N,0
CHEMBL4302,CHEMBL67,COc1ccc(C=Cc2cc(OC)c(OC)c(OC)c2)cc1O,HVXBOLULGPECHP-UHFFFAOYSA-N,1
CHEMBL4302,CHEMBL309490,O=c1c(O)c(-c2ccccc2)oc2cc(O)cc(O)c12,VCCRNZQBSJXYJD-UHFFFAOYSA-N,1
CHEMBL4302,CHEMBL54,O=C(CCCN1CCC(O)(c2ccc(Cl)cc2)CC1)c1ccc(F)cc1,LNEPOXFFQSENCJ-UHFFFAOYSA-N,1
CHEMBL4302,CHEMBL164841,COc1cc(O)c2c(=O)cc(-c3ccccc3)oc2c1,IRZVHDLBAYNPCT-UHFFFAOYSA-N,1
CHEMBL4302,CHEMBL197,COc1ccc(CCN(C)CCCC(C#N)(c2ccc(OC)c(OC)c2)C(C)C)cc1OC,SGTNSNPWRIOYBX-UHFFFAOYSA-N,1
CHEMBL4302,CHEMBL384467,CC1CC2C3CCC4=CC(=O)C=CC4(C)C3(F)C(O)CC2(C)C1(O)C(=O)CO,UREBDLICKHMUKA-UHFFFAOYSA-N,0
CHEMBL4302,CHEMBL389621,CC12CCC(=O)C=C1CCC1C2C(O)CC2(C)C1CCC2(O)C(=O)CO,JYGXADMDTFJGBT-UHFFFAOYSA-N,0
CHEMBL4302,CHEMBL294009,O=c1c(O)c(-c2ccccc2)oc2ccccc12,HVQAJTFOCKOKIN-UHFFFAOYSA-N,1
CHEMBL4302,CHEMBL117,O=c1cc(-c2ccccc2)oc2cc(O)cc(O)c12,RTIXKCRFFJGDFG-UHFFFAOYSA-N,1
CHEMBL4302,CHEMBL347534,COC(=O)c1ccccc1-c1c2ccc(=N)cc-2oc2cc(N)ccc12,FCGVBHISQBBIQF-UHFFFAOYSA-N,1
CHEMBL4302,CHEMBL76553,COc1cc2oc(-c3ccccc3)cc(=O)c2c(O)c1C,QXJMWAGIFVRLTO-UHFFFAOYSA-N,1
CHEMBL4302,CHEMBL452861,CC(C)NCC(O)COc1cccc2ccccc12,AQHHHDLHHXJYJD-UHFFFAOYSA-N,0
CHEMBL4302,CHEMBL809,CNC1CCC(c2ccc(Cl)c(Cl)c2)c2ccccc21,VGKDLMBJGBXTGI-UHFFFAOYSA-N,0
CHEMBL4302,CHEMBL28,O=c1cc(-c2ccc(O)cc2)oc2cc(O)cc(O)c12,KZNIFHPLKGYRTM-UHFFFAOYSA-N,1
CHEMBL4302,CHEMBL41,CNCCC(Oc1ccc(C(F)(F)F)cc1)c1ccccc1,RTHCYVBBDHJXIQ-UHFFFAOYSA-N,0
CHEMBL4302,CHEMBL40919,COc1ccc(-c2oc3cc(O)cc(O)c3c(=O)c2O)cc1,SQFSKOYWJBQGKQ-UHFFFAOYSA-N,1
CHEMBL4302,CHEMBL276915,O=c1cc(-c2ccccc2)oc2cc(O)ccc12,MQGPSCMMNJKMHQ-UHFFFAOYSA-N,0
CHEMBL4302,CHEMBL1822221,COc1c(-c2ccccc2)oc2cc(O)cc(O)c2c1=O,LYISDADPVOHJBJ-UHFFFAOYSA-N,1
CHEMBL4302,CHEMBL275638,O=c1cc(-c2ccccc2)oc2ccccc12,VHBFFQKBGNRLFZ-UHFFFAOYSA-N,0
CHEMBL4302,CHEMBL13,COCCc1ccc(OCC(O)CNC(C)C)cc1,IUBSYMUCCVWXPE-UHFFFAOYSA-N,0
CHEMBL4302,CHEMBL70,CN1CCC23c4c5ccc(O)c4OC2C(O)C=CC3C1C5,BQJCRHHNABKAKU-UHFFFAOYSA-N,0
CHEMBL4302,CHEMBL44657,COc1cc(C2c3cc4c(cc3C(OC3OC5COC(C)OC5C(O)C3O)C3COC(=O)C23)OCO4)cc(OC)c1O,VJJPUSNTGOMMGY-UHFFFAOYSA-N,0
CHEMBL4302,CHEMBL655,Cc1ncc2n1-c1ccc(Cl)cc1C(c1ccccc1F)=NC2,DDLIGBOFAVUZHB-UHFFFAOYSA-N,0
CHEMBL4302,CHEMBL150,O=c1c(O)c(-c2ccc(O)cc2)oc2cc(O)cc(O)c12,IYRMWMYZSQPJKC-UHFFFAOYSA-N,1
CHEMBL4302,CHEMBL44,O=c1c(-c2ccc(O)cc2)coc2cc(O)cc(O)c12,TZBJGXHYKVUXJN-UHFFFAOYSA-N,0
CHEMBL4302,CHEMBL151,O=c1cc(-c2ccc(O)c(O)c2)oc2cc(O)cc(O)c12,IQPNAANSBPBGFQ-UHFFFAOYSA-N,0
CHEMBL4302,CHEMBL193,COC(=O)C1=C(C)NC(C)=C(C(=O)OC)C1c1ccccc1[N+](=O)[O-],HYIMSNHJOBLJNT-UHFFFAOYSA-N,0
CHEMBL4302,CHEMBL77966,COc1cc(O)c2c(=O)c(OC)c(-c3ccc(OC)c(OC)c3)oc2c1,HHGPYJLEJGNWJA-UHFFFAOYSA-N,0
CHEMBL4302,CHEMBL77993,COc1ccc(-c2oc3c(OC)c(OC)c(OC)c(OC)c3c(=O)c2OC)cc1OC,SSXJHQZOHUYEGD-UHFFFAOYSA-N,0
CHEMBL4302,CHEMBL1685074,COc1c2c(c3c(c1OC)C1(OC)C4=C(C(=O)C(OC)C1(OC)O3)C(OC)CC(c1ccccc1)O4)C(O)CC(c1ccccc1)O2,XIIREHQYOZVJHT-UHFFFAOYSA-N,1
CHEMBL4302,CHEMBL74898,COc1cc(O)c2c(=O)c(OC)c(-c3ccc(OC)c(O)c3)oc2c1,KPCRYSMUMBNTCK-UHFFFAOYSA-N,0
CHEMBL4302,CHEMBL4289320,CC(C)C(=O)OC(C)(C)C1Cc2c(ccc3ccc(=O)oc23)O1,JBQHVGSHZLWWDC-UHFFFAOYSA-N,1
CHEMBL4302,CHEMBL137586,COc1ccc2oc(-c3ccccc3)cc(=O)c2c1,XZQLSABETMKIGG-UHFFFAOYSA-N,0
CHEMBL4302,CHEMBL165509,COc1cc2oc(-c3ccc(O)cc3)c(OC)c(=O)c2c(O)c1OC,YSXFFLGRZJWNFM-UHFFFAOYSA-N,0
CHEMBL4302,CHEMBL2074901,COc1cc(OC)c2c(=O)cc(-c3cc(OC)c(OC)c(OC)c3)oc2c1,GIKVSFNAEBQLGB-UHFFFAOYSA-N,1
CHEMBL4302,CHEMBL73930,COc1ccc(-c2cc(=O)c3c(OC)c(OC)c(OC)c(OC)c3o2)cc1,ULSUXBXHSYSGDT-UHFFFAOYSA-N,0
CHEMBL4302,CHEMBL370963,COc1cc(-c2cc(=O)c3c(OC)c(OC)c(OC)cc3o2)cc(OC)c1OC,DYDFNKUHYXHWFM-UHFFFAOYSA-N,1
CHEMBL4302,CHEMBL91153,COc1ccc(-c2cc(=O)c3ccccc3o2)cc1OC,ZGHORMOOTZTQFL-UHFFFAOYSA-N,1
CHEMBL4302,CHEMBL13473,COc1ccc2c(=O)cc(-c3ccc(OC)c(OC)c3)oc2c1,VSFZYCDPDWSYSS-UHFFFAOYSA-N,1
CHEMBL4302,CHEMBL1087720,COc1ccc(-c2cc(=O)c3c(OC)cc(OC)cc3o2)cc1,ZXJJBDHPUHUUHD-UHFFFAOYSA-N,1
CHEMBL4302,CHEMBL841,CN(C)C(=O)C(CCN1CCC(O)(c2ccc(Cl)cc2)CC1)(c1ccccc1)c1ccccc1,RDOIQAHITMMDAJ-UHFFFAOYSA-N,1
CHEMBL4302,CHEMBL517449,CC1(C)OC2CC(=O)OCC23C1CC(=O)C1(C)C3CCC2(C)C(c3ccoc3)OC(=O)C3OC321,KBDSLGBFQAGHBE-UHFFFAOYSA-N,0
CHEMBL4302,CHEMBL463095,COc1c(C)c(O)c(C)c(O)c1C(=O)C=Cc1ccccc1,TZEQDSMFACWASC-UHFFFAOYSA-N,0
CHEMBL4302,CHEMBL90555,CCC1(O)CC2CN(CCc3c([nH]c4ccccc34)C(C(=O)OC)(c3cc4c(cc3OC)N(C=O)C3C(O)(C(=O)OC)C(OC(C)=O)C5(CC)C=CCN6CCC43C65)C2)C1,OGWKCGZFUXNPDA-UHFFFAOYSA-N,0
CHEMBL4302,CHEMBL8260,O=c1cc(-c2ccccc2)oc2cc(O)c(O)c(O)c12,FXNFHKRTJBSTCS-UHFFFAOYSA-N,0
CHEMBL4302,CHEMBL51149,COc1ccc(CCN(C)CCCC(C#N)(c2cc(OC)c(OC)c(OC)c2)C(C)C)cc1OC,XQLWNAFCTODIRK-UHFFFAOYSA-N,1
CHEMBL4302,CHEMBL76447,COc1ccc(-c2cc(=O)c3c(OC)c(OC)c(OC)c(OC)c3o2)cc1OC,MRIAQLRQZPPODS-UHFFFAOYSA-N,0
CHEMBL4302,CHEMBL283196,O=c1cc(-c2ccccc2)oc2c1ccc1ccccc12,VFMMPHCGEFXGIP-UHFFFAOYSA-N,0
CHEMBL4302,CHEMBL1502,COc1ccnc(C[S+]([O-])c2nc3cc(OC(F)F)ccc3[nH]2)c1OC,IQPSEEYGBUAQFF-UHFFFAOYSA-N,0
CHEMBL4302,CHEMBL210276,O=c1c(O)c(-c2ccccc2)oc2cc(O)ccc12,UWQJWDYDYIJWKY-UHFFFAOYSA-N,0
CHEMBL4302,CHEMBL105310,O=C(C=Cc1ccccc1)c1ccc(O)cc1O,JUMSUVHHUVPSOY-UHFFFAOYSA-N,0
