target_chembl_id,compound_chembl_id,c_smiles,noiso_InChIKey,active_label
CHEMBL2622,CHEMBL478426,COc1c(O)c(O)c2c(=O)cc(-c3ccc(O)cc3)oc2c1OC,DAUMHRNXYGHXIC-UHFFFAOYSA-N,1
CHEMBL2622,CHEMBL319244,O=C(C=Cc1ccc(O)c(O)c1)OCCc1ccccc1,SWUARLUWKZWEBQ-UHFFFAOYSA-N,1
CHEMBL2622,CHEMBL463487,C=CCc1ccc(OC2OC(CO)C(O)C(O)C2O)c(OC)c1,VADSVXSGIFBZLI-UHFFFAOYSA-N,0
CHEMBL2622,CHEMBL504325,COc1ccc(-c2cc(=O)c3c(O)c(OC)c(O)c(OC)c3o2)cc1OC,QCOSAYZZNVASNN-UHFFFAOYSA-N,0
CHEMBL2622,CHEMBL514558,COc1cc2oc(-c3ccc(OC4OC(CO)C(O)C(O)C4O)cc3)cc(=O)c2c(O)c1OC,RETJLKUBHXTIGH-UHFFFAOYSA-N,0
CHEMBL2622,CHEMBL469,O=C(c1ccccc1)c1ccc2n1CCC2C(=O)O,OZWKMVRBQXNZKK-UHFFFAOYSA-N,1
CHEMBL2622,CHEMBL1939432,OCC1OC(c2c(O)cc(O)cc2C=Cc2ccc(O)cc2)C(O)C(O)C1O,ISYJYFWUXHMCFY-UHFFFAOYSA-N,0
CHEMBL2622,CHEMBL504167,Oc1ccc(C2Oc3cc(O)c4c5c3C2c2cc(O)cc(O)c2C(c2ccc(O)cc2)C5C(c2ccc(O)cc2)C4c2cc(O)cc(O)c2)cc1,MBGBQHRAJPLAPN-UHFFFAOYSA-N,0
CHEMBL2622,CHEMBL491366,COc1cc2oc(-c3ccc(O)c(O)c3)c(OC)c(=O)c2c(O)c1OC,BYWLLSQTJBXAPV-UHFFFAOYSA-N,1
CHEMBL2622,CHEMBL284616,O=C(C=Cc1ccc(O)c(O)c1)OC1CC(O)(C(=O)O)CC(O)C1O,CWVRJTMFETXNAD-UHFFFAOYSA-N,1
CHEMBL2622,CHEMBL479233,COc1cc(-c2cc(=O)c3c(O)c(OC)c(O)c(OC)c3o2)ccc1O,XRHHDQSPFPQKMS-UHFFFAOYSA-N,1
CHEMBL2622,CHEMBL72637,COc1cc2oc(-c3ccc(O)c(O)c3)cc(=O)c2c(O)c1OC,IMEYGBIXGJLUIS-UHFFFAOYSA-N,1
CHEMBL2622,CHEMBL289897,Nc1cccc(S(=O)(=O)NCC(=O)O)c1,BNQOCIJJZIHWLK-UHFFFAOYSA-N,0
CHEMBL2622,CHEMBL515,O=C(O)CCCc1ccc(N(CCCl)CCCl)cc1,JCKYGMPEJWAADB-UHFFFAOYSA-N,1
CHEMBL2622,CHEMBL312073,COc1ccc(-c2cc(=O)c3c(O)c(OC)c(O)c(OC)c3o2)cc1,KRFBMPVGAYGGJE-UHFFFAOYSA-N,1
CHEMBL2622,CHEMBL234316,COc1cc(-c2oc3cc(O)cc(O)c3c(=O)c2OC2OC(CO)C(O)C(O)C2O)ccc1O,CQLRUIIRRZYHHS-UHFFFAOYSA-N,1
CHEMBL2622,CHEMBL487213,COc1cc(-c2cc(=O)c3c(O)c(OC)c(OC)cc3o2)ccc1O,VKOSQMWSWLZQPA-UHFFFAOYSA-N,1
CHEMBL2622,CHEMBL348436,COc1cc2oc(-c3ccc(O)cc3)cc(=O)c2c(O)c1OC,ZIIAJIWLQUVGHB-UHFFFAOYSA-N,1
CHEMBL2622,CHEMBL476314,COc1cc2oc(-c3ccc(O)c(O)c3)cc(=O)c2c(O)c1O,QWUHUBDKQQPMQG-UHFFFAOYSA-N,1
CHEMBL2622,CHEMBL177126,O=C(C=Cc1ccc(O)c(O)c1)OC1CC(O)(C(=O)O)CC(O)C1OC(=O)C=Cc1ccc(O)c(O)c1,UFCLZKMFXSILNL-UHFFFAOYSA-N,1
CHEMBL2622,CHEMBL438292,COc1c(OC)c(OC)c2c(=O)cc(-c3ccc(O)c(O)c3)oc2c1OC,ZDLYNMZEAFURQY-UHFFFAOYSA-N,1
CHEMBL2622,CHEMBL187266,Cc1coc2c1C(=O)C(=O)c1c-2ccc2c1CCCC2(C)C,HYXITZLLTYIPOF-UHFFFAOYSA-N,1
CHEMBL2622,CHEMBL499959,COc1cc(-c2oc3cc(O)cc(O)c3c(=O)c2OC2OC(COC3OC(C)C(O)C(O)C3O)C(O)C(O)C2OC(C)=O)ccc1O,HVTVSIKZCOWXGV-UHFFFAOYSA-N,1
CHEMBL2622,CHEMBL461696,CC1C(C(=O)O)CC(O)C2(C)CCC3(C)C(=CCC4C5(C)CCC(O)C(C)(C)C5CCC43C)C12,IWVWTVWLRSUYNC-UHFFFAOYSA-N,0
CHEMBL2622,CHEMBL457951,CC1(C(=O)O)CC(O)C2(C)CCC3(C)C(=CCC4C5(C)CCC(=O)C(C)(C)C5CCC43C)C2C1,RUJQEBHXYLCSKV-UHFFFAOYSA-N,0
CHEMBL2622,CHEMBL466534,COc1cc(C2OC(c3cc(OC)c(O)c(OC)c3)C(CO)C2CO)cc(OC)c1O,WKDDUPJDCWIWAP-UHFFFAOYSA-N,0
CHEMBL2622,CHEMBL514442,CC1C(=O)CCC2C1(C)CCC1C2(C)CCC2(C)C3CC(C)(C)CCC3(C)CC(O)C12C,MYVWXXMGILJAQC-UHFFFAOYSA-N,0
CHEMBL2622,CHEMBL518044,CC1C(C(=O)O)CC(O)C2(C)CCC3(C)C(=CCC4C5(C)CCC(=O)C(C)(C)C5CCC43C)C12,QGMNTKNSMLYTKS-UHFFFAOYSA-N,0
CHEMBL2622,CHEMBL452498,CC1=C2CCC3C(C)(CCC4(C)C5CC(C)C(=O)C(O)C5(C)CCC34C)C2CC(O)C1=O,UUGCGHAFZPEHIC-UHFFFAOYSA-N,0
CHEMBL2622,CHEMBL499824,CC1OC(OC2C(Oc3c(-c4ccc(O)c(O)c4)oc4cc(O)cc(O)c4c3=O)OC(CO)C(O)C2O)C(O)C(O)C1O,FYBMGZSDYDNBFX-UHFFFAOYSA-N,0
CHEMBL2622,CHEMBL513961,CC1(C(=O)O)CC(O)C2(C)CCC3(C)C(=CCC4C5(C)CCC(O)C(C)(C)C5CCC43C)C2C1,JTBGJQZJEYVBJZ-UHFFFAOYSA-N,0
CHEMBL2622,CHEMBL399512,COc1cc(C2c3cc(O)c(OC)cc3CC(CO)C2CO)ccc1O,OGFXBIXJCWAUCH-UHFFFAOYSA-N,0
CHEMBL2622,CHEMBL311498,Oc1cc(O)c2c(c1)OC(c1ccc(O)c(O)c1)C(O)C2,PFTAWBLQPZVEMU-UHFFFAOYSA-N,0
CHEMBL2622,CHEMBL504221,CC(=O)OCC1OC(COC2(COC(C)=O)OC(COC(=O)C=Cc3ccc(O)cc3)C(OC(C)=O)C2O)C(O)C(OC(C)=O)C1OC(C)=O,IWFNDNSEUAIXJM-UHFFFAOYSA-N,0
CHEMBL2622,CHEMBL226335,CC1OC(OCC2OC(Oc3c(-c4ccc(O)c(O)c4)oc4cc(O)cc(O)c4c3=O)C(O)C(O)C2O)C(O)C(O)C1O,IKGXIBQEEMLURG-UHFFFAOYSA-N,0
CHEMBL2622,CHEMBL458132,CC1C(=O)CCC2C1(C)CCC1C2(C)CCC2(C)C3CC(C)(C(=O)O)CCC3(C)CCC12C,WHWHDGKOSUKYOV-UHFFFAOYSA-N,0
CHEMBL2622,CHEMBL432519,CC1=C(O)C(=O)C=C2C1=CC=C1C2(C)CCC2(C)C3CC(C)C(=O)CC3(C)CCC12C,WSTYNZDAOAEEKG-UHFFFAOYSA-N,0
CHEMBL2622,CHEMBL487417,O=c1cc(-c2ccc(O)cc2)oc2c(C3OC(CO)C(O)C(O)C3O)c(O)cc(O)c12,SGEWCQFRYRRZDC-UHFFFAOYSA-N,1
CHEMBL2622,CHEMBL464825,O=c1c2cc(O)c(O)cc2oc2cc(O)c(C3OC(CO)C(O)C(O)C3O)c(O)c12,AEDDIBAIWPIIBD-UHFFFAOYSA-N,1
CHEMBL2622,CHEMBL485261,COc1cc(-c2oc3cc(O)cc(O)c3c(=O)c2OC2OC(C)C(O)C(O)C2O)ccc1O,UXXAEVMOIUAYQT-UHFFFAOYSA-N,0
CHEMBL2622,CHEMBL446488,CC(=O)OC1C(Oc2c(-c3ccc(O)c(O)c3)oc3cc(O)cc(O)c3c2=O)OC(COC2OC(C)C(O)C(O)C2O)C(O)C1O,OTLZRRUHHNDQIU-UHFFFAOYSA-N,0
CHEMBL2622,CHEMBL507495,CC(=O)OCC12C(OC(=O)c3ccccc3)CC3C(OC(C)=O)C1(OC3(C)C)C(C)CC(OC(C)=O)C2O,SPZUYBGWJJYLAL-UHFFFAOYSA-N,0
CHEMBL2622,CHEMBL402213,Cc1c(O)c(O)cc2c1CCC1C2(C)CCC2(C)C3CC(C)C(=O)C(O)C3(C)CCC12C,FKARAOWYAAUAFW-UHFFFAOYSA-N,0
CHEMBL2622,CHEMBL515079,CC1C23CCC4C(C)(CCC5(C)C6CC(C)(C(=O)O)CCC6(C)CCC45C)C2CC(O)C1(O)OC3,JPAXVSRGFJVPEU-UHFFFAOYSA-N,0
CHEMBL2622,CHEMBL516320,CC1C(=O)CCC2C1(C)CCC1C2(C)CCC2(C)C3CC(C)(CO)CCC3(C)CCC12C,NAOCHKKFDYTOII-UHFFFAOYSA-N,0
CHEMBL2622,CHEMBL459197,CC1C(=O)C(O)CC2C1(C)CCC1C2(C)CCC2(C)C3CC(C)(C(=O)O)CCC3(C)CCC12C,KVLFXTHBJNNYDP-UHFFFAOYSA-N,0
CHEMBL2622,CHEMBL455365,COc1cc(C2c3c(cc(OC)c(O)c3OC)CC(CO)C2CO)cc(OC)c1O,ZDVZKBOFCHOPLM-UHFFFAOYSA-N,0
CHEMBL2622,CHEMBL50,O=c1c(O)c(-c2ccc(O)c(O)c2)oc2cc(O)cc(O)c12,REFJWTPEDVJJIY-UHFFFAOYSA-N,1
CHEMBL2622,CHEMBL455098,CC1(C)CCC2(C)CCC3(C)C(=CCC4C5(C)CCC(O)C(C)(C)C5CCC43C)C2C1,JFSHUTJDVKUMTJ-UHFFFAOYSA-N,0
CHEMBL2622,CHEMBL461060,CC1(C)CCC2(C)CCC3(C)C(=CCC4C5(C)CCC(=O)C(C)(C)C5CCC43C)C2C1,LIIFBMGUDSHTOU-UHFFFAOYSA-N,0
CHEMBL2622,CHEMBL444468,CC1OC(OCC2OC(Oc3c(-c4ccc(O)c(O)c4)oc4cc(O)cc(O)c4c3=O)C(OC3OC(C)C(O)C(O)C3O)C(O)C2O)C(O)C(O)C1O,HKNBJSRIYRDSLB-UHFFFAOYSA-N,0
CHEMBL2622,CHEMBL47386,Oc1cc(O)c2c(c1)OC(c1cc(O)c(O)c(O)c1)C(O)C2,XMOCLSLCDHWDHP-UHFFFAOYSA-N,0
CHEMBL2622,CHEMBL8798,O=C(O)CNC(=O)c1ccc2ccccc2c1,XPQCDYYJHJOAIC-UHFFFAOYSA-N,0
CHEMBL2622,CHEMBL402975,CC1=C(O)C(=O)C=C2C1=CC=C1C2(C)CCC2(C)C3CC(C)C(=O)C(O)C3(C)CCC12C,QIRUFAFQGKOTKA-UHFFFAOYSA-N,1
CHEMBL2622,CHEMBL508302,COc1cc(C2c3c(cc(OC)c(O)c3OC)CC(CO)C2CO)ccc1O,ZPRAJLPWRSLALC-UHFFFAOYSA-N,0
CHEMBL2622,CHEMBL483649,CC1C2(O)CCC3C4(C)CCC5(C)C6CC(C)(C(=O)O)CCC6(C)CCC5(C)C4CCC13CO2,ZXENWDWQTWYUGY-UHFFFAOYSA-N,0
CHEMBL2622,CHEMBL453506,CC(=O)OCC1OC(COC2(COC(C)=O)OC(COC(=O)C=Cc3ccc(O)cc3)C(O)C2O)C(O)C(OC(C)=O)C1OC(C)=O,KWQIIMNNVXVFMQ-UHFFFAOYSA-N,0
CHEMBL2622,CHEMBL461,O=C(O)CNC(=O)c1ccccc1,QIAFMBKCNZACKA-UHFFFAOYSA-N,0
CHEMBL2622,CHEMBL80679,O=C(O)CC1(CC(=O)O)CCCC1,FWPVKDFOUXHOKQ-UHFFFAOYSA-N,0
CHEMBL2622,CHEMBL82242,CC1OC(Oc2c(-c3ccc(O)c(O)c3)oc3cc(O)cc(O)c3c2=O)C(O)C(O)C1O,OXGUCUVFOIWWQJ-UHFFFAOYSA-N,1
CHEMBL2622,CHEMBL249447,O=C(C=Cc1ccc(O)c(O)c1)OC1CC(O)(C(=O)O)CC(OC(=O)C=Cc2ccc(O)c(O)c2)C1O,KRZBCHWVBQOTNZ-UHFFFAOYSA-N,1
CHEMBL2622,CHEMBL478416,COc1cc(-c2cc(=O)c3c(O)c(O)c(OC)c(OC)c3o2)ccc1O,BAIRXMVFPKLWSE-UHFFFAOYSA-N,0
CHEMBL2622,CHEMBL15770,CC1=C(CC(=O)O)c2cc(F)ccc2C1=Cc1ccc([S+](C)[O-])cc1,MLKXDPUZXIRXEP-UHFFFAOYSA-N,1
CHEMBL2622,CHEMBL165,Oc1ccc(C=Cc2cc(O)cc(O)c2)cc1,LUKBXSAWLPMMSZ-UHFFFAOYSA-N,0
CHEMBL2622,CHEMBL506678,CCC(CCC(C)C1CCC2C3CC=C4CC(OC5OC(CO)C(O)C(O)C5O)CCC4(C)C3CCC12C)C(C)C,NPJICTMALKLTFW-UHFFFAOYSA-N,0
CHEMBL2622,CHEMBL476730,COc1c(O)cc(O)c2c(=O)cc(-c3ccc(O)c(O)c3)oc12,FPSMUVCMXQTXND-UHFFFAOYSA-N,1
CHEMBL2622,CHEMBL142652,OCC1OC(Oc2cc(O)cc(C=Cc3ccc(O)cc3)c2)C(O)C(O)C1O,HSTZMXCBWJGKHG-UHFFFAOYSA-N,0
CHEMBL2622,CHEMBL479711,Oc1ccc(C2Oc3cc(O)cc4c3C2c2cc(O)cc(O)c2C(c2ccc(O)cc2)C4O)cc1,LHUHHURKGTUZHU-UHFFFAOYSA-N,0
CHEMBL2622,CHEMBL456,C=C(CC)C(=O)c1ccc(OCC(=O)O)c(Cl)c1Cl,AVOLMBLBETYQHX-UHFFFAOYSA-N,1
CHEMBL2622,CHEMBL6,COc1ccc2c(c1)c(CC(=O)O)c(C)n2C(=O)c1ccc(Cl)cc1,CGIGDMFJXJATDK-UHFFFAOYSA-N,1
CHEMBL2622,CHEMBL498879,CC1OC(OCC2OC(Oc3c(-c4ccc(O)cc4)oc4cc(O)cc(O)c4c3=O)C(O)C(O)C2O)C(O)C(O)C1O,RTATXGUCZHCSNG-UHFFFAOYSA-N,0
CHEMBL2622,CHEMBL443463,Oc1ccc(C2Oc3cc(O)cc4c3C2c2cc(O)cc3c2C(c2cc(O)cc5c2C4C(c2ccc(O)cc2)O5)C(c2ccc(O)cc2)O3)cc1,KUTVNHOAKHJJFL-UHFFFAOYSA-N,1
CHEMBL2622,CHEMBL476120,COc1c(O)c(OC)c2oc(-c3ccc(O)cc3)cc(=O)c2c1O,SYGUVOLSUJYPPS-UHFFFAOYSA-N,1
CHEMBL2622,CHEMBL595,CCc1ccc(CCOc2ccc(CC3SC(=O)NC3=O)cc2)nc1,HYAFETHFCAUJAY-UHFFFAOYSA-N,0
CHEMBL2622,CHEMBL258394,COc1cc(-c2oc3cc(O)cc(O)c3c(=O)c2OC2OC(COC3OC(C)C(O)C(O)C3O)C(O)C(O)C2O)ccc1O,UIDGLYUNOUKLBM-UHFFFAOYSA-N,0
CHEMBL2622,CHEMBL478439,COc1c(-c2ccc(O)c(O)c2)oc2cc(O)c(O)c(O)c2c1=O,QZAXKZRZMAXPSF-UHFFFAOYSA-N,1
CHEMBL2622,CHEMBL1939429,O=C1c2cc(O)cc3oc(-c4ccc(O)cc4)c(c23)-c2cc(O)cc(O)c2C1c1ccc(O)cc1,HMIFNEKPRFKIQX-UHFFFAOYSA-N,1
CHEMBL2622,CHEMBL6492,O=c1cc(-c2ccc(O)cc2O)oc2cc(O)ccc12,YBJAJJDAKYYNDB-UHFFFAOYSA-N,1
CHEMBL2622,CHEMBL1466,O=c1oc2ccccc2c(O)c1Cc1c(O)c2ccccc2oc1=O,DOBMPNYZJYQDGZ-UHFFFAOYSA-N,1
CHEMBL2622,CHEMBL514993,COc1cc2oc(-c3ccc(OC4OC(CO)C(O)C(O)C4O)c(O)c3)cc(=O)c2c(O)c1OC,GLTCTFBPNQJRQT-UHFFFAOYSA-N,1
CHEMBL2622,CHEMBL476097,COc1cc(-c2cc(=O)c3c(O)c(OC)c(OC)cc3o2)ccc1OC1OC(CO)C(O)C(O)C1O,DESCMBTYIJAXJU-UHFFFAOYSA-N,0
CHEMBL2622,CHEMBL485677,COc1cc2oc(-c3ccc(O)c(O)c3)c(OC)c(=O)c2c(O)c1O,WGWGXVOAFMLMJZ-UHFFFAOYSA-N,1
CHEMBL2622,CHEMBL2011519,CC=CC#CC#CCCCOC1OC(CO)C(O)C(O)C1O,QIFYDSMWESCVBZ-UHFFFAOYSA-N,0
CHEMBL2622,CHEMBL488025,CC1=C(CC(=O)O)c2cc(F)ccc2C1=Cc1ccc(S(C)(=O)=O)cc1,MVGSNCBCUWPVDA-UHFFFAOYSA-N,1
CHEMBL2622,CHEMBL487810,COc1c(O)cc2oc(-c3ccc(O)c(O)c3)c(OC)c(=O)c2c1O,KIGVXRGRNLQNNI-UHFFFAOYSA-N,1
CHEMBL2622,CHEMBL181896,COc1cc(O)cc2oc(-c3ccccc3)cc(=O)c12,JVEMWXSMSUNXSD-UHFFFAOYSA-N,0
CHEMBL2622,CHEMBL464107,O=c1cc(-c2ccc(O)c(O)c2)oc2cc(O)c(O)c(O)c12,VYAKIUWQLHRZGK-UHFFFAOYSA-N,1
CHEMBL2622,CHEMBL250450,O=c1c(OC2OC(CO)C(O)C(O)C2O)c(-c2ccc(O)c(O)c2)oc2cc(O)cc(O)c12,OVSQVDMCBVZWGM-UHFFFAOYSA-N,1
CHEMBL2622,CHEMBL1939430,O=C1c2cc(O)cc(O)c2C(c2ccc(O)cc2)C(O)c2cc(O)cc(O)c21,QLUPKRIWOVDUPU-UHFFFAOYSA-N,0
CHEMBL2622,CHEMBL312790,COc1c(OC)c(O)c2c(=O)cc(-c3ccc(O)c(O)c3)oc2c1OC,UWNUJPINKMRKKR-UHFFFAOYSA-N,1
CHEMBL2622,CHEMBL421,O=C(O)c1cc(N=Nc2ccc(S(=O)(=O)Nc3ccccn3)cc2)ccc1O,NCEXYHBECQHGNR-UHFFFAOYSA-N,0
CHEMBL2622,CHEMBL464507,O=c1c(OC2OCC(O)C(O)C2O)c(-c2ccc(O)c(O)c2)oc2cc(O)cc(O)c12,PZZRDJXEMZMZFD-UHFFFAOYSA-N,1
CHEMBL2622,CHEMBL44,O=c1c(-c2ccc(O)cc2)coc2cc(O)cc(O)c12,TZBJGXHYKVUXJN-UHFFFAOYSA-N,0
CHEMBL2622,CHEMBL487783,CCC(C=CC(C)C1CCC2C3=CCC4CC(O)CCC4(C)C3CCC21C)C(C)C,JZVFJDZBLUFKCA-UHFFFAOYSA-N,0
CHEMBL2622,CHEMBL476121,COc1c(OC)c(O)c2c(=O)cc(-c3ccc(O)cc3)oc2c1OC,SAMBWAJRKKEEOR-UHFFFAOYSA-N,1
CHEMBL2622,CHEMBL394855,O=C(C=Cc1ccc(O)cc1O)c1ccc(O)cc1O,ZWTDXYUDJYDHJR-UHFFFAOYSA-N,1
CHEMBL2622,CHEMBL126804,O=C(C=Cc1ccc(O)cc1)c1ccccc1O,FGPJTMCJNPRZGF-UHFFFAOYSA-N,1
CHEMBL2622,CHEMBL105310,O=C(C=Cc1ccccc1)c1ccc(O)cc1O,JUMSUVHHUVPSOY-UHFFFAOYSA-N,1
CHEMBL2622,CHEMBL128000,O=C(C=Cc1ccc(O)c(O)c1)c1ccc(O)cc1O,AYMYWHCQALZEGT-UHFFFAOYSA-N,1
CHEMBL2622,CHEMBL182653,COc1ccc(C=CC(=O)c2ccc(O)cc2O)cc1,ADRQFDIWPRFKSP-UHFFFAOYSA-N,1
CHEMBL2622,CHEMBL129795,O=C(C=Cc1ccc(O)cc1)c1ccc(O)cc1O,DXDRHHKMWQZJHT-UHFFFAOYSA-N,1
CHEMBL2622,CHEMBL2261311,C=C(C)C1CC=C(COC2OC(CO)C(O)C(O)C2O)CC1,YUTAFQVKXLDYFG-UHFFFAOYSA-N,0
CHEMBL2622,CHEMBL187460,CC1COC2=C1C(=O)C(=O)c1c2ccc2c1CCCC2(C)C,GVKKJJOMQCNPGB-UHFFFAOYSA-N,1
CHEMBL2622,CHEMBL1078550,CC12CC3(O)OC(O1)C1(COC(=O)c4ccc(O)cc4)C3CC21OC1OC(CO)C(O)C(O)C1O,FCHVXNVDFYXLIL-UHFFFAOYSA-N,0
CHEMBL2622,CHEMBL274877,Cc1ccc(C(=O)NCC(=O)O)cc1,NRSCPTLHWVWLLH-UHFFFAOYSA-N,0
CHEMBL2622,CHEMBL3349183,C=C(C)C1CCC(COC2OC(CO)C(O)C(O)C2O)CC1,MONAHUOUARCHLM-UHFFFAOYSA-N,0
CHEMBL2622,CHEMBL2261552,CC(C)c1ccc2c(c1)CCC1C(C)(CO)CCCC21C,WSKGRAGZAQRSED-UHFFFAOYSA-N,0
CHEMBL2622,CHEMBL1077642,CC12CC3(O)OC(O1)C1(COC(=O)c4ccccc4)C3CC21OC1OC(COC(=O)c2cc(O)c(O)c(O)c2)C(O)C(O)C1O,KLFIUQCKSSAFFU-UHFFFAOYSA-N,0
CHEMBL2622,CHEMBL1079224,CC12CC3(O)OC(O1)C1(COC(=O)c4ccccc4)C3CC21OC1OC(COC(=O)c2ccc(O)cc2)C(O)C(O)C1O,HMSMTLNPCAHHGP-UHFFFAOYSA-N,0
CHEMBL2622,CHEMBL1080061,COc1ccc(C(C)=O)c(OC2OC(COC3OCC(O)C(O)C3O)C(O)C(O)C2O)c1,IDZZECHGWAZTIB-UHFFFAOYSA-N,0
CHEMBL2622,CHEMBL2261308,O=C(C=Cc1ccc(O)c2c1C(C(=O)OC(Cc1ccc(O)c(O)c1)C(=O)O)C(c1ccc(O)c(O)c1)O2)OC(Cc1ccc(O)c(O)c1)C(=O)O,SNKFFCBZYFGCQN-UHFFFAOYSA-N,1
CHEMBL2622,CHEMBL1079227,COc1ccc(C(C)=O)c(O)c1,UILPJVPSNHJFIK-UHFFFAOYSA-N,0
CHEMBL2622,CHEMBL1078549,CC12CC3(O)OC(O1)C1(COC(=O)c4ccccc4)C3CC21OC1OC(CO)C(O)C(O)C1O,YKRGDOXKVOZESV-UHFFFAOYSA-N,0
CHEMBL2622,CHEMBL2261554,CC(=O)c1c(O)cc(O)cc1OC1OC(COC(=O)c2cc(O)c(O)c(O)c2)C(O)C(O)C1O,GXHABJFCOYOIBY-UHFFFAOYSA-N,0
CHEMBL2622,CHEMBL2261306,CC(=O)CC1(O)C(=O)C2=C(OCC2C)c2ccc3c(C)cccc3c21,WQYKPUPMMFGHQW-UHFFFAOYSA-N,1
CHEMBL2622,CHEMBL227075,Cc1cccc2c3c(ccc12)C1=C(C(=O)C3=O)C(C)CO1,HARGZZNYNSYSGJ-UHFFFAOYSA-N,1
CHEMBL2622,CHEMBL324842,O=C(C=Cc1ccc(O)c(O)c1)OC(Cc1ccc(O)c(O)c1)C(=O)O,DOUMFZQKYFQNTF-UHFFFAOYSA-N,1
CHEMBL2622,CHEMBL228326,COc1cc(C2OC(c3ccc(O)c(OC)c3)C(C)C2C)ccc1O,GMXMKSFJQLFOSO-UHFFFAOYSA-N,0
CHEMBL2622,CHEMBL1081326,C=C1CCC2(C(=O)O)CCC3(C)C(=CCC4C5(C)CCC(O)C(C)(CO)C5CCC43C)C2C1,FKUBIEWSGBVADJ-UHFFFAOYSA-N,0
CHEMBL2622,CHEMBL2261557,CC1(C)CC2C1CCC1(C)CC2(O)CCC1O,SFJOMLIUSIKKRA-UHFFFAOYSA-N,0
CHEMBL2622,CHEMBL185885,O=Cc1ccc(CO)o1,NOEGNKMFWQHSLB-UHFFFAOYSA-N,0
CHEMBL2622,CHEMBL2261570,COc1cc2c(c(O)c1C)COC(C)C2,OQMJILQCXYKZEM-UHFFFAOYSA-N,0
CHEMBL2622,CHEMBL1078184,CCCCOC12CC3(C)OC(O1)C1(COC(=O)c4ccccc4)C2CC31OC1OC(CO)C(O)C(O)C1O,WZGDJBIFNLWZEF-UHFFFAOYSA-N,0
CHEMBL2622,CHEMBL1077641,CC12CC3(O)OC(O1)C1(COC(=O)c4ccccc4)C3CC21OC1OC(COC(=O)c2ccccc2)C(O)C(O)C1O,LATYEZNGPQKAIK-UHFFFAOYSA-N,0
CHEMBL2622,CHEMBL1079881,COc1ccc(C(C)=O)c(OC2OC(CO)C(O)C(O)C2O)c1,AVIUTYMRHHBXPB-UHFFFAOYSA-N,0
CHEMBL2622,CHEMBL363535,Cc1coc2c1C(=O)C(=O)c1c-2ccc2c(C)cccc12,AIGAZQPHXLWMOJ-UHFFFAOYSA-N,1
CHEMBL2622,CHEMBL2261553,CC(C)c1ccc2c(c1)CCC1C(C)(C(=O)O)CCCC21C,NFWKVWVWBFBAOV-UHFFFAOYSA-N,0
CHEMBL2622,CHEMBL1079225,CC12CC3(O)OC(O1)C1(COC(=O)c4ccc(O)cc4)C3CC21OC1OC(COC(=O)c2ccccc2)C(O)C(O)C1O,VIWQCBZFJFSCLC-UHFFFAOYSA-N,0
CHEMBL2622,CHEMBL6246,O=c1oc2c(O)c(O)cc3c(=O)oc4c(O)c(O)cc1c4c23,AFSDNFLWKVMVRB-UHFFFAOYSA-N,1
CHEMBL2622,CHEMBL2261556,CC1(C)CC(O)C23CCC(O)C(C)(CCC12)C3,BWXJQHJHGMZLBT-UHFFFAOYSA-N,0
CHEMBL2622,CHEMBL2261307,CC(=O)CC1(O)C(=O)C2=C(OCC2C)c2ccc3c(c21)CCCC3(C)C,KZLPKGGMSDHTRS-UHFFFAOYSA-N,1
CHEMBL2622,CHEMBL1079882,COc1ccc(C(C)=O)c(OC2OC(COC3OCC(O)(CO)C3O)C(O)C(O)C2O)c1,IRLNKOAURQPXIQ-UHFFFAOYSA-N,0
CHEMBL2622,CHEMBL2261559,COc1cc2c(c(OC)c1OC)-c1c(cc(O)c(OC)c1OC)CC(C)C(C)C2O,FNANNZAGLCKFOL-UHFFFAOYSA-N,0
CHEMBL2622,CHEMBL575924,CC1(C)C(O)CCC2(C)C1CCC1(C)C2C=CC2=C(O)C(=O)C(=O)C21C,KIAKLFLISZCITK-UHFFFAOYSA-N,0
CHEMBL2622,CHEMBL390741,Cc1cccc2c3c(ccc12)C(=O)C(C(C)CO)=C(O)C3=O,MHCXKYJBQMJPRJ-UHFFFAOYSA-N,1
CHEMBL2622,CHEMBL1077668,CC12CC(=O)C3CC1(O)OC(O2)C3COC(=O)c1ccccc1,BANPEMKDTXIFRE-UHFFFAOYSA-N,0
CHEMBL2622,CHEMBL12252,Cc1cc(=O)oc2cc(O)cc(O)c12,QNVWGEJMXOQQPM-UHFFFAOYSA-N,0
CHEMBL2622,CHEMBL254213,O=C(O)C1OC(Oc2cc(O)c3c(=O)cc(-c4ccc(O)cc4)oc3c2)C(O)C(O)C1O,JBFOLLJCGUCDQP-UHFFFAOYSA-N,1
CHEMBL2622,CHEMBL151,O=c1cc(-c2ccc(O)c(O)c2)oc2cc(O)cc(O)c12,IQPNAANSBPBGFQ-UHFFFAOYSA-N,1
CHEMBL2622,CHEMBL233930,O=c1c(OC2OC(CO)C(O)C(O)C2O)c(-c2ccc(O)cc2)oc2cc(O)cc(O)c12,JPUKWEQWGBDDQB-UHFFFAOYSA-N,1
CHEMBL2622,CHEMBL12208,Cc1cc(=O)oc2cc(O)ccc12,HSHNITRMYYLLCV-UHFFFAOYSA-N,0
CHEMBL2622,CHEMBL28,O=c1cc(-c2ccc(O)cc2)oc2cc(O)cc(O)c12,KZNIFHPLKGYRTM-UHFFFAOYSA-N,1
CHEMBL2622,CHEMBL150,O=c1c(O)c(-c2ccc(O)cc2)oc2cc(O)cc(O)c12,IYRMWMYZSQPJKC-UHFFFAOYSA-N,1
CHEMBL2622,CHEMBL434750,CC(C)C(C)C=CC(C)C1CCC2C1(C)CCC1C23C=CC2(CC(O)CCC12C)OO3,VXOZCESVZIRHCJ-UHFFFAOYSA-N,0
