target_chembl_id,compound_chembl_id,c_smiles,noiso_InChIKey,active_label
CHEMBL340,CHEMBL4078418,CC(C)=CCc1cc(C2CC(=O)c3ccc(O)c(CC=C(C)C)c3O2)ccc1O,CUFAXDWQDQQKFF-UHFFFAOYSA-N,0
CHEMBL340,CHEMBL272980,Nc1ccccc1NC(=O)c1ccc(CNc2nccc(-c3cccnc3)n2)cc1,HRNLUBSXIHFDHP-UHFFFAOYSA-N,1
CHEMBL340,CHEMBL295698,CC(=O)N1CCN(c2ccc(OCC3COC(Cn4ccnc4)(c4ccc(Cl)cc4Cl)O3)cc2)CC1,XMAYWYJOQHXEEK-UHFFFAOYSA-N,1
CHEMBL340,CHEMBL1078442,CC(C)=CCCC(C)=CCOc1c2ccoc2cc2oc(=O)ccc12,DBMJZOMNXBSRED-UHFFFAOYSA-N,1
CHEMBL340,CHEMBL242011,O=C1OCC(Cc2ccc3c(c2)OCO3)C1Cc1ccc2c(c1)OCO2,DDWGQGZPYDSYEL-UHFFFAOYSA-N,1
CHEMBL340,CHEMBL454471,CCC(C)n1ncn(-c2ccc(N3CCN(c4ccc(OCC5COC(Cn6cncn6)(c6ccc(Cl)cc6Cl)O5)cc4)CC3)cc2)c1=O,VHVPQPYKVGDNFY-UHFFFAOYSA-N,1
CHEMBL340,CHEMBL486597,OCC(Cc1ccc2c(c1)OCO2)C(CO)Cc1ccc2c(c1)OCO2,JKCVMTYNARDGET-UHFFFAOYSA-N,1
CHEMBL340,CHEMBL263179,CC(C)c1nc(COC(=O)NC(C(=O)NC(Cc2ccccc2)C(O)CN2CCN(Cc3cncs3)CC2C(=O)NC(C)(C)C)C(C)C)cs1,SJOJFTCKJRUNRE-UHFFFAOYSA-N,0
CHEMBL340,CHEMBL450829,COc1cc(OC)c(C(=O)C(C)=O)cc1OC,UUZQHDNTPXKEID-UHFFFAOYSA-N,0
CHEMBL340,CHEMBL479701,COc1cc(CC2C(Cc3ccc4c(c3)OCO4)COC2O)cc(OC)c1OC,SOCNBZCAGNYAED-UHFFFAOYSA-N,1
CHEMBL340,CHEMBL482233,COc1cc(CC2C(Cc3cc(OC)c4c(c3)OCO4)COC2O)cc(OC)c1OC,ADGULOHTKSMBCP-UHFFFAOYSA-N,1
CHEMBL340,CHEMBL399831,OC1OCC(Cc2ccc3c(c2)OCO3)C1Cc1ccc2c(c1)OCO2,DIYWRNLYKJKHAM-UHFFFAOYSA-N,1
CHEMBL340,CHEMBL333306,CC=Cc1cc(OC)c(OC)cc1OC,RKFAZBXYICVSKP-UHFFFAOYSA-N,0
CHEMBL340,CHEMBL64,NNC(=O)c1ccncc1,QRXWMOHMRWLFEY-UHFFFAOYSA-N,0
CHEMBL340,CHEMBL480295,CCOc1cc(CC2COC(O)C2Cc2cc(OC)c(OC)c(OC)c2)cc2c1OCO2,PPKABVGOUVBEEX-UHFFFAOYSA-N,1
CHEMBL340,CHEMBL515252,O=c1c(-c2c(O)cc(O)c3c(=O)cc(-c4ccc(O)cc4)oc23)c(-c2ccc(O)cc2)oc2cc(O)cc(O)c12,IQAMTZLKUHMPPE-UHFFFAOYSA-N,1
CHEMBL340,CHEMBL116438,COc1cc(C=CC(=O)C=C(O)C=Cc2ccc(O)c(OC)c2)ccc1O,ZIUSSTSXXLLKKK-UHFFFAOYSA-N,0
CHEMBL340,CHEMBL480296,COc1cc(CC2COC(O)C2Cc2cc(OC)c(OC)c(OC)c2)cc(OC)c1OC,PIYHDSUVUSVLGU-UHFFFAOYSA-N,0
CHEMBL340,CHEMBL501711,CC(C)=CCCC1(C)C(CC=C(C)C)CC2(CC=C(C)C)C(=O)C1(C(=O)C(C)C)C(=O)C(CC=C(C)C)=C2O,KGSZHKRKHXOAMG-UHFFFAOYSA-N,1
CHEMBL340,CHEMBL147806,CC(C)(C)NCc1ccc(Nc2ccnc3cc(Cl)ccc23)cc1O,ZVMMVSSEAMUNGI-UHFFFAOYSA-N,0
CHEMBL340,CHEMBL567597,CC1CCC2C(C)C(=O)OC3OC4(C)CCC1C32OO4,BLUAFEHZUWYNDE-UHFFFAOYSA-N,0
CHEMBL340,CHEMBL447955,CC(OC1CCC2CN(C3=CC(=O)CC3)CC2C1c1ccc(F)cc1)c1cc(C(F)(F)F)cc(C(F)(F)F)c1,FLNYCRJBCNNHRH-UHFFFAOYSA-N,0
CHEMBL340,CHEMBL2095208,CC(C)c1nc(CN(C)C(=O)NC(CCN2CCOCC2)C(=O)NC(CCC(Cc2ccccc2)NC(=O)OCc2cncs2)Cc2ccccc2)cs1,ZCIGNRJZKPOIKD-UHFFFAOYSA-N,1
CHEMBL340,CHEMBL163,CC(C)c1nc(CN(C)C(=O)NC(C(=O)NC(Cc2ccccc2)CC(O)C(Cc2ccccc2)NC(=O)OCc2cncs2)C(C)C)cs1,NCDNCNXCDXHOMX-UHFFFAOYSA-N,1
CHEMBL340,CHEMBL294029,CC(c1nc(-c2ccc(C#N)cc2)cs1)C(O)(Cn1cncn1)c1ccc(F)cc1F,OPAHEYNNJWPQPX-UHFFFAOYSA-N,1
CHEMBL340,CHEMBL486179,CN1CCc2cc3c(cc2C(=O)Cc2cc4c(cc2C1)OCO4)OCO3,ZAALQOFZFANFTF-UHFFFAOYSA-N,0
CHEMBL340,CHEMBL404875,COc1cc2c(c(OC)c1OC)-c1c(cc3c(c1OC)OCO3)CC(C)C(C)(O)C2OC(=O)c1ccccc1,UFCGDBKFOKKVAC-UHFFFAOYSA-N,1
CHEMBL340,CHEMBL1403281,CC(C)CC1C(=O)N2CCCC2C2(O)OC(NC(=O)C3C=C4c5cccc6[nH]cc(c56)CC4N(C)C3)(C(C)C)C(=O)N12,YDOTUXAWKBPQJW-UHFFFAOYSA-N,1
CHEMBL340,CHEMBL456807,NNc1ccccc1,HKOOXMFOFWEVGF-UHFFFAOYSA-N,1
CHEMBL340,CHEMBL1385840,CC(C)C1C(=O)N2CCCC2C2(O)OC(NC(=O)C3C=C4c5cccc6[nH]cc(c56)CC4N(C)C3)(C(C)C)C(=O)N12,UJYGDMFEEDNVBF-UHFFFAOYSA-N,1
CHEMBL340,CHEMBL226335,CC1OC(OCC2OC(Oc3c(-c4ccc(O)c(O)c4)oc4cc(O)cc(O)c4c3=O)C(O)C(O)C2O)C(O)C(O)C1O,IKGXIBQEEMLURG-UHFFFAOYSA-N,0
CHEMBL340,CHEMBL117,O=c1cc(-c2ccccc2)oc2cc(O)cc(O)c12,RTIXKCRFFJGDFG-UHFFFAOYSA-N,0
CHEMBL340,CHEMBL442,CN1CC(C(=O)NC2(C)OC3(O)C4CCCN4C(=O)C(Cc4ccccc4)N3C2=O)C=C2c3cccc4[nH]cc(c34)CC21,XCGSFFUVFURLIX-UHFFFAOYSA-N,1
CHEMBL340,CHEMBL553025,CCC1=CC2CN(C1)Cc1c([nH]c3ccccc13)C(C(=O)OC)(c1cc3c(cc1OC)N(C)C1C(O)(C(=O)OC)C(OC(C)=O)C4(CC)C=CCN5CCC31C54)C2,GBABOYUKABKIAF-UHFFFAOYSA-N,1
CHEMBL340,CHEMBL1089,NNCCc1ccccc1,RMUCZJUITONUFY-UHFFFAOYSA-N,1
CHEMBL340,CHEMBL941,Cc1ccc(NC(=O)c2ccc(CN3CCN(C)CC3)cc2)cc1Nc1nccc(-c2cccnc2)n1,KTUFNOKKBVMGRW-UHFFFAOYSA-N,0
CHEMBL340,CHEMBL91,Clc1ccc(COC(Cn2ccnc2)c2ccc(Cl)cc2Cl)c(Cl)c1,BYBLEWFAAKGYCD-UHFFFAOYSA-N,1
CHEMBL340,CHEMBL258394,COc1cc(-c2oc3cc(O)cc(O)c3c(=O)c2OC2OC(COC3OC(C)C(O)C(O)C3O)C(O)C(O)C2O)ccc1O,UIDGLYUNOUKLBM-UHFFFAOYSA-N,0
CHEMBL340,CHEMBL493,CC(C)CC1C(=O)N2CCCC2C2(O)OC(NC(=O)C3C=C4c5cccc6[nH]c(Br)c(c56)CC4N(C)C3)(C(C)C)C(=O)N12,OZVBMTJYIDMWIL-UHFFFAOYSA-N,1
CHEMBL340,CHEMBL115,CC(C)(C)NC(=O)C1CN(Cc2cccnc2)CCN1CC(O)CC(Cc1ccccc1)C(=O)NC1c2ccccc2CC1O,CBVCZFGXHXORBI-UHFFFAOYSA-N,1
CHEMBL340,CHEMBL61,COc1cc(C2c3cc4c(cc3C(O)C3COC(=O)C23)OCO4)cc(OC)c1OC,YJGVMLPVUAXIQN-UHFFFAOYSA-N,1
CHEMBL340,CHEMBL269732,C=CCC1C=C(C)CC(C)CC(OC)C2OC(O)(C(=O)C(=O)N3CCCCC3C(=O)OC(C(C)=CC3CCC(O)C(OC)C3)C(C)C(O)CC1=O)C(C)CC2OC,QJJXYPPXXYFBGM-UHFFFAOYSA-N,1
CHEMBL340,CHEMBL481839,CN1C2Cc3cc4c(cc3C1Cc1cc3c(cc12)OCO3)OCO4,PGINMPJZCWDQNT-UHFFFAOYSA-N,0
CHEMBL340,CHEMBL2071440,CCCCCCCC(=O)CCc1ccc(O)c(OC)c1,CZNLTCTYLMYLHL-UHFFFAOYSA-N,0
CHEMBL340,CHEMBL1294,C=CC1CN2CCC1CC2C(O)c1ccnc2ccc(OC)cc12,LOUPRKONTZGTKE-UHFFFAOYSA-N,0
CHEMBL340,CHEMBL386630,CC12CCC(=O)C=C1CCC1C2CCC2(C)C(O)CCC12,MUMGGOZAMZWBJJ-UHFFFAOYSA-N,1
CHEMBL340,CHEMBL197,COc1ccc(CCN(C)CCCC(C#N)(c2ccc(OC)c(OC)c2)C(C)C)cc1OC,SGTNSNPWRIOYBX-UHFFFAOYSA-N,1
CHEMBL340,CHEMBL554,CS(=O)(=O)CCNCc1ccc(-c2ccc3ncnc(Nc4ccc(OCc5cccc(F)c5)c(Cl)c4)c3c2)o1,BCFGMOOMADDAQU-UHFFFAOYSA-N,1
CHEMBL340,CHEMBL81,O=C(c1ccc(OCCN2CCCCC2)cc1)c1c(-c2ccc(O)cc2)sc2cc(O)ccc12,GZUITABIAKMVPG-UHFFFAOYSA-N,1
CHEMBL340,CHEMBL402978,CCCCCC(O)CC(=O)CCc1ccc(O)c(OC)c1,NLDDIKRKFXEWBK-UHFFFAOYSA-N,0
CHEMBL340,CHEMBL110,O=C(Cn1ccnc1[N+](=O)[O-])NCc1ccccc1,CULUWZNBISUWAS-UHFFFAOYSA-N,0
CHEMBL340,CHEMBL1276308,CC#CC1(O)CCC2C3CCC4=CC(=O)CCC4=C3C(c3ccc(N(C)C)cc3)CC21C,VKHAHZOOUSRJNA-UHFFFAOYSA-N,1
CHEMBL340,CHEMBL388590,CCc1oc2ccccc2c1C(=O)c1cc(Br)c(O)c(Br)c1,WHQCHUCQKNIQEC-UHFFFAOYSA-N,0
CHEMBL340,CHEMBL385517,N#CC1CC2CC2N1C(=O)C(N)C12CC3CC(CC(O)(C3)C1)C2,QGJUIPDUBHWZPV-UHFFFAOYSA-N,0
CHEMBL340,CHEMBL95,Nc1c2c(nc3ccccc13)CCCC2,YLJREFDVOIBQDA-UHFFFAOYSA-N,0
CHEMBL340,CHEMBL399731,CC12CC(c3ccoc3)OC(=O)C1=CCC1(C)C2C2OC(=O)C1(OC1OC(CO)C(O)C(O)C1O)C1OC21,PPILOQQTEQXAMT-UHFFFAOYSA-N,0
CHEMBL340,CHEMBL255034,CC(CC(O)C(C)(O)C1CCC2(O)C3=CC(=O)C4CC(O)C(O)CC4(C)C3CCC12C)C(C)(C)O,IJRBORPEVKCEQD-UHFFFAOYSA-N,0
CHEMBL340,CHEMBL1668112,COc1cc(C(O)C2COC(c3ccc(O)c(OC)c3)C2CO)ccc1O,MWQRAOGWLXTMIC-UHFFFAOYSA-N,0
CHEMBL340,CHEMBL399512,COc1cc(C2c3cc(O)c(OC)cc3CC(CO)C2CO)ccc1O,OGFXBIXJCWAUCH-UHFFFAOYSA-N,0
CHEMBL340,CHEMBL463246,COc1cc(C2c3cc(O)c(OC)cc3CC3C(=O)OCC32)ccc1O,CAYMSCGTKZIVTN-UHFFFAOYSA-N,1
CHEMBL340,CHEMBL400345,COc1cc2c(cc1O)-c1cc3ccc(OC)c(OC)c3c[n+]1CC2,YYFOFDHQVIODOQ-UHFFFAOYSA-O,0
CHEMBL340,CHEMBL518421,COc1cc(CC2COC(c3ccc(O)c(OC)c3)C2CO)ccc1O,MHXCIKYXNYCMHY-UHFFFAOYSA-N,0
CHEMBL340,CHEMBL42,CN1CCN(C2=Nc3cc(Cl)ccc3Nc3ccccc32)CC1,QZUDBNBUXVUHMW-UHFFFAOYSA-N,0
CHEMBL340,CHEMBL1668115,COc1cc(C2Oc3cc(CCCO)ccc3OC2CO)ccc1O,VSJGYMSTWHUFMX-UHFFFAOYSA-N,0
CHEMBL340,CHEMBL833,Clc1ccccc1CN1CCc2sccc2C1,PHWBOXQYWZNQIN-UHFFFAOYSA-N,0
CHEMBL340,CHEMBL1487,CC(C)c1c(C(=O)Nc2ccccc2)c(-c2ccccc2)c(-c2ccc(F)cc2)n1CCC(O)CC(O)CC(=O)O,XUKUURHRXDUEBC-UHFFFAOYSA-N,1
CHEMBL340,CHEMBL9,CCn1cc(C(=O)O)c(=O)c2cc(F)c(N3CCNCC3)cc21,OGJPXUAPXNRGGI-UHFFFAOYSA-N,0
CHEMBL340,CHEMBL1451,CC12C=CC(=O)C=C1CCC1C3CC(O)C(O)(C(=O)CO)C3(C)CC(O)C12F,GFNANZIMVAIWHM-UHFFFAOYSA-N,0
CHEMBL340,CHEMBL3,CN1CCCC1c1cccnc1,SNICXCGAKADSCV-UHFFFAOYSA-N,0
CHEMBL340,CHEMBL251055,COc1cc2c(cc1O)CC[n+]1cc3c(OC)c(OC)ccc3cc1-2,MXTLAHSTUOXGQF-UHFFFAOYSA-O,1
CHEMBL340,CHEMBL13,COCCc1ccc(OCC(O)CNC(C)C)cc1,IUBSYMUCCVWXPE-UHFFFAOYSA-N,0
CHEMBL340,CHEMBL399973,CC12CC(c3ccoc3)OC(=O)C1=CCC1(C)C2C2C=CC1(OC1OC(CO)C(O)C(O)C1O)C(=O)O2,CLMFOKCFOQCBFM-UHFFFAOYSA-N,0
CHEMBL340,CHEMBL368347,COc1cc(CC(CO)C(CO)Cc2ccc(O)c(OC)c2)ccc1O,PUETUDUXMCLALY-UHFFFAOYSA-N,0
CHEMBL340,CHEMBL480477,CC1(C)C=Cc2c(ccc3c2OCC(c2ccc(O)cc2O)C3)O1,LBQIJVLKGVZRIW-UHFFFAOYSA-N,1
CHEMBL340,CHEMBL1668114,COc1cc(CC2COC(c3ccc(O)c(O)c3)C2CO)ccc1O,SNZZAHRDXCGWEM-UHFFFAOYSA-N,0
CHEMBL340,CHEMBL1743358,CC(O)CCC(=O)c1ccoc1,RJYQLMILDVERHH-UHFFFAOYSA-N,0
CHEMBL340,CHEMBL71,CN(C)CCCN1c2ccccc2Sc2ccc(Cl)cc21,ZPEIMTDSQAKGNT-UHFFFAOYSA-N,0
CHEMBL340,CHEMBL107,COc1cc2c(c(OC)c1OC)-c1ccc(OC)c(=O)cc1C(NC(C)=O)CC2,IAKHMKGGTNLKSZ-UHFFFAOYSA-N,0
CHEMBL340,CHEMBL1751,CC1OC(OC2C(O)CC(OC3C(O)CC(OC4CCC5(C)C(CCC6C5CC(O)C5(C)C(C7=CC(=O)OC7)CCC65O)C4)OC3C)OC2C)CC(O)C1O,LTMHDMANZUZIPE-UHFFFAOYSA-N,0
CHEMBL340,CHEMBL237847,Oc1cccnc1,GRFNBEZIAWKNCO-UHFFFAOYSA-N,0
CHEMBL340,CHEMBL555260,c1ccc(Nc2ccccn2)cc1,HUDSSSKDWYXKGP-UHFFFAOYSA-N,0
CHEMBL340,CHEMBL1079119,CC(=CCOc1c2ccoc2cc2oc(=O)ccc12)CCC(O)C(C)(C)O,IXZUPBUEKFXTSD-UHFFFAOYSA-N,1
CHEMBL340,CHEMBL17157,CC(C)(C)c1ccc(C(O)CCCN2CCC(C(O)(c3ccccc3)c3ccccc3)CC2)cc1,GUGOEEXESWIERI-UHFFFAOYSA-N,1
CHEMBL340,CHEMBL384467,CC1CC2C3CCC4=CC(=O)C=CC4(C)C3(F)C(O)CC2(C)C1(O)C(=O)CO,UREBDLICKHMUKA-UHFFFAOYSA-N,0
CHEMBL340,CHEMBL389621,CC12CCC(=O)C=C1CCC1C2C(O)CC2(C)C1CCC2(O)C(=O)CO,JYGXADMDTFJGBT-UHFFFAOYSA-N,0
CHEMBL340,CHEMBL242711,O=c1ccc2c(O)c3ccoc3cc2o1,GIJHDGJRTUSBJR-UHFFFAOYSA-N,0
CHEMBL340,CHEMBL159,CCC1(O)CC2CN(CCc3c([nH]c4ccccc34)C(C(=O)OC)(c3cc4c(cc3OC)N(C)C3C(O)(C(=O)OC)C(OC(C)=O)C5(CC)C=CCN6CCC43C65)C2)C1,JXLYSJRDGCGARV-UHFFFAOYSA-N,0
CHEMBL340,CHEMBL517449,CC1(C)OC2CC(=O)OCC23C1CC(=O)C1(C)C3CCC2(C)C(c3ccoc3)OC(=O)C3OC321,KBDSLGBFQAGHBE-UHFFFAOYSA-N,0
CHEMBL340,CHEMBL85139,O=c1c2ccccc2nc2n1CCc1c-2[nH]c2ccccc12,ACVGWSKVRYFWRP-UHFFFAOYSA-N,0
CHEMBL340,CHEMBL70,CN1CCC23c4c5ccc(O)c4OC2C(O)C=CC3C1C5,BQJCRHHNABKAKU-UHFFFAOYSA-N,0
CHEMBL340,CHEMBL44657,COc1cc(C2c3cc4c(cc3C(OC3OC5COC(C)OC5C(O)C3O)C3COC(=O)C23)OCO4)cc(OC)c1O,VJJPUSNTGOMMGY-UHFFFAOYSA-N,0
CHEMBL340,CHEMBL1256919,COc1ccc2c(c1OC)C(=O)OC2C1c2cc3c(cc2CCN1C)OCO3,JZUTXVTYJDCMDU-UHFFFAOYSA-N,0
CHEMBL340,CHEMBL266564,O=C(C=Cc1ccc(O)cc1)OCC1OC(Oc2c(-c3ccc(O)cc3)oc3cc(O)cc(O)c3c2=O)C(O)C(O)C1O,DVGGLGXQSFURLP-UHFFFAOYSA-N,1
CHEMBL340,CHEMBL1064,CCC(C)(C)C(=O)OC1CC(C)C=C2C=CC(C)C(CCC3CC(O)CC(=O)O3)C21,RYMZZMVNJRMUDD-UHFFFAOYSA-N,0
CHEMBL340,CHEMBL481,CCc1c2c(nc3ccc(OC(=O)N4CCC(N5CCCCC5)CC4)cc13)-c1cc3c(c(=O)n1C2)COC(=O)C3(O)CC,UWKQSNNFCGGAFS-UHFFFAOYSA-N,0
CHEMBL340,CHEMBL471067,COc1cc(CC2C(=O)OCC2Cc2ccc3c(c2)OCO3)cc(OC)c1OC,GMLDZDDTZKXJLU-UHFFFAOYSA-N,1
CHEMBL340,CHEMBL469916,COc1cc(CC(CO)C(CO)Cc2ccc3c(c2)OCO3)cc(OC)c1OC,FDHFWHRGVDRJIK-UHFFFAOYSA-N,1
CHEMBL340,CHEMBL266158,c1ccncc1,JUJWROOIHBZHMG-UHFFFAOYSA-N,0
CHEMBL340,CHEMBL1648,COC(=O)C1=C(C)NC(C)=C(C(=O)OC(C)C)C1c1cccc2nonc12,HMJIYCCIJYRONP-UHFFFAOYSA-N,0
CHEMBL340,CHEMBL1201131,CCCCOCCOCCOCc1cc2c(cc1CCC)OCO2,FIPWRIJSWJWJAI-UHFFFAOYSA-N,1
CHEMBL340,CHEMBL998,CCOC(=O)N1CCC(=C2c3ccc(Cl)cc3CCc3cccnc32)CC1,JCCNYMKQOSZNPW-UHFFFAOYSA-N,0
CHEMBL340,CHEMBL1479,C#CC1(O)CCC2C3CCC4=Cc5oncc5CC4(C)C3CCC21C,POZRVZJJTULAOH-UHFFFAOYSA-N,0
CHEMBL340,CHEMBL9509,COc1cc(C2Oc3cc(C4Oc5cc(O)cc(O)c5C(=O)C4O)ccc3OC2CO)ccc1O,SEBFKMXJBCUCAI-UHFFFAOYSA-N,0
CHEMBL340,CHEMBL484029,CC(C)CC(=O)c1c(O)cc(O)cc1OC1OC(CO)C(O)C(O)C1O,SYVLRDXITUYNAK-UHFFFAOYSA-N,0
CHEMBL340,CHEMBL484853,CC(C)c1cc2c(c(O)c1O)C1(C(=O)O)CCCC(C)(C)C1CC2,QRYRORQUOLYVBU-UHFFFAOYSA-N,1
CHEMBL340,CHEMBL837,CCc1c2c(nc3ccc(O)cc13)-c1cc3c(c(=O)n1C2)COC(=O)C3(O)CC,FJHBVJOVLFPMQE-UHFFFAOYSA-N,0
CHEMBL340,CHEMBL691,C#CC1(O)CCC2C3CCc4cc(O)ccc4C3CCC21C,BFPYWIDHMRZLRN-UHFFFAOYSA-N,0
CHEMBL340,CHEMBL519761,CC(=O)OC1C(C)OC(Oc2c(-c3ccc(O)cc3)oc3cc(O)cc(O)c3c2=O)C(OC(C)=O)C1OC(C)=O,OFWDHNGVKNRLFY-UHFFFAOYSA-N,0
CHEMBL340,CHEMBL470048,CC(=O)OC1C(O)C(C)OC(Oc2c(-c3ccc(O)cc3)oc3cc(O)cc(O)c3c2=O)C1O,APRVHMRKRPHQLM-UHFFFAOYSA-N,0
CHEMBL340,CHEMBL471074,CC(=O)OC1C(C)OC(Oc2c(-c3ccc(O)cc3)oc3cc(O)cc(O)c3c2=O)C(OC(C)=O)C1O,VWQNZPASHLNLEM-UHFFFAOYSA-N,0
CHEMBL340,CHEMBL190461,C=C(C)C1CCC(C)=CC1c1c(O)cc(CCCCC)cc1O,QHMBSVQNZZTUGM-UHFFFAOYSA-N,1
CHEMBL340,CHEMBL470049,CC(=O)OC1C(C)OC(Oc2c(-c3ccc(O)cc3)oc3cc(O)cc(O)c3c2=O)C(O)C1O,AGQLGMXLTFMOAP-UHFFFAOYSA-N,0
CHEMBL340,CHEMBL130,O=C(NC(CO)C(O)c1ccc([N+](=O)[O-])cc1)C(Cl)Cl,WIIZWVCIJKGZOK-UHFFFAOYSA-N,1
CHEMBL340,CHEMBL360033,O=C(O)c1cnc(N(C(=O)c2ccc(OCc3cccc(C(F)(F)F)c3)cc2)C2CCCCC2)s1,KVOPMRICDIBARO-UHFFFAOYSA-N,0
CHEMBL340,CHEMBL469431,CC(=O)OC1C(Oc2c(-c3ccc(O)cc3)oc3cc(O)cc(O)c3c2=O)OC(C)C(O)C1O,QGPZJURATJCKHO-UHFFFAOYSA-N,0
CHEMBL340,CHEMBL17350,CC(C(O)c1ccc(O)cc1)N1CCC(O)(c2ccccc2)CC1,QEMSVZNTSXPFJA-UHFFFAOYSA-N,0
CHEMBL340,CHEMBL513372,CC1=CC(O)CC2(C)OC2CC(C)(C)C=CC1=O,RTKZIRJGSBHFAV-UHFFFAOYSA-N,0
CHEMBL340,CHEMBL469851,CC(=O)OC1C(Oc2c(-c3ccc(O)cc3)oc3cc(O)cc(O)c3c2=O)OC(C)C(O)C1OC(C)=O,BHCRVKVXJRBQJR-UHFFFAOYSA-N,0
CHEMBL340,CHEMBL221542,CCC(CCC(C)C1CCC2C3CC=C4CC(O)CCC4(C)C3CCC12C)C(C)C,KZJWDPNRJALLNS-UHFFFAOYSA-N,0
CHEMBL340,CHEMBL252518,CC1CCC2C(C)C(O)OC3OC4(C)CCC1C32OO4,BJDCWCLMFKKGEE-UHFFFAOYSA-N,0
CHEMBL340,CHEMBL8260,O=c1cc(-c2ccccc2)oc2cc(O)c(O)c(O)c12,FXNFHKRTJBSTCS-UHFFFAOYSA-N,1
CHEMBL340,CHEMBL471072,CCCCCC(O)CC(=O)CCc1ccc(OC)c(O)c1,LPRPIMHDDACJHT-UHFFFAOYSA-N,0
CHEMBL340,CHEMBL245412,CC1=CCC(C)(C)C=CC(=O)C(C)=CCC1,GIHNTRQPEMKFKO-UHFFFAOYSA-N,0
CHEMBL340,CHEMBL240954,CC(=O)OC1C(C)OC(Oc2c(-c3ccc(O)cc3)oc3cc(O)cc(O)c3c2=O)C(O)C1OC(C)=O,SXOZSDJHGMAEGZ-UHFFFAOYSA-N,0
CHEMBL340,CHEMBL240528,CC1OC(Oc2c(-c3ccc(O)cc3)oc3cc(O)cc(O)c3c2=O)C(O)C(O)C1O,SOSLMHZOJATCCP-UHFFFAOYSA-N,0
CHEMBL340,CHEMBL469850,CC1=CCC(C)(C)C=CC(=O)C(C)=CC(O)C1,NBVYFPSAUFQMAK-UHFFFAOYSA-N,0
CHEMBL340,CHEMBL512339,CC1=CCCC2(C)OC2CC(C)(C)C=CC1=O,UXYYOHOTPOQJPD-UHFFFAOYSA-N,0
CHEMBL340,CHEMBL165064,COc1c(-c2ccc(O)cc2)oc2cc(O)cc(O)c2c1=O,VJJZJBUCDWKPLC-UHFFFAOYSA-N,0
CHEMBL340,CHEMBL309061,COc1ccc(-c2oc3cc(O)cc(O)c3c(=O)c2OC)cc1,RJCJVIFSIXKSAH-UHFFFAOYSA-N,0
CHEMBL340,CHEMBL98745,O=C1NC2C(=CC(O)C(O)C2O)c2cc3c(c(O)c21)OCO3,LZAZURSABQIKGB-UHFFFAOYSA-N,1
CHEMBL340,CHEMBL501119,CC1=CC(O)C23OC2(C)CC2OC(=O)C(C)=C2CC13,QKIQAUSGMKJYFS-UHFFFAOYSA-N,0
CHEMBL340,CHEMBL251077,CC(=O)OC1C(O)C=C2CCN3Cc4cc5c(cc4C1C23)OCO5,BIGUPJIJZYZJMV-UHFFFAOYSA-N,1
CHEMBL340,CHEMBL513023,COc1cc(C2OCC3C(c4cc(OC)c(O)c(OC)c4)OCC23)ccc1O,VJOBNGRIBLNUKN-UHFFFAOYSA-N,0
CHEMBL340,CHEMBL577397,COc1c(-c2ccc3c(c2)OCO3)oc2c(ccc3occc32)c1=O,IGFBIJDAWSAJIF-UHFFFAOYSA-N,0
CHEMBL340,CHEMBL2062137,CC(C)(C)NC(=O)C1CN(Cc2cnc3occc3c2)CCN1CC(O)CC(Cc1ccccc1)C(=O)NC1c2ccccc2CC1O,UBUFVRJUGFJQSI-UHFFFAOYSA-N,1
CHEMBL340,CHEMBL501260,CC1=CC(=O)C2=C(C)CC3OC(=O)C(C)=C3CC12,CTXCWPVELDJQRF-UHFFFAOYSA-N,1
CHEMBL340,CHEMBL479314,COc1cc(CC2COC(=O)C2Cc2cc(OC)c(OC)c(OC)c2)cc(OC)c1OC,VUNCHONBJWJYID-UHFFFAOYSA-N,0
CHEMBL340,CHEMBL482034,COc1cc(CC2COC(=O)C2Cc2cc(OC)c3c(c2)OCO3)cc(OC)c1O,LSSNBHGWOAHIQS-UHFFFAOYSA-N,1
CHEMBL340,CHEMBL520915,COC1OCC(Cc2ccc3c(c2)OCO3)C1Cc1ccc2c(c1)OCO2,UUUXPUGZNDRYSV-UHFFFAOYSA-N,1
CHEMBL340,CHEMBL156339,COc1cc(OC)c(C2C(C)C(C)C2c2cc(OC)c(OC)cc2OC)cc1OC,WCERJEZPIONOJU-UHFFFAOYSA-N,0
CHEMBL340,CHEMBL481233,COc1cc(OC)c(OC)cc1CC(C)=O,AQZHZTTUVYQMIN-UHFFFAOYSA-N,0
CHEMBL340,CHEMBL286494,Cc1cc(O)c2c(=O)c3c(O)cc(O)c4c5c(O)cc(O)c6c(=O)c7c(O)cc(C)c8c1c2c(c34)c(c78)c65,BTXNYTINYBABQR-UHFFFAOYSA-N,1
