target_chembl_id,compound_chembl_id,c_smiles,noiso_InChIKey,active_label
CHEMBL335,CHEMBL382338,CC(C)=CCCC1=CC(c2c(O)cc3c(c2O)C(=O)CC(c2cc(O)ccc2O)O3)C(C(=O)c2ccc(O)cc2O)C(c2ccc(O)cc2O)C1,ZXTQHAMOONDJDJ-UHFFFAOYSA-N,1
CHEMBL335,CHEMBL454592,COc1cc(C2OCC3C(c4cc(OC)c(OC)c(OC)c4)OCC23)cc(OC)c1OC,HRLFUIXSXUASEX-UHFFFAOYSA-N,0
CHEMBL335,CHEMBL570609,CC(C)=CCc1c(O)cc(C(=O)C2C(c3c(O)ccc(C(=O)C=Cc4ccc(O)cc4)c3O)C=C(C)CC2c2ccc(O)cc2)cc1O,MYKDNKGHXHALEF-UHFFFAOYSA-N,0
CHEMBL335,CHEMBL4643421,OCC1OC(OCC2OC(Oc3c(O)cc(O)cc3C=Cc3ccc(O)cc3)C(O)C(O)C2O)C(O)C(O)C1O,HEZGCCGUQRUGNI-UHFFFAOYSA-N,0
CHEMBL335,CHEMBL570475,CC(C)=CCc1c(O)cc(C(=O)C2C(c3c(O)ccc(C(=O)C=Cc4ccc(O)cc4O)c3O)C=C(C)CC2c2ccc(O)cc2O)cc1O,BDUDECZOBBDZCJ-UHFFFAOYSA-N,1
CHEMBL335,CHEMBL564896,CC(C)=CCCC(C)=CCc1c(O)cc(O)cc1-c1cc2ccc(O)cc2o1,KGOOVUKZICPAIZ-UHFFFAOYSA-N,1
CHEMBL335,CHEMBL173395,COC(=O)c1c(C)cc(OC(=O)c2c(C)cc(O)c(C=O)c2O)c(C)c1O,YLOYKYXNDHOHHT-UHFFFAOYSA-N,0
CHEMBL335,CHEMBL463665,CC1(C)C=C2C3CCC4C5(C)CCC(O)C(C)(C)C5CCC4(C)C3(C)CCC2(C(=O)O)CC1,RGZSSKBTFGNUCG-UHFFFAOYSA-N,1
CHEMBL335,CHEMBL487020,COc1cc(C)c(Oc2cc(C)cc(O)c2)c(O)c1,KXXZLMLLYMPYJE-UHFFFAOYSA-N,0
CHEMBL335,CHEMBL403093,O=C1CC2c3ccccc3OC3c4cc(O)ccc4-c4c(O)cc(O)c1c4C23,DBGJQYIYUBGFLT-UHFFFAOYSA-N,1
CHEMBL335,CHEMBL1169,Nc1ccc(C(=O)O)c(O)c1,WUBBRNOQWQTFEX-UHFFFAOYSA-N,0
CHEMBL335,CHEMBL470649,COC(=O)c1c(C)cc(O)c(C=O)c1O,PXFMUVDLJWXOQM-UHFFFAOYSA-N,0
CHEMBL335,CHEMBL4647457,CC(=O)OCC1OC(Oc2c(O)cc(O)cc2C=Cc2ccc(O)cc2)C(O)C(O)C1O,NDTPPCMMWLHFIY-UHFFFAOYSA-N,0
CHEMBL335,CHEMBL252642,O=C1CC(c2ccc(O)cc2)Oc2cc(O)ccc21,FURUXTVZLHCCNA-UHFFFAOYSA-N,0
CHEMBL335,CHEMBL437964,CC1CCC2(C)CCC3(C)C(=CC(=O)C4C5(C)CCC(O)C(C)(C(=O)O)C5CCC43C)C2C1C,YIMHGPSYDOGBPI-UHFFFAOYSA-N,1
CHEMBL335,CHEMBL391533,CC1CCC2(C(=O)O)CCC3(C)C(=CCC4C5(C)CC(O)C(O)C(C)(C)C5CCC43C)C2C1C,HFGSQOYIOKBQOW-UHFFFAOYSA-N,1
CHEMBL335,CHEMBL4061417,CC(C)=CCc1cc(-c2cc(=O)c3c(O)c(CC=C(C)C)c(O)cc3o2)ccc1O,WGNIVAMNAWBYRO-UHFFFAOYSA-N,1
CHEMBL335,CHEMBL558103,CC(C)=CCc1cc(C2CC(=O)c3ccc(O)cc3O2)ccc1O,NLTOTZSPOYWSSP-UHFFFAOYSA-N,0
CHEMBL335,CHEMBL4279417,CC(C)=CCc1c(-c2ccc(O)cc2O)oc2c(C3C=C(C)CC(c4ccc(O)cc4O)C3C(=O)c3ccc(O)cc3O)c(O)cc(O)c2c1=O,APPXYONGBIXGRO-UHFFFAOYSA-N,1
CHEMBL335,CHEMBL81421,Cc1c(C)c2c(c(C)c1OC(=O)CCC(=O)O)CCC(C)(CCCC(C)CCCC(C)CCCC(C)C)O2,IELOKBJPULMYRW-UHFFFAOYSA-N,0
CHEMBL335,CHEMBL255890,CC(C)=CCc1cc(C2CC(=O)c3c(O)cc(O)cc3O2)cc(CC=C(C)C)c1O,LQHKFMYWTKORCE-UHFFFAOYSA-N,0
CHEMBL335,CHEMBL551842,CCCCCc1c2c(cc(O)c1C(=O)O)OC(=O)c1c(cc(OC)cc1C(=O)CCCC)O2,JHEWMLHQNRHTQX-UHFFFAOYSA-N,1
CHEMBL335,CHEMBL206106,COc1cc2c(cc1OC)-c1cc3ccc(OC)c(OC)c3c[n+]1CC2,QUCQEUCGKKTEBI-UHFFFAOYSA-N,0
CHEMBL335,CHEMBL121,CN(CCOc1ccc(CC2SC(=O)NC2=O)cc1)c1ccccn1,YASAKCUCGLMORW-UHFFFAOYSA-N,0
CHEMBL335,CHEMBL1644933,CC(C)=CCc1cc(C=CC(=O)c2ccc(O)c(CC=C(C)C)c2O)ccc1O,CBGDCCSHOGQUSW-UHFFFAOYSA-N,1
CHEMBL335,CHEMBL2048004,C=C1CCC2C(C)(C(=O)O)CCCC2(C)C1CCC(C)CCO,NSRKLZRKJJQJLD-UHFFFAOYSA-N,1
CHEMBL335,CHEMBL489670,C=C1CCC2(C)C(CCC3(C)C2CC=C2C4CC(C)(C)CCC4(C(=O)O)CCC23C)C1(C)C,SFPUEIBAFNRBBA-UHFFFAOYSA-N,1
CHEMBL335,CHEMBL487412,COC(=O)C12CCC(C)(C)CC1C1=CCC3C4(C)CCC(O)C(C)(C)C4CCC3(C)C1(C)CC2,BTXWOKJOAGWCSN-UHFFFAOYSA-N,1
CHEMBL335,CHEMBL4088099,CC(C)=CCc1c(O)cc2occ(-c3cc(O)c4c(c3)C=CC(C)(C)O4)c(=O)c2c1O,CCUZOQMNQONIMX-UHFFFAOYSA-N,1
CHEMBL335,CHEMBL295124,COc1ccc2cc3[n+](cc2c1OC)CCc1cc2c(cc1-3)OCO2,YBHILYKTIRIUTE-UHFFFAOYSA-N,0
CHEMBL335,CHEMBL459016,COC(=O)C1=COC(O)C2C(CO)=CCC12,AZKVWQKMDGGDSV-UHFFFAOYSA-N,0
CHEMBL335,CHEMBL470029,CC1(C)CCC2(C(=O)O)CCC3(C)C(=CCC4C5(C)CCC(=O)C(C)(C)C5CCC43C)C2C1,FMIMFCRXYXVFTA-UHFFFAOYSA-N,1
CHEMBL335,CHEMBL3351077,NC(=O)c1cc[n+](CC2=C(C(=O)[O-])N3C(=O)C(NC(=O)C(c4ccccc4)S(=O)(=O)O)C3SC2)cc1,SYLKGLMBLAAGSC-UHFFFAOYSA-N,0
CHEMBL335,CHEMBL464276,CC(=CCCc1ccoc1)CCC=C(C)CCCC(C)C=C1OC(=O)C(C)=C1O,HPVSJNGZYYDDMU-UHFFFAOYSA-N,1
CHEMBL335,CHEMBL4068000,CC(C)=CCc1cc(-c2coc3c(CC=C(C)C)c(O)cc(O)c3c2=O)cc(O)c1O,DPLWUTYEBRKBLI-UHFFFAOYSA-N,1
CHEMBL335,CHEMBL249450,O=C(C=Cc1ccc(O)c(O)c1)OC1CC(O)(C(=O)O)CC(O)C1O,CWVRJTMFETXNAD-UHFFFAOYSA-N,0
CHEMBL335,CHEMBL4592629,CC1=C(CO)C(CCO)C(O)C1,WUSPNVLGDGOZEV-UHFFFAOYSA-N,0
CHEMBL335,CHEMBL230006,CC1(C(=O)O)CCC2(C)CCC3(C)C(=CC(=O)C4C5(C)CCC(O)C(C)(C)C5CCC43C)C2C1,MPDGHEJMBKOTSU-UHFFFAOYSA-N,0
CHEMBL335,CHEMBL129681,O=C(O)C(=O)c1ccc(OCc2ccc(COc3ccc(C(=O)C(=O)O)cc3)cc2)cc1,HNHFGJRWYYEILT-UHFFFAOYSA-N,1
CHEMBL335,CHEMBL4210458,COc1cc(C=CC(=O)OC2CC(O)(C(=O)O)CC(O)C2OC(=O)C=Cc2ccc(O)c(OC)c2)ccc1O,WCIDSNIXNCYSPH-UHFFFAOYSA-N,0
CHEMBL335,CHEMBL292411,O=C(O)C(O)c1ccccc1,IWYDHOAUDWTVEP-UHFFFAOYSA-N,0
CHEMBL335,CHEMBL4203706,O=C(C=Cc1ccc(O)c(O)c1)OC1C(O)CC(O)(C(=O)O)CC1O,GYFFKZTYYAFCTR-UHFFFAOYSA-N,0
CHEMBL335,CHEMBL472896,CC1(C)CCC2(C(=O)O)CCC3(C)C(=CCC4C5(C)CCCC(C)(C)C5CCC43C)C2C1,MXEMKMNFLXVQBW-UHFFFAOYSA-N,1
CHEMBL335,CHEMBL325029,C=CCOC(=O)NC(Cc1ccc(N(C(=O)C(=O)O)c2ccccc2C(=O)O)cc1)C(=O)NCCCCOc1cccc(O)c1C(=O)OC,JTJBRKLISQICDU-UHFFFAOYSA-N,1
CHEMBL335,CHEMBL481854,CC1CCC2(C(=O)O)CCC3(C)C(=CCC4C5(C)CC(O)C(O)C(C)(CO)C5C(O)CC43C)C2C1C,PRAUVHZJPXOEIF-UHFFFAOYSA-N,0
CHEMBL335,CHEMBL177126,O=C(C=Cc1ccc(O)c(O)c1)OC1CC(O)(C(=O)O)CC(O)C1OC(=O)C=Cc1ccc(O)c(O)c1,UFCLZKMFXSILNL-UHFFFAOYSA-N,0
CHEMBL335,CHEMBL249447,O=C(C=Cc1ccc(O)c(O)c1)OC1CC(O)(C(=O)O)CC(OC(=O)C=Cc2ccc(O)c(O)c2)C1O,KRZBCHWVBQOTNZ-UHFFFAOYSA-N,0
CHEMBL335,CHEMBL1808155,CC(C)=CCc1c(O)ccc(C(=O)C2C(c3c(O)cc(-c4cc5ccc(O)cc5o4)cc3O)C=C(C)CC2c2ccc(O)cc2O)c1O,SEHVRKPXIDOTRX-UHFFFAOYSA-N,1
CHEMBL335,CHEMBL463145,O=c1cc(-c2ccc(O)cc2O)oc2cc(O)cc(O)c12,ZSYPIPFQOQGYHH-UHFFFAOYSA-N,1
CHEMBL335,CHEMBL404313,CC1CCC2(C(=O)O)CCC3(C)C(=CCC4C5(C)CC(O)C(O)C(C)(CO)C5CCC43C)C2C1C,JXSVIVRDWWRQRT-UHFFFAOYSA-N,0
CHEMBL335,CHEMBL165,Oc1ccc(C=Cc2cc(O)cc(O)c2)cc1,LUKBXSAWLPMMSZ-UHFFFAOYSA-N,0
CHEMBL335,CHEMBL43065,Oc1cc(O)cc(C=Cc2ccc(O)cc2O)c1,PDHAOJSHSJQANO-UHFFFAOYSA-N,0
CHEMBL335,CHEMBL521162,C=C1C(=O)OC2C=C(C)CC(O)C=C(C)CC(OC(=O)C(=CC)CO)C12,JZJVLLYTTWUPBF-UHFFFAOYSA-N,0
CHEMBL335,CHEMBL5075131,C=C1C(=O)OC2C=C(C)CC(O)C=C(C)CC(OC(=O)C(=CC)COC(C)=O)C12,WTROTTYFRJDSKY-UHFFFAOYSA-N,0
CHEMBL335,CHEMBL478574,O=C(C=Cc1ccc(O)c(O)c1)OC1CC(OC(=O)C=Cc2ccc(O)c(O)c2)(C(=O)O)CC(O)C1O,YDDUMTOHNYZQPO-UHFFFAOYSA-N,0
CHEMBL335,CHEMBL464371,COC(=O)C1(O)CC(O)C(OC(=O)C=Cc2ccc(O)c(O)c2)C(OC(=O)C=Cc2ccc(O)c(O)c2)C1,PKJBSZTYNDRXEQ-UHFFFAOYSA-N,0
CHEMBL335,CHEMBL950,O=C(O)C(=O)c1ccccc1,FAQJJMHZNSSFSM-UHFFFAOYSA-N,0
CHEMBL335,CHEMBL267225,CC1CCC2(C)CCC3(C)C(=CCC4C5(C)CCC(O)C(C)(C(=O)O)C5CCC43C)C2C1C,NBGQZFQREPIKMG-UHFFFAOYSA-N,0
CHEMBL335,CHEMBL463337,COC(=O)C1(O)CC(OC(=O)C=Cc2ccc(O)c(O)c2)C(O)C(OC(=O)C=Cc2ccc(O)c(O)c2)C1,VEBNYMXKXIIGFX-UHFFFAOYSA-N,0
CHEMBL335,CHEMBL4290098,CC(C)=CCc1c(O)ccc(C(=O)C2C(c3c(O)cc(O)c4c(=O)c(CC=C(C)C)c(-c5ccc(O)cc5O)oc34)C=C(C)CC2c2ccc(O)cc2O)c1O,DKBPTKFKCCNXNH-UHFFFAOYSA-N,1
CHEMBL335,CHEMBL490011,C=C1C(=O)OC2C=C(C)CCC=C(C)CC(OC(=O)C(=CCO)CO)C12,VWJYWGYJIDQUEG-UHFFFAOYSA-N,0
CHEMBL335,CHEMBL377236,COC(=O)C1=Cc2c([nH]c3ccccc23)C(C(=O)OC)=Cc2c1[nH]c1ccccc21,PVWALMHWUOWPPA-UHFFFAOYSA-N,1
CHEMBL335,CHEMBL486382,CC1(C)CCC2(C(=O)O)CCC3(C)C(=CCC4C5(C)CCC(O)C(C)(C)C5CCC43C)C2C1,MIJYXULNPSFWEK-UHFFFAOYSA-N,1
CHEMBL335,CHEMBL424,O=C(O)c1ccccc1O,YGSDEFSMJLZEOE-UHFFFAOYSA-N,0
CHEMBL335,CHEMBL3810179,COc1c(-c2ccc(O)cc2)oc2cc(O)c(CC=C(C)C)c(O)c2c1=O,VVXGFIWLFZMBCJ-UHFFFAOYSA-N,1
CHEMBL335,CHEMBL446246,CC1OC(OCC2OC(Oc3cc(O)c4c(c3)OC(c3ccc(O)cc3)CC4=O)C(O)C(O)C2O)C(O)C(O)C1O,HXTFHSYLYXVTHC-UHFFFAOYSA-N,0
CHEMBL335,CHEMBL4638191,COc1cc2c(c(O)c1CC=C(C)C)C(=O)C(c1ccc(O)c(CC=C(C)C)c1O)CO2,OWVFKLIUBOKWCT-UHFFFAOYSA-N,1
CHEMBL335,CHEMBL4638927,COc1c(CC=C(C)C)c(O)cc2c1C1Oc3cc4c(cc3C1CO2)C=CC(C)(C)O4,SVHCNENPWOPFOI-UHFFFAOYSA-N,1
CHEMBL335,CHEMBL451532,CC1OC(OC2C(Oc3cc(O)c4c(c3)OC(c3ccc(O)cc3)CC4=O)OC(CO)C(O)C2O)C(O)C(O)C1O,DFPMSGMNTNDNHN-UHFFFAOYSA-N,0
CHEMBL335,CHEMBL1929043,COc1c(CC=C(C)C)c(O)cc2c1CC(c1ccc(O)c(CC=C(C)C)c1O)CO2,GBRZTUJCDFSIHM-UHFFFAOYSA-N,1
CHEMBL335,CHEMBL3809337,COc1cc2occ(-c3ccc(O)cc3O)c(=O)c2c(O)c1CC=C(C)C,AZPLXDBZIQMMMT-UHFFFAOYSA-N,1
CHEMBL335,CHEMBL4638414,COc1c(CC=C(C)C)c(O)cc2c1-c1oc3cc(O)ccc3c1CO2,AEAIWNGAMDGGNB-UHFFFAOYSA-N,1
CHEMBL335,CHEMBL1223852,CC1=C(C)C(=O)C(CCC(C)(O)CCCC(C)CCCC(C)CCCC(C)C)=C(C)C1=O,LTVDFSLWFKLJDQ-UHFFFAOYSA-N,1
CHEMBL335,CHEMBL469654,O=C1CC(c2ccc(O)cc2)Oc2cc(OC3OC(CO)C(O)C(O)C3O)cc(O)c21,DLIKSSGEMUFQOK-UHFFFAOYSA-N,0
CHEMBL335,CHEMBL4634824,COc1cc2c(c(OC)c1CC=C(C)C)CC(c1ccc(O)c3c1OC(C)(C)C=C3)CO2,RVKDAOFCDAPVGX-UHFFFAOYSA-N,1
CHEMBL335,CHEMBL3808735,COc1cc2oc(-c3ccc(O)cc3O)cc2c(OC)c1CC=C(C)C,DKVBYQAVNNRVNN-UHFFFAOYSA-N,1
CHEMBL335,CHEMBL494252,CC(C)=CCc1c(O)c(CC=C(C)C)c2occ(-c3ccc(O)cc3)c(=O)c2c1O,UCHYSPNEUSDFQR-UHFFFAOYSA-N,1
CHEMBL335,CHEMBL4647021,COc1c(CC=C(C)C)c(O)cc2c1C1Oc3cc(O)c(CC=C(C)C)cc3C1CO2,WIEKYGJSRGBBTQ-UHFFFAOYSA-N,1
CHEMBL335,CHEMBL5186891,COC(=O)C12Oc3ccc(-c4ccc5c(c4O)C(=O)C4=C(O)CC(C)C(O)C4(C(=O)OC)O5)c(O)c3C(=O)C1=C(O)CC(C)C2O,DRYDKQOPVBDZMQ-UHFFFAOYSA-N,1
CHEMBL335,CHEMBL3809403,CC(C)=CCc1cc(-c2coc3cc(O)c(CC=C(C)C)c(O)c3c2=O)cc(O)c1O,QNLGNISMYMFVHP-UHFFFAOYSA-N,1
CHEMBL335,CHEMBL63354,O=c1cc(-c2ccc(O)c(-c3c(O)cc(O)c4c(=O)cc(-c5ccc(O)cc5)oc34)c2)oc2cc(O)cc(O)c12,YUSWMAULDXZHPY-UHFFFAOYSA-N,1
CHEMBL335,CHEMBL63677,O=c1cc(-c2ccc(O)c(-c3c(O)cc4oc(-c5ccc(O)cc5)cc(=O)c4c3O)c2)oc2cc(O)cc(O)c12,BORWSEZUWHQTOK-UHFFFAOYSA-N,1
CHEMBL335,CHEMBL515252,O=c1c(-c2c(O)cc(O)c3c(=O)cc(-c4ccc(O)cc4)oc23)c(-c2ccc(O)cc2)oc2cc(O)cc(O)c12,IQAMTZLKUHMPPE-UHFFFAOYSA-N,1
CHEMBL335,CHEMBL9352,O=C1CC(c2ccc(O)cc2)Oc2cc(O)cc(O)c21,FTVWIRXFELQLPI-UHFFFAOYSA-N,0
CHEMBL335,CHEMBL3298988,CC(=O)OC1C(C)C(=O)C23CC(C)C(OC(C)=O)C2(C=C(C)C(OC(=O)c2ccccc2)C(OC(=O)c2cccnc2)C2C1C2(C)C)O3,YLABXLIBUBLBLD-UHFFFAOYSA-N,1
CHEMBL335,CHEMBL272861,O=c1cc(-c2ccc(O)c(-c3c(-c4ccc(O)cc4)oc4cc(O)cc(O)c4c3=O)c2)oc2cc(O)cc(O)c12,IMKDLTDRZZSWPR-UHFFFAOYSA-N,1
CHEMBL335,CHEMBL3356398,CC1=C(C)C(=O)C2(CCC(C)(CCCC(C)CCCC(C)CCCC(C)C)O2)C(C)(O)C1=O,XSELOQGXDYVVCH-UHFFFAOYSA-N,1
CHEMBL335,CHEMBL1366408,Cc1c(C(=O)O)c(O)cc2c1C(=O)c1c(O)c(C3OC(CO)C(O)C(O)C3O)c(O)c(O)c1C2=O,DGQLVPJVXFOQEV-UHFFFAOYSA-N,0
CHEMBL335,CHEMBL177880,O=C(O)c1cc2ccccc2c(Cc2c(O)c(C(=O)O)cc3ccccc23)c1O,WLJNZVDCPSBLRP-UHFFFAOYSA-N,0
CHEMBL335,CHEMBL204813,CC(C)=CCC12Oc3cc(O)c(C4C=C(C)CC(c5ccc(O)cc5O)C4C(=O)c4ccc(O)cc4O)c(O)c3C(=O)C1(O)Oc1cc(O)ccc12,XETHJOZXBVWLLM-UHFFFAOYSA-N,1
CHEMBL335,CHEMBL280487,C=C1C(O)C2OC3(CCC(C=CC(C)C4CC(C)=CC5(OC(CC(C)(O)C(=O)O)CCC5O)O4)O3)CCC2OC1C(O)CC(C)C1OC2(CCCCO2)CCC1C,QNDVLZJODHBUFM-UHFFFAOYSA-N,1
CHEMBL335,CHEMBL361362,COc1cc(C2OCC3C(c4cc(OC)c(O)c(OC)c4)OCC23)cc(OC)c1O,KOWMJRJXZMEZLD-UHFFFAOYSA-N,0
CHEMBL335,CHEMBL2442947,CC(C)=CCc1c(O)c(CC=C(C)C)c2occ(-c3ccc(O)c(O)c3)c(=O)c2c1O,OAUIRSVJXOFAOO-UHFFFAOYSA-N,1
CHEMBL335,CHEMBL562810,CC(C)=CCCC(C)=CCCC(C)=CCc1c(O)cc(O)cc1-c1cc2ccc(O)cc2o1,YUFBSQFJPYHMTK-UHFFFAOYSA-N,1
CHEMBL335,CHEMBL2414202,CC1=CC=C(C(C)C)CCC(C)=CCCC(C)=CCC1,UJUWZMUCEGGBOH-UHFFFAOYSA-N,0
CHEMBL335,CHEMBL1688937,Oc1ccc(C2OCC3C(c4ccc(O)c(O)c4)OCC23)cc1O,OQSOTSIYXPYTRE-UHFFFAOYSA-N,0
CHEMBL335,CHEMBL378806,CC1=CC(c2c(O)cc(-c3cc4ccc(O)cc4o3)cc2O)C(C(=O)c2ccc(O)cc2O)C(c2ccc(O)cc2O)C1,WTGKDESIYCVAOP-UHFFFAOYSA-N,1
CHEMBL335,CHEMBL4105170,C=C1CCC=C(COC(C)=O)CCC(C(C)C)C(O)C1O,YZNCRQUUJRSIQX-UHFFFAOYSA-N,1
CHEMBL335,CHEMBL460860,OCC1OC(Oc2c(O)cc(O)cc2C=Cc2ccc(O)cc2)C(O)C(O)C1O,JAYVHSBYKLLDJC-UHFFFAOYSA-N,0
CHEMBL335,CHEMBL205924,CC(C)(O)C1Cc2cc3cc(-c4cc(O)cc(O)c4)oc3cc2O1,HMTMYIWMPJSCAZ-UHFFFAOYSA-N,0
CHEMBL335,CHEMBL454431,COC(=O)c1c(C)cc(O)cc1O,NCCWCZLEACWJIN-UHFFFAOYSA-N,0
CHEMBL335,CHEMBL517247,CC(C)=CCCC(C)=CCc1c(O)ccc2cc(-c3cc(O)cc(O)c3CC=C(C)C)oc12,WCJPAQJEARHLGS-UHFFFAOYSA-N,1
CHEMBL335,CHEMBL561971,CC1(C)Oc2cc3oc(-c4cc(O)cc(O)c4)cc3cc2CC1O,QFUCSEIKNTUPPA-UHFFFAOYSA-N,0
CHEMBL335,CHEMBL570526,CC(C)=CCc1c(O)cc(C(=O)C2C(c3c(O)ccc(C(=O)C=Cc4ccc(O)cc4)c3O)C=C(C)CC2c2ccc(O)cc2O)cc1O,PXFKYAIDSYKIJA-UHFFFAOYSA-N,1
CHEMBL335,CHEMBL9470,CC(C)=CCC(O)C1=CC(=O)c2c(O)ccc(O)c2C1=O,NEZONWMXZKDMKF-UHFFFAOYSA-N,0
CHEMBL335,CHEMBL460862,COc1cc(C2OCC3C(c4ccc(O)c(OC)c4)OCC23)ccc1O,HGXBRUKMWQGOIE-UHFFFAOYSA-N,0
CHEMBL335,CHEMBL238188,CC(C)=CCc1c2c(c3occ(-c4ccc(O)cc4)c(=O)c3c1O)C=CC(C)(C)O2,DCTLJGWMHPGCOS-UHFFFAOYSA-N,0
CHEMBL335,CHEMBL513969,C=C(C)C=Cc1cc(C2CC(=O)c3c(O)cc(O)cc3O2)cc(CC=C(C)C)c1OC,NCRSCUAICIRLHP-UHFFFAOYSA-N,0
CHEMBL335,CHEMBL4165207,CC1(C)CC(O)C2(CO)C(O)CC3(C)C(=CCC4C5(C)CCC(O)C(C)(C)C5CCC43C)C2C1,CTNHZEZBBGIUJB-UHFFFAOYSA-N,1
CHEMBL335,CHEMBL260553,CC(C)=CCc1c(O)cc2oc3cc(O)c(O)c(CC=C(C)C)c3c(=O)c2c1O,VEZXFTKZUMARDU-UHFFFAOYSA-N,1
CHEMBL335,CHEMBL3581568,CC(=O)OC1CCC2(C)C(=CCC3c4ccc(C(C)C5NCC(C)CC5O)c(C)c4CC32)C1,JYLXRDJEJNXLAL-UHFFFAOYSA-N,1
CHEMBL335,CHEMBL1160559,O=C(O)c1ccc2ccccc2n1,LOAUVZALPPNFOQ-UHFFFAOYSA-N,0
CHEMBL335,CHEMBL4217516,COc1c(O)cc2oc3cc(O)c(CCC(C)(C)O)c(O)c3c(=O)c2c1CC=C(C)C,JSXIWUDODLMCGG-UHFFFAOYSA-N,0
CHEMBL335,CHEMBL207494,COC(=O)C12CCC3(C)CCC(C)(C)CC3C1=CCC1C3(C)CCC(O)C(C)(C)C3CCC12C,HEDYWHFMTAMIIX-UHFFFAOYSA-N,0
CHEMBL335,CHEMBL210970,CC1(C)CCC2(C)CCC3(C(=O)O)C(=CCC4C5(C)CCC(O)C(C)(C)C5CCC43C)C2C1,QGOSJBZFTWGWDU-UHFFFAOYSA-N,1
CHEMBL335,CHEMBL2205166,CC(C)=CCCC(C)=CCc1c(O)c(CC=C(C)C)c2c(c1O)C(=O)C1=CC3CC4C(C)(C)OC(CC=C(C)C(=O)O)(C3=O)C14O2,RCWNBHCZYXWDOV-UHFFFAOYSA-N,1
CHEMBL335,CHEMBL51931,O=C1C(=O)c2ccccc2-c2ccccc21,YYVYAPXYZVYDHN-UHFFFAOYSA-N,0
CHEMBL335,CHEMBL3394772,COCc1ccc(-c2ccc(O)cc2O)c(C(O)(c2ccc(O)cc2)c2ccc(O)cc2)c1C#Cc1ccc(O)cc1,VUZJHKHDRPDRJZ-UHFFFAOYSA-N,0
CHEMBL335,CHEMBL323197,COc1c(O)cc2oc3cc(O)c(CC=C(C)C)c(O)c3c(=O)c2c1CC=C(C)C,GNRIZKKCNOBBMO-UHFFFAOYSA-N,1
CHEMBL335,CHEMBL2332880,CC(C)=C1CC2C(CCC2(C)O)C(C)(O)CC1=O,TXIKNNOOLCGADE-UHFFFAOYSA-N,0
CHEMBL335,CHEMBL4095800,COC1C2CC3C(C)(C)OC(CC=C(C)C(=O)O)(C2=O)C32Oc3c(CC=C(C)C)c4c(c(O)c3C(=O)C12)C=CC(C)(CCC=C(C)C)O4,WRIWCDIPAFGNEY-UHFFFAOYSA-N,1
CHEMBL335,CHEMBL3581564,CC1=C2C(=O)C3C(CC=C4CC(OC=O)CCC43C)C2CCC12OC1CC(C)CNC1C2C,RSRKUUDRGRLQRU-UHFFFAOYSA-N,0
CHEMBL335,CHEMBL1782240,CC(C)=CCc1c(O)c(CC=C(C)C)c2oc3ccc(O)cc3c(=O)c2c1O,CBJCQKZZWUEEQY-UHFFFAOYSA-N,1
CHEMBL335,CHEMBL518227,CC1(C)CC(O)C2(CO)C(C1)C1=CCC3C4(C)CCC(O)C(C)(C)C4CCC3(C)C1(C)C(O)C2O,MBKUYULYIBPFSF-UHFFFAOYSA-N,0
CHEMBL335,CHEMBL1782241,CC(C)=CCCC(C)=CCc1c(O)c(CC=C(C)C)c(O)c2c(=O)c3cc(O)ccc3oc12,ZHJQVNDLFGICFY-UHFFFAOYSA-N,1
CHEMBL335,CHEMBL289191,C=C(C)C1CCC2(C)CCC3(C)C(CCC4C5(C)CCC(O)C(C)(C)C5CCC43C)C12,MQYXUWHLBZFQQO-UHFFFAOYSA-N,1
CHEMBL335,CHEMBL555017,CC(C)=CCCC1(C)C=Cc2c(O)c3c(c(CC=C(C)C)c2O1)OC12C(=CC4CC1C(C)(C)OC2(CC=C(C)C(=O)O)C4=O)C3=O,GEZHEQNLKAOMCA-UHFFFAOYSA-N,1
CHEMBL335,CHEMBL115452,CC(C)=CCc1cc(C(=O)C=Cc2ccc(O)c(O)c2)c(O)cc1O,FEALTYYKRMRXTG-UHFFFAOYSA-N,0
CHEMBL335,CHEMBL4209191,CC(C)=CCCC(C)=CCOc1ccc2oc3cc(O)cc(O)c3c(=O)c2c1,WOPKDKPJTJHLPB-UHFFFAOYSA-N,0
CHEMBL335,CHEMBL113833,CC(C)=CCc1cc(-c2oc3cc(O)cc(O)c3c(=O)c2O)cc(O)c1O,WOMWVGHYSNATOB-UHFFFAOYSA-N,0
CHEMBL335,CHEMBL139702,C=CC(C)(C)c1cc(C=CC(=O)c2ccc(O)cc2)c(OC)cc1O,KAZSKMJFUPEHHW-UHFFFAOYSA-N,0
CHEMBL335,CHEMBL2332430,CC1=CC(=O)C(=C(C)C)CC2C1CCC2(C)O,RHBOHEXDGUVIIY-UHFFFAOYSA-N,0
CHEMBL335,CHEMBL459814,CC1=CCCC2C1(C)CCC(C)C2(C)Cc1cc(O)ccc1O,JSPUCPNQXKTYRO-UHFFFAOYSA-N,0
CHEMBL335,CHEMBL4090412,COC1C2CC3C(C)(C)OC(CC=C(C)C(=O)O)(C2=O)C32Oc3c(CC=C(C)C)c4c(c(O)c3C(=O)C12)C=CC(C)(C)O4,YWPUDSYPVZVGNW-UHFFFAOYSA-N,1
CHEMBL335,CHEMBL595,CCc1ccc(CCOc2ccc(CC3SC(=O)NC3=O)cc2)nc1,HYAFETHFCAUJAY-UHFFFAOYSA-N,0
CHEMBL335,CHEMBL50,O=c1c(O)c(-c2ccc(O)c(O)c2)oc2cc(O)cc(O)c12,REFJWTPEDVJJIY-UHFFFAOYSA-N,0
CHEMBL335,CHEMBL455098,CC1(C)CCC2(C)CCC3(C)C(=CCC4C5(C)CCC(O)C(C)(C)C5CCC43C)C2C1,JFSHUTJDVKUMTJ-UHFFFAOYSA-N,0
CHEMBL335,CHEMBL2332431,CC1=CC(=O)C(=C(C)C)CC2C(C)(O)CCC12O,IXQJBPRUTQTCMW-UHFFFAOYSA-N,0
CHEMBL335,CHEMBL4088075,CC(C)=CCc1c2c(c(O)c3c1OC14C(=CC5CC1C(C)(C)OC4(CC=C(C)C)C5=O)C3=O)C=CC(C)(C)O2,VZQQLPACAVHZQT-UHFFFAOYSA-N,0
CHEMBL335,CHEMBL65369,O=C(O)c1cccc(O)c1,IJFXRHURBJZNAO-UHFFFAOYSA-N,0
CHEMBL335,CHEMBL455357,CC1CCC2(C)CCC3(C)C(=CCC4C5(C)CCC(O)C(C)(C)C5CCC43C)C2C1C,FSLPMRQHCOLESF-UHFFFAOYSA-N,0
CHEMBL335,CHEMBL1461,O=C(O)c1cc(O)ccc1O,WXTMDXOMEHJXQO-UHFFFAOYSA-N,0
CHEMBL335,CHEMBL95308,O=C(O)c1cc(O)cc(O)c1,UYEMGAFJOZZIFP-UHFFFAOYSA-N,0
CHEMBL335,CHEMBL441687,CC1(C(=O)O)CCC2(C)CCC3(C)C(=CC(=O)C4C5(C)CCC(OC6OC(C(=O)O)C(O)C(O)C6OC6OC(C(=O)O)C(O)C(O)C6O)C(C)(C)C5CCC43C)C2C1,LPLVUJXQOOQHMX-UHFFFAOYSA-N,0
CHEMBL335,CHEMBL1086765,CC(C)=CCc1cc2c(cc1O)OC1c3ccc(O)c(CC=C(C)C)c3OCC21,SAXBNTXROWQAKX-UHFFFAOYSA-N,1
CHEMBL335,CHEMBL470454,CC(C)=CCc1cc(C2CC(=O)c3ccc(O)cc3O2)cc(CC=C(C)C)c1O,JBQLRZGPTDOWQA-UHFFFAOYSA-N,0
CHEMBL335,CHEMBL455372,CC(C)=CCc1cc2c(cc1O)OCC1c3ccc(O)c(CC=C(C)C)c3OC21,LDKAMVCGTURXMH-UHFFFAOYSA-N,0
CHEMBL335,CHEMBL3400666,COc1ccc2c3ccn(C)c4cc(=O)c(=O)n(c3-4)c2c1,OXLYRYAVJWCSDD-UHFFFAOYSA-N,0
CHEMBL335,CHEMBL4456769,C=C1C2CCC3C(O)C2(CC(O)C2(O)C1CC(O)C2(C)C)CC3(C)O,KEOQZUCOGXIEQR-UHFFFAOYSA-N,0
CHEMBL335,CHEMBL3983611,CC(C)CC(c1c(O)c(C=O)c(O)c(C=O)c1O)C1(C)CCC2C1C1C(CCC2(C)O)C1(C)C,IBLPTYJTKWQCDX-UHFFFAOYSA-N,1
CHEMBL335,CHEMBL233147,CC1(C)C=Cc2c(O)ccc(-c3cc4ccc(O)cc4o3)c2O1,SJIZTMNAKZAOTA-UHFFFAOYSA-N,0
CHEMBL335,CHEMBL238628,CC1(C)C=Cc2c(cc3occ(-c4ccc(O)cc4)c(=O)c3c2O)O1,RQAMSFTXEFSBPK-UHFFFAOYSA-N,0
CHEMBL335,CHEMBL470249,COc1c(CC=C(C)C)cc(C2CC(=O)c3c(O)cc(O)cc3O2)cc1CC=C(C)C,JHEBMTRMMJXPTM-UHFFFAOYSA-N,0
CHEMBL335,CHEMBL233767,COc1ccc2cc(-c3ccc(O)cc3OC)oc2c1,YCDZKMJZSGRQML-UHFFFAOYSA-N,0
CHEMBL335,CHEMBL508534,CC(C)=CCc1c(O)ccc2c1OC1c3ccc(O)cc3OCC21,OFWYIUYVHYPQNX-UHFFFAOYSA-N,0
CHEMBL335,CHEMBL182653,COc1ccc(C=CC(=O)c2ccc(O)cc2O)cc1,ADRQFDIWPRFKSP-UHFFFAOYSA-N,0
CHEMBL335,CHEMBL4059903,CC(C)=CCc1cc(C=CC(=O)c2ccc3c(c2O)C=CC(C)(C)O3)ccc1O,WRNYEZGVIHDIGH-UHFFFAOYSA-N,1
CHEMBL335,CHEMBL465069,COc1cc(O)c2c3c1-c1c(O)cccc1C1Oc4ccccc4C(CC2=O)C31,ZVFNSNHXUYAPTP-UHFFFAOYSA-N,1
CHEMBL335,CHEMBL129795,O=C(C=Cc1ccc(O)cc1)c1ccc(O)cc1O,DXDRHHKMWQZJHT-UHFFFAOYSA-N,0
CHEMBL335,CHEMBL590635,CC(C)=CCc1cc(C2CC(=O)c3ccc4c(c3O2)C=CC(C)(C)O4)ccc1O,NEIURIYDQMKXIG-UHFFFAOYSA-N,1
CHEMBL335,CHEMBL470452,COc1c(CC=C(C)C)cc(C2CC(=O)c3ccc(O)cc3O2)cc1CC=C(C)C,UOOVGAFDYLDFRW-UHFFFAOYSA-N,0
CHEMBL335,CHEMBL470655,CC(C)=CCc1cc(C2CC(=O)c3c(O)cc(O)cc3O2)cc2c1OC(C)(C)C=C2,CKTMJKHXYHXNKU-UHFFFAOYSA-N,0
CHEMBL335,CHEMBL1087027,CC(C)=CCc1c(O)ccc2c1OCC1c3ccc(O)cc3OC21,QKYUTKLCEVEMIE-UHFFFAOYSA-N,0
CHEMBL335,CHEMBL464581,CC(C)=CCc1c(O)ccc(C2COc3c(ccc4c3C=CC(C)(C)O4)C2)c1O,HZHXMXSXYQCAIG-UHFFFAOYSA-N,1
CHEMBL335,CHEMBL233766,CC1(C)C=Cc2c(ccc(-c3cc4ccc(O)cc4o3)c2O)O1,AOVQEAUIBICOLQ-UHFFFAOYSA-N,0
CHEMBL335,CHEMBL2322191,C=C(CCC(C)C1CCC2C3CCC4=CC(=O)CCC4(C)C3CCC12C)C(C)C,JRMPVNVOLQJLJX-UHFFFAOYSA-N,0
CHEMBL335,CHEMBL2437364,COc1c(C2c3c(cc(O)c(O)c3OC)C=C(C(=O)c3ccc(O)cc3)C2C(=O)c2ccc(O)cc2)ccc(O)c1O,WJSPTHUPUYBNNI-UHFFFAOYSA-N,0
CHEMBL335,CHEMBL487804,CC(C)=CCCC(C)=CCCC(C)=CCc1c(O)cc(C)cc1O,PZHNKNRPGLTZPO-UHFFFAOYSA-N,1
CHEMBL335,CHEMBL388590,CCc1oc2ccccc2c1C(=O)c1cc(Br)c(O)c(Br)c1,WHQCHUCQKNIQEC-UHFFFAOYSA-N,0
CHEMBL335,CHEMBL229506,CC(C)=CCc1cc(C2CC(=O)c3c(O)cc(O)cc3O2)c(CC=C(C)C)c(O)c1O,BVHLNRAYBCPKOY-UHFFFAOYSA-N,0
CHEMBL335,CHEMBL253467,CC(C)=CCc1c(O)ccc(C(=O)C=Cc2ccc(O)cc2)c1O,DUWPGRAKHMEPCM-UHFFFAOYSA-N,0
CHEMBL335,CHEMBL389736,COc1cc(C2CC(=O)c3c(O)cc(O)cc3O2)cc2c1OC(C)(C)C=C2,SDUMAACMVUGGAC-UHFFFAOYSA-N,0
CHEMBL335,CHEMBL492472,CC1(C)CCC2(C(=O)O)CCC3(C)C(=CCC4C5(C)CCC(O)C(C)(CO)C5CCC43C)C2C1,PGOYMURMZNDHNS-UHFFFAOYSA-N,0
CHEMBL335,CHEMBL469824,COc1ccc(-c2coc3cc(O)c(OC)cc3c2=O)cc1O,BYNYZQQDQIQLSO-UHFFFAOYSA-N,0
CHEMBL335,CHEMBL1208973,O=c1cc(-c2ccc(O)cc2)oc2c(-c3c(O)cc(O)c4c(=O)cc(-c5ccc(O)cc5)oc34)c(O)cc(O)c12,LADPNODMUXOPRG-UHFFFAOYSA-N,1
CHEMBL335,CHEMBL578609,C=C(C)C(C)c1cc(C=CC(=O)c2ccc(O)cc2)c(OC)cc1O,SWPKMTGYQGHLJS-UHFFFAOYSA-N,0
CHEMBL335,CHEMBL492457,CC1CCC2(C(=O)O)CCC3(C)C(=CCC4C5(C)CCC(O)C(C)(C(=O)O)C5CCC43C)C2C1(C)O,UIEGOKVPCRANSU-UHFFFAOYSA-N,0
CHEMBL335,CHEMBL493893,CC1(C)CCC2(C(=O)O)CCC3(C)C(=CCC4C5(C)CCC(O)C(C)(CO)C5CCC43C)C2C1O,TUOYZAJHBIXONX-UHFFFAOYSA-N,0
CHEMBL335,CHEMBL362378,CC1(C)C=Cc2c(ccc(C(=O)C=Cc3ccc(O)cc3)c2O)O1,IQHPDUUSMBMDGN-UHFFFAOYSA-N,0
CHEMBL335,CHEMBL2437370,COc1c(C=CC(=O)c2ccc(O)c(O)c2)ccc(O)c1CC=C(C)C,RDYZHQQZLIBKBP-UHFFFAOYSA-N,0
CHEMBL335,CHEMBL141207,COc1c(C=CC(=O)c2ccc(O)cc2)ccc(O)c1CC=C(C)C,WBDNTJSRHDSPSR-UHFFFAOYSA-N,0
CHEMBL335,CHEMBL1223582,COc1c(CC=C(C)C)c(O)cc(O)c1-c1oc2cc(O)ccc2c1C,OEIIVGQLDAYZNT-UHFFFAOYSA-N,0
CHEMBL335,CHEMBL491515,CC(C)=CCc1cc(-c2coc3cc(O)cc(O)c3c2=O)cc(O)c1O,JOQWUUJQWPZLAT-UHFFFAOYSA-N,0
CHEMBL335,CHEMBL486986,CC1CCC2(C(=O)O)CCC3(C)C(=CCC4C5(C)CCC(O)C(C)(C)C5CCC43C)C2C1(C)O,ZZTYPLSBNNGEIS-UHFFFAOYSA-N,1
CHEMBL335,CHEMBL611368,COc1c(CC=C(C)C)c(O)cc2oc(-c3ccc(O)cc3O)cc12,CNPMAFLUEHEXRE-UHFFFAOYSA-N,0
CHEMBL335,CHEMBL1223642,COc1c(CC=C(C)C)c(O)cc2oc(=O)c(-c3ccc(O)cc3O)cc12,NZYSZZDSYIBYLC-UHFFFAOYSA-N,0
CHEMBL335,CHEMBL494111,CC1CCC2(C(=O)O)CCC3(C)C(=CCC4C5(C)CCC(=O)C(C)(CO)C5CCC43C)C2C1(C)O,DICFMPCEXYENLE-UHFFFAOYSA-N,1
CHEMBL335,CHEMBL388722,COc1cc(C2CC(=O)c3c(O)cc(O)cc3O2)cc(CC=C(C)C)c1O,UQFQODVSORPELA-UHFFFAOYSA-N,0
CHEMBL335,CHEMBL2437367,CC(C)=CCc1cc(C(=O)C2(c3cc(O)c(O)cc3C=C3Oc4c(ccc(O)c4CC=C(C)C)C3=O)Oc3cc(O)c(CC=C(C)C)cc3C2=O)ccc1O,MEJLVLSNRYLDSG-UHFFFAOYSA-N,1
CHEMBL335,CHEMBL1223641,COc1cc(O)cc2occ(-c3cc(O)c(O)c(CC=C(C)C)c3)c(=O)c12,PYVPKOSKOWDDSV-UHFFFAOYSA-N,0
CHEMBL335,CHEMBL229617,CC1(C)C=Cc2cc(C3CC(=O)c4c(O)cc(O)cc4O3)cc(O)c2O1,RFBNSYVWJNUVHE-UHFFFAOYSA-N,0
CHEMBL335,CHEMBL506929,CC(C)=CCc1cc2c(=O)cc(-c3ccc(O)cc3)oc2cc1O,HJGURBGBPIKRER-UHFFFAOYSA-N,0
CHEMBL335,CHEMBL486822,CC(=O)OC1CCC2(C)C(CCC3(C)C2CC=C2C4CC(C)(C)CCC4(C(=O)O)CCC23C)C1(C)C,RIXNFYQZWDGQAE-UHFFFAOYSA-N,0
CHEMBL335,CHEMBL141530,COc1cc(O)ccc1C=CC(=O)c1ccc(O)cc1,QJKMIJNRNRLQSS-UHFFFAOYSA-N,0
CHEMBL335,CHEMBL600457,CC1(C)C=Cc2c(ccc(-c3coc4cc(O)ccc4c3=O)c2O)O1,COLMVFWKLOZOOP-UHFFFAOYSA-N,0
CHEMBL335,CHEMBL2437368,CC(C)=CCc1cc(C23Oc4cc(O)c(CC=C(C)C)cc4C(=O)C2C2c4ccc(O)cc4OC4Oc5c(ccc(O)c5CC=C(C)C)C42O3)ccc1O,IUNNUKJWKPJUCQ-UHFFFAOYSA-N,0
CHEMBL335,CHEMBL229671,CC(C)=CCc1cc(-c2cc(=O)c3c(O)cc(O)cc3o2)ccc1O,PFQMUQWFRINBBG-UHFFFAOYSA-N,0
CHEMBL335,CHEMBL229454,CC(C)=CCc1cc(C2CC(=O)c3c(O)cc(O)cc3O2)cc(O)c1O,SFQIGPZCFNTPOD-UHFFFAOYSA-N,0
CHEMBL335,CHEMBL2437363,CC(C)=CCc1cc(CC(O)C(=O)c2cc(CC=C(C)C)c(O)cc2O)ccc1O,DKIYWPRXYDNQFG-UHFFFAOYSA-N,0
CHEMBL335,CHEMBL480477,CC1(C)C=Cc2c(ccc3c2OCC(c2ccc(O)cc2O)C3)O1,LBQIJVLKGVZRIW-UHFFFAOYSA-N,0
CHEMBL335,CHEMBL561840,CC1(C)C=Cc2cc(C=CC(=O)c3ccc(O)cc3O)ccc2O1,TUHJQMZJOMZXJO-UHFFFAOYSA-N,0
CHEMBL335,CHEMBL492458,C=C1CCC2(C(=O)O)CCC3(C)C(=CCC4C5(C)CCC(O)C(C)(CO)C5CCC43C)C2C1(C)O,GNUFXZJKHUYVFB-UHFFFAOYSA-N,0
CHEMBL335,CHEMBL2437373,CC(C)=CCc1cc(C(=O)CC(=O)c2cc(CC=C(C)C)c(O)cc2O)ccc1O,VDOHBGQSFOWYTB-UHFFFAOYSA-N,0
CHEMBL335,CHEMBL229670,COc1cc(C2CC(=O)c3ccc(O)cc3O2)cc(CC=C(C)C)c1O,GZTDFKLABHOHBU-UHFFFAOYSA-N,0
CHEMBL335,CHEMBL399873,CC1CCC2(CO)CCC3(C)C(=CCC4C5(C)CCC(O)C(C)(C)C5CCC43C)C2C1C,XUARCIYIVXVTAE-UHFFFAOYSA-N,0
CHEMBL335,CHEMBL463947,CC(C)=CCc1cc(C2Oc3c(ccc(O)c3CC=C(C)C)C(=O)C2O)ccc1O,LAQLCZKPJGMFRM-UHFFFAOYSA-N,0
CHEMBL335,CHEMBL508727,CC(C)=CCc1cc(C=CC(=O)c2ccc(O)cc2O)cc(CC=C(C)C)c1O,PEKZTKWPHQWTIM-UHFFFAOYSA-N,0
CHEMBL335,CHEMBL2373418,CC(C)CC(=O)OCC1CC23CCC4C(C)(C(=O)O)CCCC4(C)C2CCC1C3,ZOILZTWSQHWPGH-UHFFFAOYSA-N,1
CHEMBL335,CHEMBL389166,O=c1c2cc(O)ccc2oc2cccc(O)c12,KDXFPEKLLFWHMN-UHFFFAOYSA-N,0
CHEMBL335,CHEMBL4069603,C=CC(C)(C)c1cc(O)c(O)c2c(=O)c3cc4c(c(O)c3oc12)OC(C)(C)C=C4,CDLSCSXOZKFNDL-UHFFFAOYSA-N,0
CHEMBL335,CHEMBL2088612,C=C1CCC2(C(=O)O)CCC3(C)C(=CCC4C5(C)CC(O)C(O)C(C)(CO)C5CCC43C)C2C1C,FFMVHFPLIIYYNC-UHFFFAOYSA-N,0
CHEMBL335,CHEMBL1951709,CC(C)=C1CC=C(C2CCC3(C)C2CCC2C4(C)CCC(O)C(C)(C)C4CCC23C)C1=O,PTTPQVVXFQBCKP-UHFFFAOYSA-N,0
CHEMBL335,CHEMBL4093732,C=CC(C)(C)c1cc(O)c(O)c2c(=O)c3ccc(O)c(O)c3oc12,ZBJZNRJIJCYESW-UHFFFAOYSA-N,0
CHEMBL335,CHEMBL207043,C=CC1(C)CCC2(O)C(C1)C(=O)CC1C(C)(C(=O)O)CCCC12C,QWUJSFMPRYDMES-UHFFFAOYSA-N,0
CHEMBL335,CHEMBL207041,C=CC1(C)C=C2C(O)CC3C(C)(C(=O)O)CCCC3(C)C2CC1,PLKOJNUQWAKPNC-UHFFFAOYSA-N,0
CHEMBL335,CHEMBL2313423,CC(=O)OC1CCC2(C)C(CCC3(C)C2CCC2C(C4=CC(CC(C)(C)O)OC4=O)CCC23C)C1(C)C,ZLAWDYMKBWCNPW-UHFFFAOYSA-N,0
CHEMBL335,CHEMBL52347,O=C1C=Cc2ccccc2C1=O,KETQAJRQOHHATG-UHFFFAOYSA-N,1
CHEMBL335,CHEMBL375563,CC(C)=CCCC(C)(O)C1CCC2(C)C1C(O)CC1C3(C)CCC(O)C(C)(C)C3CCC12C,PYXFVCFISTUSOO-UHFFFAOYSA-N,0
CHEMBL335,CHEMBL269277,C=C(C)C1CCC2(C(=O)O)CCC3(C)C(CCC4C5(C)CCC(O)C(C)(C)C5CCC43C)C12,QGJZLNKBHJESQX-UHFFFAOYSA-N,1
CHEMBL335,CHEMBL367881,CC(=O)C1=C(O)C=C2Oc3c(C(C)=O)c(O)c(C)c(O)c3C2(C)C1=O,WEYVVCKOOFYHRW-UHFFFAOYSA-N,0
CHEMBL335,CHEMBL5220958,Cc1c(OC2OC(COC3OCC(O)C(O)C3O)C(O)C(O)C2O)cc2c(c1O)C(=O)c1ccccc1C2=O,MICKPSHQKPCYJH-UHFFFAOYSA-N,0
CHEMBL335,CHEMBL221907,CC(C)=CCc1c(-c2ccc(O)cc2O)oc2cc3c(c(O)c2c1=O)C=CC(C)(C)O3,XIWCDUHPYMOFIL-UHFFFAOYSA-N,0
CHEMBL335,CHEMBL1951707,CC(C)=C1CC=C(C2CCC3(C)C2CCC2C4=C(CCC23C)C(C)(C)C2CCC4O2)C1=O,PYGRZYXAMLFMOS-UHFFFAOYSA-N,0
CHEMBL335,CHEMBL115590,C=CC1(C)CC=C2C(CCC3C(C)(CO)CCCC23C)C1,YSFNIVKHYKBKHI-UHFFFAOYSA-N,0
CHEMBL335,CHEMBL2374013,CC1(O)CC23CCC4C(C)(C(=O)O)CCCC4(C)C2CCC1C3,XJSSRXITQUJZLO-UHFFFAOYSA-N,0
CHEMBL335,CHEMBL48449,CC12C(=O)OC(=O)C1(C)C1CCC2O1,DHZBEENLJMYSHQ-UHFFFAOYSA-N,1
CHEMBL335,CHEMBL2313421,CC(C)(O)CC1C=C(C2CCC3(C)C2CCC2C4(C)CCC(O)C(C)(C)C4CCC23C)C(=O)O1,QDAUOBHGLHSXJU-UHFFFAOYSA-N,0
CHEMBL335,CHEMBL1951708,CC(C)=C1CC(C2CCC3(C)C2CCC2C4=C(CCC23C)C(C)(C)C2CCC4O2)=CC1=O,NNUMQZNZQGQGCN-UHFFFAOYSA-N,0
CHEMBL335,CHEMBL152325,C=CC1(C)CC=C2C(CCC3C(C)(C(=O)O)CCCC23C)C1,TVHDZSRRHQKNEZ-UHFFFAOYSA-N,0
CHEMBL335,CHEMBL2018876,CC(C)=CCc1c(O)cc(-c2cc3ccc(O)cc3o2)cc1O,ZTGHWUWBQNCCOH-UHFFFAOYSA-N,1
CHEMBL335,CHEMBL489140,C=C1CC23CCC4C(C)(C(=O)O)CCCC4(C)C2CCC1C3,NIKHGUQULKYIGE-UHFFFAOYSA-N,0
CHEMBL335,CHEMBL4068177,C=CC(C)(C)c1cc(O)c(O)c2c(=O)c3cccc(O)c3oc12,OBZOCMORJAPERH-UHFFFAOYSA-N,0
CHEMBL335,CHEMBL4081488,O=c1c2cccc(O)c2oc2c(O)ccc(O)c12,HFSVZCUBASBXKP-UHFFFAOYSA-N,0
CHEMBL335,CHEMBL2313417,C=C(C)C(O)CCC(C)(O)C1CCC2(C)C1C(O)CC1C3(C)CCC(O)C(C)(C)C3CCC12C,CZGYKNXFDCANHD-UHFFFAOYSA-N,0
CHEMBL335,CHEMBL145,O=C(O)C=Cc1ccc(O)c(O)c1,QAIPRVGONGVQAS-UHFFFAOYSA-N,1
CHEMBL335,CHEMBL187460,CC1COC2=C1C(=O)C(=O)c1c2ccc2c1CCCC2(C)C,GVKKJJOMQCNPGB-UHFFFAOYSA-N,0
CHEMBL335,CHEMBL2159049,CC(C)=CCc1c2c(c(O)c3c(=O)c(-c4ccc(O)cc4)coc13)CC(C(C)(C)O)O2,LKFQSODZCVNSSG-UHFFFAOYSA-N,0
CHEMBL335,CHEMBL1782238,CC(C)=CCC12OC(C)(C)C3CC(C=C4C(=O)c5c(O)cc(O)cc5OC431)C2=O,XCRBRZWMQVMPIY-UHFFFAOYSA-N,1
CHEMBL335,CHEMBL462894,COC(=O)C1=COC(OC2OC(CO)C(O)C(O)C2O)C2C(CO)=CCC12,IBFYXTRXDNAPMM-UHFFFAOYSA-N,0
CHEMBL335,CHEMBL1811969,COc1cc(C2CC(=O)c3ccc(O)cc3O2)ccc1O,VSYNGSXKXHXJHX-UHFFFAOYSA-N,0
CHEMBL335,CHEMBL4064802,CC(C)=CCc1c(O)ccc(C2COc3cc(O)c(CC=C(C)C)c(O)c3C2=O)c1O,RIWDYFGEQJAMKI-UHFFFAOYSA-N,1
CHEMBL335,CHEMBL2414206,CC1=CCCC(C)=CCC(=C(C)C)CCC(C)=CCC1,SHVZFTWRFOQOFU-UHFFFAOYSA-N,0
CHEMBL335,CHEMBL68727,CC1(C)Oc2ccc3ccc(=O)oc3c2C(O)C1O,HKXQUNNSKMWIKJ-UHFFFAOYSA-N,0
CHEMBL335,CHEMBL1722838,COc1ccc(C(=O)C=Cc2ccc(O)cc2)c(O)c1CC=C(C)CCC=C(C)C,XBFSDEKOTLYPJU-UHFFFAOYSA-N,1
CHEMBL335,CHEMBL82242,CC1OC(Oc2c(-c3ccc(O)c(O)c3)oc3cc(O)cc(O)c3c2=O)C(O)C(O)C1O,OXGUCUVFOIWWQJ-UHFFFAOYSA-N,0
CHEMBL335,CHEMBL494083,CC(C)=CCCC(C)=CCc1c(O)ccc(C(=O)C=Cc2ccc(O)cc2)c1O,LRSMBOSQWGHYCW-UHFFFAOYSA-N,1
CHEMBL335,CHEMBL458094,COc1ccc(C(=O)C=Cc2ccc(O)cc2)c(O)c1CC=C(C)C,XDKYBPGIBVMHHB-UHFFFAOYSA-N,1
CHEMBL335,CHEMBL457257,CC=C(C)C(=O)OC1Cc2c(ccc3ccc(=O)oc23)OC1(C)C,RRHCDWLSHIIIIT-UHFFFAOYSA-N,0
CHEMBL335,CHEMBL24171,COc1c2ccoc2cc2oc(=O)ccc12,BGEBZHIAGXMEMV-UHFFFAOYSA-N,0
