target_chembl_id,compound_chembl_id,c_smiles,noiso_InChIKey,active_label
CHEMBL4822,CHEMBL126079,O=C(OC1Cc2c(O)cc(O)cc2OC1c1cc(O)c(O)c(O)c1)c1cc(O)c(O)c(O)c1,WMBWREPUVVBILR-UHFFFAOYSA-N,1
CHEMBL4822,CHEMBL508791,Oc1cc(O)cc(Oc2c(O)cc(O)c3c2Oc2c(O)cc(Oc4c(O)cc(Oc5c(O)cc(O)c6c5Oc5c(O)cc(O)cc5O6)cc4O)cc2O3)c1,DRZQFGYIIYNNEC-UHFFFAOYSA-N,1
CHEMBL4822,CHEMBL510508,Oc1cc(O)cc(Oc2c(O)cc(O)c3c2Oc2c(O)cc4oc5c(Oc6cc(O)cc(O)c6)c(O)cc(O)c5c4c2O3)c1,SLWPBUMYPRVYIJ-UHFFFAOYSA-N,1
CHEMBL4822,CHEMBL129482,Oc1cc(O)c2c(c1)OC(c1ccc(O)c(O)c1)C(O)C2,PFTAWBLQPZVEMU-UHFFFAOYSA-N,0
CHEMBL4822,CHEMBL559870,Oc1cc(O)c2oc3cc(O)c4oc5cc(O)cc(O)c5oc4c3oc2c1,LBHQACSAGWCMAB-UHFFFAOYSA-N,1
CHEMBL4822,CHEMBL11608,NCCc1ccc(O)cc1,DZGWFCGJZKJUFP-UHFFFAOYSA-N,0
CHEMBL4822,CHEMBL453805,CC(C)=CCOc1c2occc2cc2ccc(=O)oc12,OLOOJGVNMBJLLR-UHFFFAOYSA-N,0
CHEMBL4822,CHEMBL179512,COc1cc(C=CC(O)=CC(=O)C=Cc2ccc(O)cc2)ccc1O,UEPVWRDHSPMIAZ-UHFFFAOYSA-N,0
CHEMBL4822,CHEMBL1412710,CC(C)=CCCC(C)=CCOc1c2occc2cc2ccc(=O)oc12,SOVNCTNQAWWYAQ-UHFFFAOYSA-N,0
CHEMBL4822,CHEMBL129451,O=C(OC1Cc2c(O)cc(O)cc2OC1c1ccc(O)c(O)c1)c1cc(O)c(O)c(O)c1,LSHVYAFMTMFKBA-UHFFFAOYSA-N,1
CHEMBL4822,CHEMBL125743,Oc1cc(O)c2c(c1)OC(c1cc(O)c(O)c(O)c1)C(O)C2,XMOCLSLCDHWDHP-UHFFFAOYSA-N,1
CHEMBL4822,CHEMBL129795,O=C(C=Cc1ccc(O)cc1)c1ccc(O)cc1O,DXDRHHKMWQZJHT-UHFFFAOYSA-N,0
CHEMBL4822,CHEMBL28,O=c1cc(-c2ccc(O)cc2)oc2cc(O)cc(O)c12,KZNIFHPLKGYRTM-UHFFFAOYSA-N,0
CHEMBL4822,CHEMBL473159,Oc1cc(O)cc(O)c1,QCDYQQDYXPDABM-UHFFFAOYSA-N,0
CHEMBL4822,CHEMBL116438,COc1cc(C=CC(=O)C=C(O)C=Cc2ccc(O)c(OC)c2)ccc1O,ZIUSSTSXXLLKKK-UHFFFAOYSA-N,1
CHEMBL4822,CHEMBL471187,Oc1cc(O)cc(Oc2c(O)cc(O)c3c2Oc2c(O)cc(O)cc2O3)c1,PCZZRBGISTUIOA-UHFFFAOYSA-N,0
CHEMBL4822,CHEMBL1221925,O=C1c2ccccc2C(=O)C1(O)O,FEMOMIGRRWSMCU-UHFFFAOYSA-N,0
CHEMBL4822,CHEMBL164,O=c1c(O)c(-c2cc(O)c(O)c(O)c2)oc2cc(O)cc(O)c12,IKMDFBPHZNJCSN-UHFFFAOYSA-N,1
CHEMBL4822,CHEMBL2397757,C=CC(c1ccccc1O)c1cc(O)c(OC)cc1OC,OJVQOGDGFIJYPN-UHFFFAOYSA-N,0
CHEMBL4822,CHEMBL496451,C=C(C)C(CC=C(C)C)Cc1c(O)cc(OC)c2c1OC(c1ccc(O)cc1OC)CC2=O,KTAQQSUPNZAWEY-UHFFFAOYSA-N,1
CHEMBL4822,CHEMBL509486,C=C(C)C(CCC(C)(C)O)Cc1c(O)cc(O)c2c1OC(c1ccccc1O)CC2=O,PMFICSJNAUBMIQ-UHFFFAOYSA-N,0
CHEMBL4822,CHEMBL518543,CC(C)=CCc1c(-c2ccc(O)cc2O)oc2c(CC=C(C)C)c(O)cc(O)c2c1=O,UWQYBLOHTQWSQD-UHFFFAOYSA-N,1
CHEMBL4822,CHEMBL1762683,Oc1cc(-c2ccccc2)c(O)cc1-c1ccccc1,BVVCBZSERKSMIE-UHFFFAOYSA-N,0
CHEMBL4822,CHEMBL463145,O=c1cc(-c2ccc(O)cc2O)oc2cc(O)cc(O)c12,ZSYPIPFQOQGYHH-UHFFFAOYSA-N,0
CHEMBL4822,CHEMBL455667,C=C(C)C(CCC(C)(C)O)Cc1c(O)cc(OC)c2c1OC(c1ccc(O)cc1O)CC2=O,XMUPAAIHKAIUSU-UHFFFAOYSA-N,0
CHEMBL4822,CHEMBL28626,O=c1c(O)c(-c2ccc(O)cc2O)oc2cc(O)cc(O)c12,YXOLAZRVSSWPPT-UHFFFAOYSA-N,0
CHEMBL4822,CHEMBL455679,C=C(C)C(CC=C(C)C)Cc1c(O)cc(O)c2c1OC(c1ccccc1O)CC2=O,OGBMVWVBHWHRGD-UHFFFAOYSA-N,1
CHEMBL4822,CHEMBL1719948,CC(C)(O)CCc1c(-c2ccc(O)cc2O)oc2c3c(cc(O)c2c1=O)OC(C)(C)C=C3,AFOKZNPZDXHDHD-UHFFFAOYSA-N,0
CHEMBL4822,CHEMBL243796,C=C(C)C(CC=C(C)C)Cc1c(O)cc(OC)c2c1OC(c1ccc(O)cc1O)CC2=O,LTTQKYMNTNISSZ-UHFFFAOYSA-N,1
CHEMBL4822,CHEMBL1770312,CC(C)=CCc1c(-c2ccc(O)c3c2OC(C)(C)C=C3)oc2cc(O)cc(O)c2c1=O,DBUNRZUFILGKHP-UHFFFAOYSA-N,1
CHEMBL4822,CHEMBL492828,COc1cc(O)c(CC=C(C)C)c2c1C(=O)CC(c1ccc(O)cc1)O2,YKGCBLWILMDSAV-UHFFFAOYSA-N,0
CHEMBL4822,CHEMBL1770313,CC(C)=CC1Oc2cc(O)ccc2-c2oc3c4c(cc(O)c3c(=O)c21)OC(C)(C)C=C4,GDQXJMLXEYSICD-UHFFFAOYSA-N,0
CHEMBL4822,CHEMBL243148,C=C(C)C(CC=C(C)C)Cc1c(O)cc(O)c2c1OC(c1ccc(O)cc1O)CC2=O,XRYVAQQLDYTHCL-UHFFFAOYSA-N,1
CHEMBL4822,CHEMBL464006,CC(C)=CCc1c(-c2ccc(O)cc2O)oc2c3c(cc(O)c2c1=O)OC(C)(C)C=C3,XFFOMNJIDRDDLQ-UHFFFAOYSA-N,0
CHEMBL4822,CHEMBL1770314,CC1(C)C=Cc2c(cc(O)c3c(=O)c4c(oc23)-c2ccc(O)cc2OC(C(C)(C)O)C4)O1,BKIVBOLDWRIFMA-UHFFFAOYSA-N,0
CHEMBL4822,CHEMBL150,O=c1c(O)c(-c2ccc(O)cc2)oc2cc(O)cc(O)c12,IYRMWMYZSQPJKC-UHFFFAOYSA-N,0
CHEMBL4822,CHEMBL453642,C=C(C)C(CC=C(C)C)Cc1c(O)cc(O)c2c1OC(c1ccc(O)cc1OC)CC2=O,YLTPWCZXKJSORQ-UHFFFAOYSA-N,1
CHEMBL4822,CHEMBL510120,CC1(C)OC1COc1c2ccoc2cc2oc(=O)ccc12,QTAGQHZOLRFCBU-UHFFFAOYSA-N,0
CHEMBL4822,CHEMBL1173444,CC(C)(O)C(O)COc1c2occc2cc2ccc(=O)oc12,FOINLJRVEBYARJ-UHFFFAOYSA-N,0
CHEMBL4822,CHEMBL452751,COc1c2ccoc2c(OCC=C(C)C)c2oc(=O)ccc12,BMLZFLQMBMYVHG-UHFFFAOYSA-N,0
CHEMBL4822,CHEMBL609987,CC(=O)NC(Cc1cc(F)cc(F)c1)C(O)CNC1(c2cccc(C(C)(C)C)c2)CCc2n[nH]cc2C1,BAILJXDQIBWAPX-UHFFFAOYSA-N,1
CHEMBL4822,CHEMBL307341,CC(C)=CCCC(C)=CCOc1ccc2ccc(=O)oc2c1,RSDDHGSKLOSQFK-UHFFFAOYSA-N,0
CHEMBL4822,CHEMBL52229,COc1ccc2ccc(=O)oc2c1CC=C(C)C,MBRLOUHOWLUMFF-UHFFFAOYSA-N,0
CHEMBL4822,CHEMBL164660,O=c1ccc2cc3ccoc3cc2o1,ZCCUUQDIBDJBTK-UHFFFAOYSA-N,0
CHEMBL4822,CHEMBL201152,CC(C)(O)C1Cc2c(ccc3ccc(=O)oc23)O1,YRAQEMCYCSSHJG-UHFFFAOYSA-N,0
CHEMBL4822,CHEMBL156692,CC(C)=CCOc1ccc2ccc(=O)oc2c1,SMHJTSOVVRGDEO-UHFFFAOYSA-N,0
CHEMBL4822,CHEMBL1631595,CC=C(C)C(=O)OC1Cc2cc3ccc(=O)oc3cc2OC1(C)C,AGABNGOXUSXQDD-UHFFFAOYSA-N,0
CHEMBL4822,CHEMBL1414353,CC1(C)Oc2ccc3ccc(=O)oc3c2CC1O,UJSHBYQGQRPVNO-UHFFFAOYSA-N,0
CHEMBL4822,CHEMBL244743,O=c1ccc2cc(O)c(O)cc2o1,ILEDWLMCKZNDJK-UHFFFAOYSA-N,0
CHEMBL4822,CHEMBL1192,O=c1ccc2cc3ccoc3c(O)c2o1,JWVYQQGERKEAHW-UHFFFAOYSA-N,0
CHEMBL4822,CHEMBL6466,O=c1ccc2ccccc2o1,ZYGHJZDHTFUPRJ-UHFFFAOYSA-N,0
CHEMBL4822,CHEMBL1934196,COc1c2ccoc2c(OCC2OC2(C)C)c2oc(=O)ccc12,ORBITTMJKIGFNH-UHFFFAOYSA-N,0
CHEMBL4822,CHEMBL2272783,C=C1C(=O)C(C)=C(C)C1(C)C,HPRXOWFUCCMLJF-UHFFFAOYSA-N,0
CHEMBL4822,CHEMBL500034,CC1(C)OC1COc1c2occc2cc2ccc(=O)oc12,CTJZWFCPUDPLME-UHFFFAOYSA-N,0
CHEMBL4822,CHEMBL1710181,CC(C)=CCOc1c2ccoc2c(OCC=C(C)C)c2oc(=O)ccc12,HJMDOAWWVCOEDW-UHFFFAOYSA-N,0
CHEMBL4822,CHEMBL350475,CC(C)=CCc1c(O)ccc2ccc(=O)oc12,RAKJVIPCCGXHHS-UHFFFAOYSA-N,0
CHEMBL4822,CHEMBL448060,CC(C)=CCOc1c2ccoc2cc2oc(=O)ccc12,IGWDEVSBEKYORK-UHFFFAOYSA-N,0
CHEMBL4822,CHEMBL71358,CC1(C)C=Cc2c(ccc3ccc(=O)oc23)O1,QUVCQYQEIOLHFZ-UHFFFAOYSA-N,0
CHEMBL4822,CHEMBL1934197,COc1c2ccoc2c(OCC=C(C)CCC=C(C)C)c2oc(=O)ccc12,CTPXXQMJFXTTQZ-UHFFFAOYSA-N,1
CHEMBL4822,CHEMBL1934070,CC(C)=CCOc1c2ccoc2c(O)c2oc(=O)ccc12,BEYIWVKWKJROGZ-UHFFFAOYSA-N,0
CHEMBL4822,CHEMBL49732,COc1ccc2ccc(=O)oc2c1,LIIALPBMIOVAHH-UHFFFAOYSA-N,0
CHEMBL4822,CHEMBL242711,O=c1ccc2c(O)c3ccoc3cc2o1,GIJHDGJRTUSBJR-UHFFFAOYSA-N,0
CHEMBL4822,CHEMBL481657,CC1(C)Oc2cc3oc(=O)ccc3cc2CC1O,BGXFQDFSVDZUIW-UHFFFAOYSA-N,0
CHEMBL4822,CHEMBL442813,CC(C)(O)C1Cc2cc3ccc(=O)oc3cc2O1,FWYSBEAFFPBAQU-UHFFFAOYSA-N,0
CHEMBL4822,CHEMBL481658,CC(C)=CC(=O)OC1Cc2cc3ccc(=O)oc3cc2OC1(C)C,CUKSFECWKQBVED-UHFFFAOYSA-N,0
CHEMBL4822,CHEMBL1928409,COc1cc2oc(=O)ccc2cc1CC=C(C)C,RSZDAYHEZSRVHS-UHFFFAOYSA-N,0
CHEMBL4822,CHEMBL51628,O=c1ccc2ccc(O)cc2o1,ORHBXUUXSCNDEV-UHFFFAOYSA-N,0
CHEMBL4822,CHEMBL502689,CC(C)=CCc1cc2ccc(=O)oc2cc1O,FIDUIAPDSKSUGO-UHFFFAOYSA-N,0
CHEMBL4822,CHEMBL416,COc1c2occc2cc2ccc(=O)oc12,QXKHYNVANLEOEG-UHFFFAOYSA-N,0
CHEMBL4822,CHEMBL303846,CC1(C)C=Cc2cc3ccc(=O)oc3cc2O1,QOTBQNVNUBKJMS-UHFFFAOYSA-N,0
CHEMBL4822,CHEMBL140796,COc1c2ccoc2c(OC)c2oc(=O)ccc12,DFMAXQKDIGCMTL-UHFFFAOYSA-N,0
CHEMBL4822,CHEMBL325864,COc1cc2ccc(=O)oc2cc1OC,GUAFOGOEJLSQBT-UHFFFAOYSA-N,0
CHEMBL4822,CHEMBL1934194,COc1c2occc2c(OCC=C(C)C)c2ccc(=O)oc12,NNDOCYLWULORAM-UHFFFAOYSA-N,0
CHEMBL4822,CHEMBL53569,O=c1ccc2ccc3occc3c2o1,XDROKJSWHURZGO-UHFFFAOYSA-N,0
CHEMBL4822,CHEMBL454060,CC(C)(O)C(O)COc1c2ccoc2cc2oc(=O)ccc12,PEWFWDOPJISUOK-UHFFFAOYSA-N,0
CHEMBL4822,CHEMBL1934069,COc1c2ccoc2c(O)c2oc(=O)ccc12,MVJHUMZXIJPVHV-UHFFFAOYSA-N,0
CHEMBL4822,CHEMBL24171,COc1c2ccoc2cc2oc(=O)ccc12,BGEBZHIAGXMEMV-UHFFFAOYSA-N,0
CHEMBL4822,CHEMBL131770,O=C(C=Cc1ccc(O)cc1)C=C(O)C=Cc1ccc(O)cc1,YXAKCQIIROBKOP-UHFFFAOYSA-N,1
CHEMBL4822,CHEMBL140,COc1cc(C=CC(=O)CC(=O)C=Cc2ccc(O)c(OC)c2)ccc1O,VFLDPWHFBUODDF-UHFFFAOYSA-N,0
CHEMBL4822,CHEMBL498456,COC1Oc2cc(O)ccc2-c2c1oc1cc(O)c(C)c(O)c1c2=O,ZESAOJOQKPXOPG-UHFFFAOYSA-N,1
CHEMBL4822,CHEMBL222274,Cc1c(O)cc2oc3c(c(=O)c2c1O)-c1ccc(O)cc1OC3O,NCWLTPKGFNPAMP-UHFFFAOYSA-N,1
CHEMBL4822,CHEMBL487804,CC(C)=CCCC(C)=CCCC(C)=CCc1c(O)cc(C)cc1O,PZHNKNRPGLTZPO-UHFFFAOYSA-N,1
CHEMBL4822,CHEMBL220745,COc1ccc(-c2cc(=O)c3c(O)cc(O)c(-c4cc(-c5cc(=O)c6c(O)cc(O)cc6o5)ccc4O)c3o2)cc1,RBTRUVNXLDXHBJ-UHFFFAOYSA-N,1
CHEMBL4822,CHEMBL255493,COc1cc(O)c2c(=O)cc(-c3ccc(O)c(-c4c(O)cc(O)c5c(=O)cc(-c6ccc(O)cc6)oc45)c3)oc2c1,TYUMAYSMJLPFAN-UHFFFAOYSA-N,1
CHEMBL4822,CHEMBL362378,CC1(C)C=Cc2c(ccc(C(=O)C=Cc3ccc(O)cc3)c2O)O1,IQHPDUUSMBMDGN-UHFFFAOYSA-N,1
CHEMBL4822,CHEMBL220741,O=C1CC(c2ccc(O)c(-c3c(O)cc(O)c4c(=O)cc(-c5ccc(O)cc5)oc34)c2)Oc2cc(O)cc(O)c21,JVBCTBWKMWXQQO-UHFFFAOYSA-N,1
CHEMBL4822,CHEMBL378188,COc1ccc(-c2cc(=O)c3c(O)cc(O)cc3o2)cc1-c1c(O)cc(O)c2c(=O)cc(-c3ccc(O)cc3)oc12,IWEIJEPIYMAGTH-UHFFFAOYSA-N,1
CHEMBL4822,CHEMBL1208903,COc1ccc(-c2cc(=O)c3c(O)cc(O)c(-c4cc(-c5cc(=O)c6c(O)cc(O)cc6o5)ccc4OC)c3o2)cc1,HUOOMAOYXQFIDQ-UHFFFAOYSA-N,1
CHEMBL4822,CHEMBL450522,COc1cc(O)c2c(=O)cc(-c3ccc(O)cc3)oc2c1-c1cc(-c2cc(=O)c3c(O)cc(O)cc3o2)ccc1O,OIFVLHZEBAXHPM-UHFFFAOYSA-N,1
CHEMBL4822,CHEMBL1208793,COc1cc(O)c2c(=O)cc(-c3ccc(O)c(-c4c(OC)cc(O)c5c(=O)cc(-c6ccc(O)cc6)oc45)c3)oc2c1,SVIMIMQAVRQGEK-UHFFFAOYSA-N,1
CHEMBL4822,CHEMBL939,COc1cc2ncnc(Nc3ccc(F)c(Cl)c3)c2cc1OCCCN1CCOCC1,XGALLCVXEZPNRQ-UHFFFAOYSA-N,0
CHEMBL4822,CHEMBL63354,O=c1cc(-c2ccc(O)c(-c3c(O)cc(O)c4c(=O)cc(-c5ccc(O)cc5)oc34)c2)oc2cc(O)cc(O)c12,YUSWMAULDXZHPY-UHFFFAOYSA-N,1
CHEMBL4822,CHEMBL144630,COc1ccc(-c2cc(=O)c3c(O)cc(O)c(-c4cc(-c5cc(=O)c6c(O)cc(OC)cc6o5)ccc4O)c3o2)cc1,GZTVUTQZSAZUIY-UHFFFAOYSA-N,1
CHEMBL4822,CHEMBL377324,COc1cc(O)c2c(=O)cc(-c3ccc(OC)c(-c4c(O)cc(O)c5c(=O)cc(-c6ccc(O)cc6)oc45)c3)oc2c1,AIFCFBUSLAEIBR-UHFFFAOYSA-N,1
CHEMBL4822,CHEMBL6246,O=c1oc2c(O)c(O)cc3c(=O)oc4c(O)c(O)cc1c4c23,AFSDNFLWKVMVRB-UHFFFAOYSA-N,1
