target_chembl_id,compound_chembl_id,c_smiles,noiso_InChIKey,active_label
CHEMBL261,CHEMBL146,Cc1cc(C(C)(C)C)c(O)c(C(C)(C)C)c1,NLZUEZXRPGMBCV-UHFFFAOYSA-N,0
CHEMBL261,CHEMBL6946,Nc1ccc(S(=O)(=O)Nc2ccccc2S(N)(=O)=O)cc1,MTYAYRDXCSXATC-UHFFFAOYSA-N,1
CHEMBL261,CHEMBL6648,NS(=O)(=O)c1cccc2ccccc12,ZFIFHAKCBWOSRN-UHFFFAOYSA-N,0
CHEMBL261,CHEMBL268809,NS(=O)(=O)c1cccc2cccnc12,ZTYZEUXZHGOXRT-UHFFFAOYSA-N,0
CHEMBL261,CHEMBL574,Cc1ccc(S(N)(=O)=O)cc1,LMYRWZFENFIFIT-UHFFFAOYSA-N,0
CHEMBL261,CHEMBL280998,Oc1ccccc1O,YCIMNLLNPGFGHC-UHFFFAOYSA-N,0
CHEMBL261,CHEMBL1169,Nc1ccc(C(=O)O)c(O)c1,WUBBRNOQWQTFEX-UHFFFAOYSA-N,0
CHEMBL261,CHEMBL13766,COc1ccccc1O,LHGVFZTZFXWLCP-UHFFFAOYSA-N,0
CHEMBL261,CHEMBL361066,NC(=O)CC(N=C(S)Nc1ccc(S(N)(=O)=O)cc1)C(=O)O,ODCTUBPUHXFKPX-UHFFFAOYSA-N,1
CHEMBL261,CHEMBL1650614,Cc1cc(O)nc(O)n1,SHVCSCWHWMSGTE-UHFFFAOYSA-N,0
CHEMBL261,CHEMBL276915,O=c1cc(-c2ccccc2)oc2cc(O)ccc12,MQGPSCMMNJKMHQ-UHFFFAOYSA-N,1
CHEMBL261,CHEMBL275638,O=c1cc(-c2ccccc2)oc2ccccc12,VHBFFQKBGNRLFZ-UHFFFAOYSA-N,1
CHEMBL261,CHEMBL2019155,Oc1ccc(C=Cc2cc(O)cc(O)c2)cc1,LUKBXSAWLPMMSZ-UHFFFAOYSA-N,1
CHEMBL261,CHEMBL457076,COc1cc(C=CC(=O)OCc2ccccc2)ccc1O,DZAPHTCUSDTZAT-UHFFFAOYSA-N,0
CHEMBL261,CHEMBL35,NS(=O)(=O)c1cc(C(=O)O)c(NCc2ccco2)cc1Cl,ZZUFCTLCJUWOSV-UHFFFAOYSA-N,1
CHEMBL261,CHEMBL288114,O=C(O)c1cc(O)c(O)c(O)c1,LNTHITQWFMADLM-UHFFFAOYSA-N,1
CHEMBL261,CHEMBL3092389,Oc1ccc(O)c(O)c1,GGNQRNBDZQJCCN-UHFFFAOYSA-N,0
CHEMBL261,CHEMBL481245,COc1cc(C=CC(=O)OCCc2ccc(O)cc2)ccc1O,JMSFLLZUCIXALN-UHFFFAOYSA-N,0
CHEMBL261,CHEMBL1095574,O=C(C=Cc1ccc(O)cc1)OCc1ccccc1,RGZZCZQQPNJCPO-UHFFFAOYSA-N,0
CHEMBL261,CHEMBL3628211,O=C(C=Cc1ccc(O)cc1)OCCc1ccc(O)cc1,ZCFLGZLKECDZFW-UHFFFAOYSA-N,1
CHEMBL261,CHEMBL50,O=c1c(O)c(-c2ccc(O)c(O)c2)oc2cc(O)cc(O)c12,REFJWTPEDVJJIY-UHFFFAOYSA-N,1
CHEMBL261,CHEMBL441343,O=C(O)c1ccc(O)cc1,FJKROLUGYXJWQN-UHFFFAOYSA-N,1
CHEMBL261,CHEMBL23832,O=C(O)c1ccccc1Nc1ccccc1,ZWJINEZUASEZBH-UHFFFAOYSA-N,1
CHEMBL261,CHEMBL49732,COc1ccc2ccc(=O)oc2c1,LIIALPBMIOVAHH-UHFFFAOYSA-N,1
CHEMBL261,CHEMBL32749,COc1cc(C=CC(=O)O)ccc1O,KSEBMYQBYZTDHS-UHFFFAOYSA-N,1
CHEMBL261,CHEMBL66879,O=C(O)C=Cc1ccc(O)cc1,NGSWKAQJJWESNS-UHFFFAOYSA-N,1
CHEMBL261,CHEMBL1414,COc1cc(C(=O)O)cc(OC)c1O,JMSVCTWVEWCHDZ-UHFFFAOYSA-N,1
CHEMBL261,CHEMBL1221925,O=C1c2ccccc2C(=O)C1(O)O,FEMOMIGRRWSMCU-UHFFFAOYSA-N,1
CHEMBL261,CHEMBL145,O=C(O)C=Cc1ccc(O)c(O)c1,QAIPRVGONGVQAS-UHFFFAOYSA-N,1
CHEMBL261,CHEMBL224292,NS(=O)(=O)c1ccc(O)cc1,DIRCLGLKRZLKHG-UHFFFAOYSA-N,1
CHEMBL261,CHEMBL24147,Oc1cccc(O)c1,GHMLBKRAJCXXBS-UHFFFAOYSA-N,0
CHEMBL261,CHEMBL902,NC(N)=Nc1nc(CSCCC(N)=NS(N)(=O)=O)cs1,XUFQPHANEAPEMJ-UHFFFAOYSA-N,1
CHEMBL261,CHEMBL307145,Oc1cccc(O)c1O,WQGWDDDVZFFDIG-UHFFFAOYSA-N,1
CHEMBL261,CHEMBL435,NS(=O)(=O)c1cc2c(cc1Cl)NCNS2(=O)=O,JZUFKLXOESDKRF-UHFFFAOYSA-N,1
CHEMBL261,CHEMBL1142,Nc1ccc(O)cc1,PLIKAWJENQZMHA-UHFFFAOYSA-N,0
CHEMBL261,CHEMBL112,CC(=O)Nc1ccc(O)cc1,RZVAJINKPMORJF-UHFFFAOYSA-N,1
CHEMBL261,CHEMBL418,Nc1cc(C(F)(F)F)c(S(N)(=O)=O)cc1S(N)(=O)=O,KRVABEGPNKGLOT-UHFFFAOYSA-N,1
CHEMBL261,CHEMBL266540,O=c1[nH]cnc2ccccc12,QMNUDYFKZYBWQX-UHFFFAOYSA-N,0
CHEMBL261,CHEMBL25,CC(=O)Oc1ccccc1C(=O)O,BSYNRYMUTXBXSQ-UHFFFAOYSA-N,0
CHEMBL261,CHEMBL448399,Cc1cccc(C(=O)O)c1O,WHSXTWFYRGOBGO-UHFFFAOYSA-N,0
CHEMBL261,CHEMBL526,CC(C)c1cccc(C(C)C)c1O,OLBCVFGFOZPWHH-UHFFFAOYSA-N,0
CHEMBL261,CHEMBL281071,CC(C)(C)c1cccc(C(C)(C)C)c1O,DKCPKDPYUFEZCP-UHFFFAOYSA-N,0
CHEMBL261,CHEMBL537,Oc1ccc(O)cc1,QIGBRXMKCJKVMJ-UHFFFAOYSA-N,1
CHEMBL261,CHEMBL220492,CC1(C)OC2COC3(COS(N)(=O)=O)OC(C)(C)OC3C2O1,KJADKKWYZYXHBB-UHFFFAOYSA-N,1
CHEMBL261,CHEMBL421646,O=c1[nH]c(=O)c2ccccc2[nH]1,SDQJTWBNWQABLE-UHFFFAOYSA-N,0
CHEMBL261,CHEMBL421,O=C(O)c1cc(N=Nc2ccc(S(=O)(=O)Nc3ccccn3)cc2)ccc1O,NCEXYHBECQHGNR-UHFFFAOYSA-N,1
CHEMBL261,CHEMBL375927,COc1cc(CC(C)C(C)Cc2ccc(O)c(OC)c2)ccc1O,ADFOLUXMYYCTRR-UHFFFAOYSA-N,0
CHEMBL261,CHEMBL447310,NC(=O)Cc1ccc(O)cc1,YBPAYPRLUDCSEY-UHFFFAOYSA-N,0
CHEMBL261,CHEMBL1668603,COc1ccccc1OC,ABDKAPXRBAPSQN-UHFFFAOYSA-N,1
CHEMBL261,CHEMBL53566,OCCc1ccc(O)cc1,YCCILVSKPBXVIP-UHFFFAOYSA-N,0
CHEMBL261,CHEMBL14060,Oc1ccccc1,ISWSIDIOOBJBQZ-UHFFFAOYSA-N,1
CHEMBL261,CHEMBL449635,COc1ccc(C(N)=O)cc1,GUCPYIYFQVTFSI-UHFFFAOYSA-N,1
CHEMBL261,CHEMBL4209613,NS(=O)(=O)c1ccc(NC(=S)Nc2ccc(F)cc2)cc1,VUDOFEJVAFMLEC-UHFFFAOYSA-N,1
CHEMBL261,CHEMBL1762668,COC(=O)c1ccc(OC)cc1,DDIZAANNODHTRB-UHFFFAOYSA-N,1
CHEMBL261,CHEMBL15844,c1ccc2[nH]ccc2c1,SIKJAQJRHWYJAI-UHFFFAOYSA-N,0
CHEMBL261,CHEMBL6466,O=c1ccc2ccccc2o1,ZYGHJZDHTFUPRJ-UHFFFAOYSA-N,1
CHEMBL261,CHEMBL294009,O=c1c(O)c(-c2ccccc2)oc2ccccc12,HVQAJTFOCKOKIN-UHFFFAOYSA-N,1
CHEMBL261,CHEMBL590883,COc1cc(CO)cc2oc3ccc(O)c(C(=O)O)c3c(=O)c12,WKVDGQDBUCFWBJ-UHFFFAOYSA-N,0
CHEMBL261,CHEMBL21932,COc1ccc(C(=O)O)cc1,ZEYHEAKUIGZSGI-UHFFFAOYSA-N,1
CHEMBL261,CHEMBL941,Cc1ccc(NC(=O)c2ccc(CN3CCN(C)CC3)cc2)cc1Nc1nccc(-c2cccnc2)n1,KTUFNOKKBVMGRW-UHFFFAOYSA-N,1
CHEMBL261,CHEMBL12208,Cc1cc(=O)oc2cc(O)ccc12,HSHNITRMYYLLCV-UHFFFAOYSA-N,0
CHEMBL261,CHEMBL1772,O=C(O)Cc1ccc(O)cc1,XQXPVVBIMDBYFF-UHFFFAOYSA-N,0
CHEMBL261,CHEMBL1356,O=C([O-])c1ccccc1,WPYMKLBDIGXBTP-UHFFFAOYSA-M,0
CHEMBL261,CHEMBL592384,COc1cc(C)cc2oc3ccc(O)c(C(=O)O)c3c(=O)c12,BQOVQGSBHRLTFG-UHFFFAOYSA-N,0
CHEMBL261,CHEMBL1934663,O=c1cccco1,ZPSJGADGUYYRKE-UHFFFAOYSA-N,1
CHEMBL261,CHEMBL515,O=C(O)CCCc1ccc(N(CCCl)CCCl)cc1,JCKYGMPEJWAADB-UHFFFAOYSA-N,0
CHEMBL261,CHEMBL166223,O=C1C=CCO1,VIHAEDVKXSOUAT-UHFFFAOYSA-N,0
CHEMBL261,CHEMBL52564,O=C(O)C=Cc1ccccc1O,PMOWTIHVNWZYFI-UHFFFAOYSA-N,1
CHEMBL261,CHEMBL452383,O=C1CCCCO1,OZJPLYNZGCXSJM-UHFFFAOYSA-N,1
CHEMBL261,CHEMBL372284,Cc1cc(C)oc(=O)c1,IXYLIUKQQQXXON-UHFFFAOYSA-N,0
CHEMBL261,CHEMBL170988,N=C(N)NC(=N)NCCc1ccccc1,ICFJFFQQTFMIBG-UHFFFAOYSA-N,0
CHEMBL261,CHEMBL116438,COc1cc(C=CC(=O)C=C(O)C=Cc2ccc(O)c(OC)c2)ccc1O,ZIUSSTSXXLLKKK-UHFFFAOYSA-N,1
CHEMBL261,CHEMBL810,Cn1nnc2c(C(N)=O)ncn2c1=O,BPEGJWRSRHCHSN-UHFFFAOYSA-N,0
CHEMBL261,CHEMBL206452,Oc1cc(O)c2c(c1)OC(c1ccc(O)c(O)c1)C(O)C2,PFTAWBLQPZVEMU-UHFFFAOYSA-N,1
CHEMBL261,CHEMBL454808,O=C(O)c1c(O)cccc1O,AKEUNCKRJATALU-UHFFFAOYSA-N,1
CHEMBL261,CHEMBL1668605,COc1ccc(OC)c(OC)c1,AGIQIOSHSMJYJP-UHFFFAOYSA-N,1
CHEMBL261,CHEMBL2334354,COc1cc2c(=O)oc3c(OC)c(OC)cc4c(=O)oc(c1O)c2c34,NDXSDWFOYZXARW-UHFFFAOYSA-N,0
CHEMBL261,CHEMBL37537,O=C(O)c1ccc(O)c(O)c1,YQUVCSBJEUQKSH-UHFFFAOYSA-N,1
CHEMBL261,CHEMBL146816,COC(=O)C=Cc1ccc(O)cc1,NITWSHWHQAQBAW-UHFFFAOYSA-N,1
CHEMBL261,CHEMBL325372,COC(=O)c1ccc(O)cc1,LXCFILQKKLGQFO-UHFFFAOYSA-N,1
CHEMBL261,CHEMBL54909,COc1cc2ccc(=O)oc2c(O)c1O,HAVWRBANWNTOJX-UHFFFAOYSA-N,1
CHEMBL261,CHEMBL486026,COC(=O)c1ccc(O)cc1O,IIFCLXHRIYTHPV-UHFFFAOYSA-N,1
CHEMBL261,CHEMBL486027,COC(=O)c1ccc(O)c(O)c1,CUFLZUDASVUNOE-UHFFFAOYSA-N,1
CHEMBL261,CHEMBL1978880,COC(=O)c1cc(O)ccc1O,XGDPKUKRQHHZTH-UHFFFAOYSA-N,1
CHEMBL261,CHEMBL1668604,COc1ccc(OC)cc1,OHBQPCCCRFSCAX-UHFFFAOYSA-N,1
CHEMBL261,CHEMBL258230,COc1c2c(c3ccc(=O)oc3c1C=CC(C)(C)O)OC(C)(C)C=C2,AXYRILDCSATJFU-UHFFFAOYSA-N,1
CHEMBL261,CHEMBL479462,COc1cc2oc(=O)ccc2c2c1C=CC(C)(C)O2,WTBVBNPZXAQTHI-UHFFFAOYSA-N,1
CHEMBL261,CHEMBL2334350,COc1c2c(c(OC)c3oc(=O)ccc13)OC(C)(C)C=C2,QZUNAFWZEXJWGD-UHFFFAOYSA-N,1
CHEMBL261,CHEMBL596221,COc1cc(OC)c2ccc(=O)oc2c1OC,MSFXSDYNQKVMTJ-UHFFFAOYSA-N,1
CHEMBL261,CHEMBL269755,Nc1cccc(O)c1,CWLKGDAVCFYWJK-UHFFFAOYSA-N,1
CHEMBL261,CHEMBL486216,CCOC(=O)c1ccc(O)c(O)c1,KBPUBCVJHFXPOC-UHFFFAOYSA-N,1
CHEMBL261,CHEMBL71851,COc1cc2ccc(=O)oc2cc1O,RODXRVNMMDRFIK-UHFFFAOYSA-N,1
CHEMBL261,CHEMBL301141,O=c1cc(O)c2ccccc2o1,VXIXUWQIVKSKSA-UHFFFAOYSA-N,0
CHEMBL261,CHEMBL7121,CCCc1cc(=O)oc2c3c(c4c(c12)OC(C)(C)C=C4)OC(C)C(C)C3O,NIDRYBLTWYFCFV-UHFFFAOYSA-N,1
CHEMBL261,CHEMBL293864,COc1cc2ccc(=O)oc2c(OC2OC(CO)C(O)C(O)C2O)c1O,CRSFLLTWRCYNNX-UHFFFAOYSA-N,1
CHEMBL261,CHEMBL2333962,CC(C)OC(=O)c1ccc(O)cc1,CMHMMKSPYOOVGI-UHFFFAOYSA-N,1
CHEMBL261,CHEMBL1098016,COc1ccc2ccc(=O)oc2c1C(C=O)=C(C)C,PBAZKMWQUBDDLZ-UHFFFAOYSA-N,1
CHEMBL261,CHEMBL15841,CCOC(=O)c1ccc(O)cc1,NUVBSKCKDOMJSU-UHFFFAOYSA-N,1
CHEMBL261,CHEMBL65369,O=C(O)c1cccc(O)c1,IJFXRHURBJZNAO-UHFFFAOYSA-N,1
CHEMBL261,CHEMBL2334004,C=C(C)C=Cc1c(OC)c2c(c3ccc(=O)oc13)OC(C)(C)C=C2,AKGXRWOSGJLLNQ-UHFFFAOYSA-N,1
CHEMBL261,CHEMBL1461,O=C(O)c1cc(O)ccc1O,WXTMDXOMEHJXQO-UHFFFAOYSA-N,1
CHEMBL261,CHEMBL2331585,COc1c(O)ccc2ccc(=O)oc12,HAQWEMHXSIRYBE-UHFFFAOYSA-N,0
CHEMBL261,CHEMBL253551,COc1cc2ccc(=O)oc2c(OC)c1OC,RAYQKHLZHPFYEJ-UHFFFAOYSA-N,1
CHEMBL261,CHEMBL303846,CC1(C)C=Cc2cc3ccc(=O)oc3cc2O1,QOTBQNVNUBKJMS-UHFFFAOYSA-N,0
CHEMBL261,CHEMBL118903,COc1ccc(C(=O)O)cc1OC,DAUAQNGYDSHRET-UHFFFAOYSA-N,1
CHEMBL261,CHEMBL95308,O=C(O)c1cc(O)cc(O)c1,UYEMGAFJOZZIFP-UHFFFAOYSA-N,1
CHEMBL261,CHEMBL328910,O=C(O)c1ccc(O)cc1O,UIAFKZKHHVMJGS-UHFFFAOYSA-N,1
CHEMBL261,CHEMBL488609,COc1cccc(OC)c1C(=O)O,MBIZFBDREVRUHY-UHFFFAOYSA-N,1
CHEMBL261,CHEMBL501358,COc1c2c(cc3oc(=O)ccc13)OC(C)(C)C=C2,JSJIIHRNDMLJGK-UHFFFAOYSA-N,1
CHEMBL261,CHEMBL390320,COc1cc2oc(=O)ccc2cc1O,SYTYLPHCLSSCOJ-UHFFFAOYSA-N,0
CHEMBL261,CHEMBL2334353,CC(=CCc1cc2ccc(=O)oc2cc1O)CO,JUOLTTLEQHQQED-UHFFFAOYSA-N,1
CHEMBL261,CHEMBL2074640,CCOC(=O)C=Cc1ccc(O)cc1,ZOQCEVXVQCPESC-UHFFFAOYSA-N,1
CHEMBL261,CHEMBL2334351,COc1cc2ccc(=O)oc2c(O)c1OC,QNFBKOHHLAWWTC-UHFFFAOYSA-N,1
CHEMBL261,CHEMBL225024,COc1cc2ccc(=O)oc2cc1OC1OC(CO)C(O)C(O)C1O,SGTCGCCQZOUMJJ-UHFFFAOYSA-N,1
CHEMBL261,CHEMBL11470,Cn1ccc(=O)n(C)c1=O,JSDBKAHWADVXFU-UHFFFAOYSA-N,0
