active_label,c_smiles,noiso_InChIKey,ex_id,target_chembl_id
1,Cc1cc(C)[n+](CCc2ccc(S(N)(=O)=O)cc2)c(C)c1,UXBCHTZINZNVRG-UHFFFAOYSA-N,PUB_11795548,CHEMBL261
0,NCc1ccccn1,WOXFMYVTSLAQMO-UHFFFAOYSA-N,PUB_19509,CHEMBL261
1,COc1ccc(C(=O)[O-])cc1,ZEYHEAKUIGZSGI-UHFFFAOYSA-M,PUB_23663627,CHEMBL261
1,O=C([O-])c1ccc(O)cc1,FJKROLUGYXJWQN-UHFFFAOYSA-M,PUB_16219477,CHEMBL261
1,O=C([O-])c1ccc([N+](=O)[O-])cc1,OTLNPYWUJOZPPA-UHFFFAOYSA-M,PUB_77456,CHEMBL261
1,O=c1ccc2ccccc2[nH]1,LISFMEBWQUVKPJ-UHFFFAOYSA-N,PUB_6038,CHEMBL261
1,O=c1cc(-c2ccccc2)oc2cc(O)cc(O)c12,RTIXKCRFFJGDFG-UHFFFAOYSA-N,PUB_5281607,CHEMBL261
0,Cc1c(N(C)CS(=O)(=O)O)c(=O)n(-c2ccccc2)n1C,LVWZTYCIRDMTEY-UHFFFAOYSA-N,PUB_3111,CHEMBL261
0,CC(C(=O)O)c1cccc(C(=O)c2ccccc2)c1,DKYWVDODHFEZIM-UHFFFAOYSA-N,PUB_3825,CHEMBL261
0,Cn1c(=O)c2c(ncn2C)n(C)c1=O,RYYVLZVUVIJVGH-UHFFFAOYSA-N,PUB_2519,CHEMBL261
0,O=C(C=CC=Cc1ccc2c(c1)OCO2)N1CCCCC1,MXXWOMGUGJBKIW-UHFFFAOYSA-N,PUB_638024,CHEMBL261
0,CCC(=C(CC)c1ccc(O)cc1)c1ccc(O)cc1,RGLYKWWBQGJZGM-UHFFFAOYSA-N,PUB_448537,CHEMBL261
1,Cc1ncc(C[n+]2csc(CCO)c2C)c(N)n1,JZRWCGZRTZMZEH-UHFFFAOYSA-N,PUB_1130,CHEMBL261
1,O=c1cc(-c2ccc(O)c(O)c2)oc2cc(O)cc(O)c12,IQPNAANSBPBGFQ-UHFFFAOYSA-N,PUB_5280445,CHEMBL261
1,CC(C)(O)C1CCC(C)(C2C(O)CC3(C)C4CC(OC5OC(CO)C(O)C(O)C5O)C5C(C)(C)C(OC6OCC(O)C(O)C6O)CCC56CC46CCC23C)O1,QMNWISYXSJWHRY-UHFFFAOYSA-N,PUB_129012668,CHEMBL261
1,O=C1CC(c2ccc(O)cc2)Oc2cc(O)cc(O)c21,FTVWIRXFELQLPI-UHFFFAOYSA-N,PUB_932,CHEMBL261
1,CC1(O)CC23CC(O)C4(O)C(CC(O)C4(C)C)C(C)(O)C2CCC1C3O,BWMFRQKICHXLSH-UHFFFAOYSA-N,PUB_131635673,CHEMBL261
1,NS(=O)(=O)c1cc2c(cc1C(F)(F)F)NCNS2(=O)=O,DMDGGSIALPNSEE-UHFFFAOYSA-N,DB_25897,CHEMBL261
0,OC1CCCCC1O,PFURGBBHAOXLIO-UHFFFAOYSA-N,DB_36071,CHEMBL261
1,O=c1cc(-c2ccc(O)cc2)oc2cc(O)cc(O)c12,KZNIFHPLKGYRTM-UHFFFAOYSA-N,DB_7458,CHEMBL261
0,O=c1c(O)c(-c2ccc(O)cc2O)oc2cc(O)cc(O)c12,YXOLAZRVSSWPPT-UHFFFAOYSA-N,DB_26658,CHEMBL261
1,Cc1cc(=O)oc2cc(O)cc(O)c12,QNVWGEJMXOQQPM-UHFFFAOYSA-N,DB_50022180,CHEMBL261
1,CCCN(CCC)S(=O)(=O)c1ccc(C(=O)O)cc1,DBABZHXKTCFAPX-UHFFFAOYSA-N,DB_50206509,CHEMBL261
1,O=C(C=Cc1cc(O)cc2c1C(C(O)OC(Cc1ccc(O)c(O)c1)C(=O)O)C(c1ccc(O)c(O)c1)O2)OC(Cc1ccc(O)c(O)c1)C(=O)O,YLSNESYAOIRZEA-UHFFFAOYSA-N,DB_50414251,CHEMBL261
1,O=C(C=Cc1ccc(O)c2c1C(C(=O)O)C(c1ccc(O)c(O)c1)O2)OC(Cc1ccc(O)c(O)c1)C(=O)O,UJZQBMQZMKFSRV-UHFFFAOYSA-N,DB_50250808,CHEMBL261
1,O=C(C=Cc1ccc(O)c(O)c1C=Cc1ccc(O)c(O)c1)OC(Cc1ccc(O)c(O)c1)C(=O)O,YMGFTDKNIWPMGF-UHFFFAOYSA-N,DB_50414250,CHEMBL261
1,CC(=O)OC1C(COC(=O)C=Cc2ccc(O)cc2)OC(Oc2c(-c3ccc(O)cc3)oc3cc(O)cc(O)c3c2=O)C(OC(=O)C=Cc2ccc(O)cc2)C1OC(C)=O,IFLHDGGEJKVLAF-UHFFFAOYSA-N,DB_50129414,CHEMBL261
1,O=C(C=Cc1ccc(O)cc1)OCC1OC(Oc2c(-c3ccc(O)cc3)oc3cc(O)cc(O)c3c2=O)C(OC(=O)C=Cc2ccc(O)cc2)C(O)C1O,YXXQUJGFZPLXJV-UHFFFAOYSA-N,DB_50129556,CHEMBL261
1,CC1OC(Oc2c(-c3ccc(O)c(O)c3)oc3cc(O)cc(O)c3c2=O)C(O)C(O)C1O,OXGUCUVFOIWWQJ-UHFFFAOYSA-N,DB_50129557,CHEMBL261
1,O=c1c(-c2ccc(O)cc2)coc2c(C3OC(CO)C(O)C(O)C3O)c(O)ccc12,HKEAFJYKMMKDOR-UHFFFAOYSA-N,DB_50129558,CHEMBL261
1,COc1ccc(-c2coc3cc(O)cc(O)c3c2=O)cc1,WUADCCWRTIWANL-UHFFFAOYSA-N,DB_9461,CHEMBL261
1,O=c1c(-c2ccc(O)cc2)coc2cc(O)ccc12,ZQSIJRDFPHDXIC-UHFFFAOYSA-N,DB_23420,CHEMBL261
1,O=C1C(O)c2c(O)cc(O)cc2OC1c1ccc(O)c(O)c1,BYVWXQRJRYELNP-UHFFFAOYSA-N,DB_50049400,CHEMBL261
1,COc1ccc(C2CC(=O)c3c(O)cc(O)cc3O2)cc1O,AIONOLUJZLIMTK-UHFFFAOYSA-N,DB_23418,CHEMBL261
1,O=C1CC(c2ccc(O)c(O)c2)Oc2cc(O)cc(O)c21,SBHXYTNGIZCORC-UHFFFAOYSA-N,DB_50325671,CHEMBL261
1,COc1cc(-c2oc3cc(O)cc(O)c3c(=O)c2O)ccc1O,IZQSVPBOUDKVDZ-UHFFFAOYSA-N,DB_23409,CHEMBL261
1,O=c1c(O)c(-c2ccc(O)cc2)oc2cc(O)cc(O)c12,IYRMWMYZSQPJKC-UHFFFAOYSA-N,DB_7462,CHEMBL261
1,O=c1c(O)c(-c2ccccc2)oc2cc(O)cc(O)c12,VCCRNZQBSJXYJD-UHFFFAOYSA-N,DB_50049391,CHEMBL261
1,COc1cc(C=CC(=O)CC(=O)C=Cc2ccc(O)c(OC)c2)ccc1O,VFLDPWHFBUODDF-UHFFFAOYSA-N,DB_50067040,CHEMBL261
1,O=c1ccc2cc(O)c(O)cc2o1,ILEDWLMCKZNDJK-UHFFFAOYSA-N,DB_34571,CHEMBL261
1,CC(=O)c1cc2ccccc2oc1=O,CSPIFKKOBWYOEX-UHFFFAOYSA-N,DB_50353724,CHEMBL261
1,Nc1nc(=O)c2nc(CNc3ccc(C(=O)NC(CCC(=O)O)C(=O)O)cc3)cnc2[nH]1,OVBPIULPVIDEAO-UHFFFAOYSA-N,DB_50515489,CHEMBL261
