active_label,c_smiles,noiso_InChIKey,ex_id,target_chembl_id
1,O=c1cc(-c2ccccc2)oc2cc(O)cc(O)c12,RTIXKCRFFJGDFG-UHFFFAOYSA-N,PUB_5281607,CHEMBL2039
1,COc1ccc(-c2coc3cc(O)cc(O)c3c2=O)cc1,WUADCCWRTIWANL-UHFFFAOYSA-N,PUB_5280373,CHEMBL2039
1,O=c1cc(-c2ccccc2)oc2cc(O)ccc12,MQGPSCMMNJKMHQ-UHFFFAOYSA-N,PUB_5281894,CHEMBL2039
1,O=c1cc(-c2ccc(O)cc2)oc2cc(O)ccc12,LCAWNFIFMLXZPQ-UHFFFAOYSA-N,PUB_5282073,CHEMBL2039
1,O=C(C=Cc1ccccc1)c1ccccc1,DQFBYFPFKXHELB-UHFFFAOYSA-N,PUB_637760,CHEMBL2039
1,O=C(CN1CCCCC1)c1ccc2c(c1)OCO2,BXHHJRHONZVBJK-UHFFFAOYSA-N,PUB_16682281,CHEMBL2039
0,CC1=C(C=O)C(C)(C)CC=C1,SGAWOGXMMPSZPB-UHFFFAOYSA-N,PUB_61041,CHEMBL2039
1,O=c1cc(-c2ccc(O)cc2)oc2cc(O)cc(O)c12,KZNIFHPLKGYRTM-UHFFFAOYSA-N,PUB_5280443,CHEMBL2039
1,COc1cc(C=CC(=O)CC(=O)C=Cc2ccc(O)c(OC)c2)ccc1O,VFLDPWHFBUODDF-UHFFFAOYSA-N,PUB_969516,CHEMBL2039
1,O=c1cc(-c2ccc([N+](=O)[O-])cc2)oc2ccccc12,CKSVYVHLZNMXLX-UHFFFAOYSA-N,PUB_622510,CHEMBL2039
1,COc1ccc(-c2cc(=O)c3ccccc3o2)cc1OC,ZGHORMOOTZTQFL-UHFFFAOYSA-N,PUB_688674,CHEMBL2039
1,O=c1cc(-c2ccccc2)oc2ccccc12,VHBFFQKBGNRLFZ-UHFFFAOYSA-N,PUB_10680,CHEMBL2039
1,COc1ccc(C=CC(=O)c2ccc(OC)cc2)cc1,HDXVSZWKIHQDES-UHFFFAOYSA-N,DB_50117993,CHEMBL2039
0,COc1cc2c(cc1OC)C(C)N(C)CC2,HRSIPKSSEVRSPG-UHFFFAOYSA-N,DB_50367917,CHEMBL2039
