active_label,c_smiles,noiso_InChIKey,ex_id,target_chembl_id
1,Oc1ccc(C=Cc2cc(O)cc(O)c2)cc1,LUKBXSAWLPMMSZ-UHFFFAOYSA-N,PUB_445154,CHEMBL230
1,O=C([O-])Cc1ccccc1Nc1c(Cl)cccc1Cl,DCOPUUMXTXDBNB-UHFFFAOYSA-M,PUB_5018304,CHEMBL230
0,CC1(C)CCC2(C)CCC3(C)C(=CCC4C5(C)CCC(=O)C(C)(C)C5CCC43C)C2C1,LIIFBMGUDSHTOU-UHFFFAOYSA-N,PUB_12306160,CHEMBL230
0,CC1(C)CCC2(CO)CCC3(C)C(=CCC4C5(C)CCC(O)C(C)(C)C5CCC43C)C2C1,PSZDOEIIIJFCFE-UHFFFAOYSA-N,PUB_101761,CHEMBL230
0,CC1CCC2(CO)CCC3(C)C(=CCC4C5(C)CCC(O)C(C)(C)C5CCC43C)C2C1C,XUARCIYIVXVTAE-UHFFFAOYSA-N,PUB_92802,CHEMBL230
0,CC1(C)CCC2(C(=O)O)CCC3(C)C(=CCC4C5(C)CCC(O)C(C)(C=O)C5CCC43C)C2C1,QMHCWDVPABYZMC-UHFFFAOYSA-N,PUB_92825,CHEMBL230
0,CC1(C)CCC2(C(=O)O)CCC3(C)C(=CCC4C5(C)CCC(O)C(C)(CO)C5CCC43C)C2C1,PGOYMURMZNDHNS-UHFFFAOYSA-N,PUB_73299,CHEMBL230
0,CC1(C)CCC2(C)CCC3(C)C(=CCC4C5(C)CCC(O)C(C)(C)C5CCC43C)C2C1,JFSHUTJDVKUMTJ-UHFFFAOYSA-N,PUB_73145,CHEMBL230
0,CC1(C)CCC2(C(=O)O)CCC3(C)C(=CCC4C5(C)CCC(O)C(C)(C(=O)O)C5CCC43C)C2C1,PAIBKVQNJKUVCE-UHFFFAOYSA-N,PUB_15560324,CHEMBL230
0,CC1CCC2(C)CCC3(C)C(=CCC4C5(C)CCC(O)C(C)(C)C5CCC43C)C2C1C,FSLPMRQHCOLESF-UHFFFAOYSA-N,PUB_73170,CHEMBL230
0,COc1cc(C=CC(=O)CC(=O)C=Cc2ccc(O)c(OC)c2)ccc1O,VFLDPWHFBUODDF-UHFFFAOYSA-N,PUB_969516,CHEMBL230
0,C=C1CCC=C(C)CCC2C1CC2(C)C,NPNUFJAVOOONJE-UHFFFAOYSA-N,PUB_6429274,CHEMBL230
0,O=c1c(-c2ccc(O)cc2)coc2c(O)c(O)ccc12,BMZFZTMWBCFKSS-UHFFFAOYSA-N,PUB_5466139,CHEMBL230
1,C=C(C)C1CCC2(C)C(CC=C3C4C(C)C(C)CCC4(C)CCC32C)C1(C)CCC(=O)O,RPPYCVULPFKBOG-UHFFFAOYSA-N,DB_50019155,CHEMBL230
1,CC(C)=CCCC(C(=O)O)C1CCC2(C)C3=C(CCC12C)C1(C)CCC(O)C(C)(C)C1CC3,NBSBUIQBEPROBM-UHFFFAOYSA-N,DB_50019156,CHEMBL230
1,CC(=O)OC1CCC2(C)C3=C(CCC2C1(C)C)C1(C)CCC(C(CCC=C(C)C)C(=O)O)C1(C)CC3,FIWGZIBLJWZUEA-UHFFFAOYSA-N,DB_50019157,CHEMBL230
1,CC(C)=CCCC(C(=O)O)C1CCC2(C)C3=C(CCC12C)C1(C)CCC(=O)C(C)(C)C1CC3,XLPAINGDLCDYQV-UHFFFAOYSA-N,DB_50303448,CHEMBL230
1,CC(C)C1CCC2(C)C(CC=C3C4C(C)C(C)CCC4(C)CCC32C)C1(C)CCC(=O)O,LJWWZZAOSDWGAX-UHFFFAOYSA-N,DB_50019161,CHEMBL230
1,C=C(C)C1CCC2(C)CCC3(C)C(CCC4C5(C)CCC(O)C(C)(C(=O)O)C5CCC43C)C12,NYJYXELDYSTZFI-UHFFFAOYSA-N,DB_50019152,CHEMBL230
1,O=c1cc(-c2ccc(O)c(O)c2)oc2cc(O)cc(O)c12,IQPNAANSBPBGFQ-UHFFFAOYSA-N,DB_7459,CHEMBL230
0,COc1cc(C=CC(=O)CC(=O)C=Cc2ccc(O)cc2)ccc1O,HJTVQHVGMGKONQ-UHFFFAOYSA-N,DB_50163744,CHEMBL230
1,C=CC1C(O)CC2C3(C)CCC(C(C)CCC(OO)C(=C)C)C3(C)CCC23CC13CCC(=O)OC,SQJJCDOVGAFFCH-UHFFFAOYSA-N,DB_50478610,CHEMBL230
1,CC1CC2C3CCC4=CC(=O)C=CC4(C)C3(F)C(O)CC2(C)C1(O)C(=O)CO,UREBDLICKHMUKA-UHFFFAOYSA-N,DB_18207,CHEMBL230
1,O=C(Oc1ccccc1C(=O)O)c1ccccc1O,WVYADZUPLLSGPU-UHFFFAOYSA-N,DB_85244,CHEMBL230
1,OCc1ccccc1OC1OC(CO)C(O)C(O)C1O,NGFMICBWJRZIBI-UHFFFAOYSA-N,DB_85510,CHEMBL230
1,O=C([O-])c1ccccc1O,YGSDEFSMJLZEOE-UHFFFAOYSA-M,DB_85513,CHEMBL230
1,O=C(O)c1cc(N=Nc2ccc(S(=O)(=O)Nc3ccccn3)cc2)ccc1O,NCEXYHBECQHGNR-UHFFFAOYSA-N,DB_50097125,CHEMBL230
1,CCC(=C(c1ccccc1)c1ccc(OCCN(C)C)cc1)c1ccccc1,NKANXQFJJICGDU-UHFFFAOYSA-N,DB_20607,CHEMBL230
1,Clc1ccccc1CN1CCc2sccc2C1,PHWBOXQYWZNQIN-UHFFFAOYSA-N,DB_85509,CHEMBL230
