active_label,c_smiles,noiso_InChIKey,ex_id,target_chembl_id
1,O=c1c2ccccc2nc2c3[nH]c4ccccc4c3ccn12,KLONOPPMRIDVGM-UHFFFAOYSA-N,PUB_148756,CHEMBL3356
1,O=c1cc(-c2ccccc2)oc2c1ccc1ccccc12,VFMMPHCGEFXGIP-UHFFFAOYSA-N,PUB_11790,CHEMBL3356
1,Cc1nc2c([nH]1)c(=O)n(C)c(=O)n2Cc1ccco1,KGQZGCIVHYLPBH-UHFFFAOYSA-N,PUB_3433,CHEMBL3356
1,O=C(C=Cc1ccccc1)C=Cc1ccccc1,WMKGGPCROCCUDY-UHFFFAOYSA-N,PUB_640180,CHEMBL3356
1,O=c1c(O)c(-c2ccc(O)c(O)c2)oc2cc(O)cc(O)c12,REFJWTPEDVJJIY-UHFFFAOYSA-N,PUB_5280343,CHEMBL3356
1,CC(C)NCC(O)COc1cccc2ccccc12,AQHHHDLHHXJYJD-UHFFFAOYSA-N,PUB_4946,CHEMBL3356
1,CCCCCCCC(=O)CCc1ccc(O)c(OC)c1,CZNLTCTYLMYLHL-UHFFFAOYSA-N,PUB_94378,CHEMBL3356
1,CCCCCC=CC(=O)CCc1ccc(O)c(OC)c1,OQWKEEOHDMUXEO-UHFFFAOYSA-N,PUB_5281794,CHEMBL3356
0,COc1cc(C=CC(=O)CC(=O)C=Cc2ccc(O)c(OC)c2)ccc1O,VFLDPWHFBUODDF-UHFFFAOYSA-N,DB_50067040,CHEMBL3356
