active_label,c_smiles,noiso_InChIKey,ex_id,target_chembl_id
1,COC(=O)C1C2CC3c4[nH]c5cc(OC)ccc5c4CCN3CC2CC(OC(=O)c2cc(OC)c(OC)c(OC)c2)C1OC,QEVHRUUCFGRFIF-UHFFFAOYSA-N,PUB_5770,CHEMBL4302
1,CCC(=C(c1ccccc1)c1ccc(OCCN(C)C)cc1)c1ccccc1,NKANXQFJJICGDU-UHFFFAOYSA-N,PUB_2733526,CHEMBL4302
1,CCC1(O)CC2CN(CCc3c([nH]c4ccccc34)C(C(=O)OC)(c3cc4c(cc3OC)N(C)C3C(O)(C(=O)OC)C(OC(C)=O)C5(CC)C=CCN6CCC43C65)C2)C1,JXLYSJRDGCGARV-UHFFFAOYSA-N,PUB_13342,CHEMBL4302
1,C=CC1CN2CCC1CC2C(O)c1ccnc2ccc(OC)cc12,LOUPRKONTZGTKE-UHFFFAOYSA-N,PUB_441074,CHEMBL4302
1,CN(C)CCCN1c2ccccc2Sc2ccc(Cl)cc21,ZPEIMTDSQAKGNT-UHFFFAOYSA-N,PUB_2726,CHEMBL4302
1,Clc1ccccc1C(c1ccccc1)(c1ccccc1)n1ccnc1,VNFPBHJOKIVQEB-UHFFFAOYSA-N,PUB_2812,CHEMBL4302
1,Clc1ccc(COC(Cn2ccnc2)c2ccc(Cl)cc2Cl)c(Cl)c1,BYBLEWFAAKGYCD-UHFFFAOYSA-N,PUB_4189,CHEMBL4302
1,CC(C)c1nc(CN(C)C(=O)NC(C(=O)NC(Cc2ccccc2)CC(O)C(Cc2ccccc2)NC(=O)OCc2cncs2)C(C)C)cs1,NCDNCNXCDXHOMX-UHFFFAOYSA-N,PUB_392622,CHEMBL4302
1,Cc1ccc(NC(=O)c2ccc(CN3CCN(C)CC3)cc2)cc1Nc1nccc(-c2cccnc2)n1,KTUFNOKKBVMGRW-UHFFFAOYSA-N,PUB_5291,CHEMBL4302
1,O=c1c(O)c(-c2ccc(O)c(O)c2)oc2cc(O)cc(O)c12,REFJWTPEDVJJIY-UHFFFAOYSA-N,PUB_5280343,CHEMBL4302
1,CCC(C)(C)C(=O)OC1CC(C)C=C2C=CC(C)C(CCC3CC(O)CC(=O)O3)C21,RYMZZMVNJRMUDD-UHFFFAOYSA-N,PUB_54454,CHEMBL4302
1,CCC1CN2CCc3cc(OC)c(OC)cc3C2CC1CC1NCCc2cc(OC)c(OC)cc21,AUVVAXYIELKVAI-UHFFFAOYSA-N,PUB_10219,CHEMBL4302
1,CC(C)CC1C(=O)N2CCCC2C2(O)OC(NC(=O)C3C=C4c5cccc6[nH]cc(c56)CC4N(C)C3)(C(C)C)C(=O)N12,YDOTUXAWKBPQJW-UHFFFAOYSA-N,PUB_134551,CHEMBL4302
1,COc1ccc(-c2cc(=O)c3c(OC)c(OC)c(OC)cc3o2)cc1OC,LKMNXYDUQXAUCZ-UHFFFAOYSA-N,PUB_145659,CHEMBL4302
1,CCC(C)C(=O)OC1CC(C)C=C2C=CC(C)C(CCC3CC(O)CC(=O)O3)C21,PCZOHLXUXFIOCF-UHFFFAOYSA-N,PUB_53232,CHEMBL4302
1,COc1cccc2c1C(=O)c1c(O)c3c(c(O)c1C2=O)CC(O)(C(C)=O)CC3OC1CC(N)C(O)C(C)O1,STQGQHZAVUOBTE-UHFFFAOYSA-N,PUB_30323,CHEMBL4302
0,CC(C)[NH2+]CC(O)COc1cccc2ccccc12,AQHHHDLHHXJYJD-UHFFFAOYSA-O,DB_36108,CHEMBL4302
