active_label,c_smiles,noiso_InChIKey,ex_id,target_chembl_id
1,Nc1c2c(nc3ccccc13)CCCC2,YLJREFDVOIBQDA-UHFFFAOYSA-N,PUB_1935,CHEMBL1914
1,COc1cc2c3cc1Oc1c(OO)c(OC)cc4c1C(Cc1ccc(cc1)Oc1cc(ccc1O)CC3N(C)CC2)N(C)CC4,SODLLPYGRVMWNH-UHFFFAOYSA-N,PUB_71453366,CHEMBL1914
1,COc1ccc2cc3[n+](cc2c1OC)CCc1cc2c(cc1-3)OCO2,YBHILYKTIRIUTE-UHFFFAOYSA-N,PUB_2353,CHEMBL1914
0,C=C(C)C1Cc2c(ccc3c2OC2COc4cc(OC)c(OC)cc4C2(O)C3=O)O1,JFVKWCYZKMUTLH-UHFFFAOYSA-N,PUB_68184,CHEMBL1914
0,COc1cc2c(cc1OC)C1(O)C(=O)c3ccc4c(c3OC1CO2)C=CC(C)(C)O4,AQBZCCQCDWNNJQ-UHFFFAOYSA-N,PUB_114909,CHEMBL1914
0,COc1cc2c(cc1OC)C1C(=O)c3ccc4c(c3OC1CO2)C=CC(C)(C)O4,ORDAZKGHSNRHTD-UHFFFAOYSA-N,PUB_107935,CHEMBL1914
1,COc1cc2c3cc1Oc1c(O)c(OC)cc4c1C(Cc1ccc(cc1)Oc1cc(ccc1O)CC3N(C)CC2)N(C)CC4,LFFQVHXIFJLJSP-UHFFFAOYSA-N,PUB_362574,CHEMBL1914
0,Oc1cc(O)cc(Oc2c(O)cc(O)c3c2Oc2c(O)cc(O)cc2O3)c1,PCZZRBGISTUIOA-UHFFFAOYSA-N,PUB_145937,CHEMBL1914
0,CC12CCC3(O)C(CCC4=CC(=O)CCC43C)C1CCC2=O,SNMVJSSWZSJOGL-UHFFFAOYSA-N,PUB_10425017,CHEMBL1914
0,CC12CCC(=O)C=C1CCC1C2CCC2(C)C(O)CCC12,MUMGGOZAMZWBJJ-UHFFFAOYSA-N,PUB_6013,CHEMBL1914
0,CC12C=CC(=O)C=C1CCC1C2CCC2(C)C(=O)CCC12,LUJVUUWNAPIQQI-UHFFFAOYSA-N,PUB_13472,CHEMBL1914
1,CC12CCC3C(CCC4=CC(=O)CCC43C)C1CCC2=O,AEMFNILZOJDQLW-UHFFFAOYSA-N,PUB_6128,CHEMBL1914
1,Oc1cc(O)cc(Oc2c(O)cc(O)c3c2Oc2c(O)cc(Oc4c(O)cc(Oc5c(O)cc(O)c6c5Oc5c(O)cc(O)cc5O6)cc4O)cc2O3)c1,DRZQFGYIIYNNEC-UHFFFAOYSA-N,DB_50259983,CHEMBL1914
1,Oc1cc(O)cc(Oc2c(O)cc(O)c3c2Oc2c(O)cc4oc5c(Oc6cc(O)cc(O)c6)c(O)cc(O)c5c4c2O3)c1,SLWPBUMYPRVYIJ-UHFFFAOYSA-N,DB_50276756,CHEMBL1914
1,COc1ccc2[nH]c3c(C)nccc3c2c1,XYYVPBBISSKKQB-UHFFFAOYSA-N,DB_50132122,CHEMBL1914
1,Oc1ccc(C=Cc2cc(O)cc(O)c2)cc1,LUKBXSAWLPMMSZ-UHFFFAOYSA-N,DB_23926,CHEMBL1914
1,COc1cc(C=CC(=O)CC(=O)C=Cc2ccc(O)c(OC)c2)ccc1O,VFLDPWHFBUODDF-UHFFFAOYSA-N,DB_50140172,CHEMBL1914
0,COC(=O)C1C(O)CCC2CN3CCc4c([nH]c5ccccc45)C3CC21,BLGXFZZNTVWLAY-UHFFFAOYSA-N,DB_50026636,CHEMBL1914
1,CC(C)Cc1ccc(C(C)C(=O)O)cc1,HEFNNWSXXWATRW-UHFFFAOYSA-N,DB_50009859,CHEMBL1914
