active_label,c_smiles,noiso_InChIKey,ex_id,target_chembl_id
1,O=c1cc(-c2ccccc2)oc2cc(O)cc(O)c12,RTIXKCRFFJGDFG-UHFFFAOYSA-N,PUB_5281607,CHEMBL1951
1,COc1ccc(-c2coc3cc(O)cc(O)c3c2=O)cc1,WUADCCWRTIWANL-UHFFFAOYSA-N,PUB_5280373,CHEMBL1951
1,O=c1cc(-c2ccccc2)oc2cc(O)ccc12,MQGPSCMMNJKMHQ-UHFFFAOYSA-N,PUB_5281894,CHEMBL1951
1,O=c1cc(-c2ccc(O)cc2)oc2cc(O)ccc12,LCAWNFIFMLXZPQ-UHFFFAOYSA-N,PUB_5282073,CHEMBL1951
1,COc1cc2c(cc1OC)C(C)NCC2,HMYJLVDKPJHJCF-UHFFFAOYSA-N,PUB_12315215,CHEMBL1951
1,COc1cc2c(cc1OC)CC[N+](C)=C2,AWOUIWVQSFMVNU-UHFFFAOYSA-N,PUB_2826990,CHEMBL1951
1,COc1cc2c(cc1OC)C(C)N(C)CC2,HRSIPKSSEVRSPG-UHFFFAOYSA-N,PUB_12302475,CHEMBL1951
1,Oc1ccc(C=Cc2cc(O)cc(O)c2)cc1,LUKBXSAWLPMMSZ-UHFFFAOYSA-N,PUB_445154,CHEMBL1951
0,CC1=C(C=O)C(C)(C)CC=C1,SGAWOGXMMPSZPB-UHFFFAOYSA-N,PUB_61041,CHEMBL1951
1,O=c1cc(-c2ccc([N+](=O)[O-])cc2)oc2ccccc12,CKSVYVHLZNMXLX-UHFFFAOYSA-N,PUB_622510,CHEMBL1951
1,COc1ccc(-c2cc(=O)c3ccccc3o2)cc1OC,ZGHORMOOTZTQFL-UHFFFAOYSA-N,PUB_688674,CHEMBL1951
1,O=c1cc(-c2ccccc2)oc2ccccc12,VHBFFQKBGNRLFZ-UHFFFAOYSA-N,PUB_10680,CHEMBL1951
1,O=C1C=CC(=O)c2c(O)ccc(O)c21,RQNVIKXOOKXAJQ-UHFFFAOYSA-N,PUB_10141,CHEMBL1951
1,CC1=CC(=O)c2c(O)cccc2C1=O,VCMMXZQDRFWYSE-UHFFFAOYSA-N,PUB_10205,CHEMBL1951
0,COC1=CC(=O)c2ccccc2C1=O,OBGBGHKYJAOXRR-UHFFFAOYSA-N,PUB_16871,CHEMBL1951
1,CC(C)=CCC(O)C1=CC(=O)c2c(O)ccc(O)c2C1=O,NEZONWMXZKDMKF-UHFFFAOYSA-N,PUB_5208,CHEMBL1951
1,O=C1C=CC(=O)c2c(O)cccc21,KQPYUDDGWXQXHS-UHFFFAOYSA-N,PUB_3806,CHEMBL1951
0,COc1cc(-c2[o+]c3cc(O)cc(O)c3cc2O)cc(OC)c1O,KZMACGJDUUWFCH-UHFFFAOYSA-O,DB_50276155,CHEMBL1951
0,O=C(CN1CCCCC1)c1ccc2c(c1)OCO2,BXHHJRHONZVBJK-UHFFFAOYSA-N,DB_50401982,CHEMBL1951
0,COc1cc2c(cc1O)CCNC2C,YTPRLBGPGZHUPD-UHFFFAOYSA-N,DB_50014641,CHEMBL1951
0,COc1cc2c(cc1O)C(C)NCC2,CBMULJVNWNTWJM-UHFFFAOYSA-N,DB_50014657,CHEMBL1951
1,O=C(C=Cc1ccccc1)c1ccccc1,DQFBYFPFKXHELB-UHFFFAOYSA-N,DB_29143,CHEMBL1951
