active_label,c_smiles,noiso_InChIKey,ex_id,target_chembl_id
1,Nc1c2c(nc3ccccc13)CCCC2,YLJREFDVOIBQDA-UHFFFAOYSA-N,PUB_1935,CHEMBL220
1,CC[N+](C)(CC)CCC[n+]1c(-c2ccccc2)c2cc(N)ccc2c2ccc(N)cc21,ZDWVWKDAWBGPDN-UHFFFAOYSA-O,PUB_104981,CHEMBL220
1,CNCCC(Oc1ccc(C(F)(F)F)cc1)c1ccccc1,RTHCYVBBDHJXIQ-UHFFFAOYSA-N,PUB_3386,CHEMBL220
0,COC(=O)c1cc(OC)c(OC)c(OC)c1,KACHFMOHOPLTNX-UHFFFAOYSA-N,PUB_15956,CHEMBL220
1,COc1ccc2c3c1OC1CC(O)C=CC31CCN(C)C2,ASUTZQLVASHGKV-UHFFFAOYSA-N,PUB_121587,CHEMBL220
1,CN(C)c1ccc(C(=C2C=CC(=[N+](C)C)C=C2)c2ccc(N(C)C)cc2)cc1,LGLFFNDHMLKUMI-UHFFFAOYSA-N,PUB_11057,CHEMBL220
1,CC(C)(C)CC(C)(C)c1ccc(OCCOCC[N+](C)(C)Cc2ccccc2)cc1,SIYLLGKDQZGJHK-UHFFFAOYSA-N,PUB_8478,CHEMBL220
1,CCCCCCCCCCCCCCCC[n+]1ccccc1,NEUSVAOJNUQRTM-UHFFFAOYSA-N,PUB_8816,CHEMBL220
1,CC1COC2=C1C(=O)C(=O)c1c2ccc2c1CCCC2(C)C,GVKKJJOMQCNPGB-UHFFFAOYSA-N,PUB_160254,CHEMBL220
1,Cc1cccc2c3c(ccc12)C1=C(C(=O)C3=O)C(C)CO1,HARGZZNYNSYSGJ-UHFFFAOYSA-N,PUB_11425923,CHEMBL220
1,COc1c2occc2cc2ccc(=O)oc12,QXKHYNVANLEOEG-UHFFFAOYSA-N,PUB_4114,CHEMBL220
1,O=c1c(O)c(-c2cc(O)c(O)c(O)c2)oc2cc(O)cc(O)c12,IKMDFBPHZNJCSN-UHFFFAOYSA-N,PUB_5281672,CHEMBL220
1,O=c1c(O)c(-c2ccc(O)c(O)c2)oc2cc(O)ccc12,XHEFDIBZLJXQHF-UHFFFAOYSA-N,PUB_5281614,CHEMBL220
1,O=c1c(O)c(-c2ccccc2)oc2cc(O)cc(O)c12,VCCRNZQBSJXYJD-UHFFFAOYSA-N,PUB_5281616,CHEMBL220
1,CC1OC(OCC2OC(Oc3c(-c4ccc(O)c(O)c4)oc4cc(O)cc(O)c4c3=O)C(O)C(O)C2O)C(O)C(O)C1O,IKGXIBQEEMLURG-UHFFFAOYSA-N,PUB_5280805,CHEMBL220
0,C=C(C)C1Cc2c(ccc3c2OC2COc4cc(OC)c(OC)cc4C2(O)C3=O)O1,JFVKWCYZKMUTLH-UHFFFAOYSA-N,PUB_68184,CHEMBL220
1,CC1(C)C=Cc2c(ccc(C(=O)C=Cc3ccc(O)cc3)c2O)O1,IQHPDUUSMBMDGN-UHFFFAOYSA-N,PUB_5889042,CHEMBL220
0,Oc1cc(O)cc(Oc2c(O)cc(O)c3c2Oc2c(O)cc(O)cc2O3)c1,PCZZRBGISTUIOA-UHFFFAOYSA-N,PUB_145937,CHEMBL220
0,COc1cc2c(c3oc(=O)c4c(c13)CCC4=O)C1C=COC1O2,OQIQSTLJSLGHID-UHFFFAOYSA-N,PUB_186907,CHEMBL220
0,O=c1oc2c(O)c(O)cc3c(=O)oc4c(O)c(O)cc1c4c23,AFSDNFLWKVMVRB-UHFFFAOYSA-N,PUB_5281855,CHEMBL220
0,O=c1cc(-c2ccc(O)cc2)oc2cc(OC3OC(CO)C(O)C(O)C3O)cc(O)c12,KMOUJOKENFFTPU-UHFFFAOYSA-N,PUB_5280704,CHEMBL220
0,O=C(O)C1OC(Oc2cc(O)c3c(=O)cc(-c4ccc(O)cc4)oc3c2)C(O)C(O)C1O,JBFOLLJCGUCDQP-UHFFFAOYSA-N,PUB_5319484,CHEMBL220
0,O=C(O)C1OC(Oc2cc(O)c3c(=O)cc(-c4ccc(O)c(O)c4)oc3c2)C(O)C(O)C1O,VSUOKLTVXQRUSG-UHFFFAOYSA-N,PUB_5280601,CHEMBL220
0,COc1cc(C2Oc3c(OC)cc(CCCO)cc3C2CO)ccc1OC1OC(CO)C(O)C(O)C1O,NYAPVWGUAUDHRY-UHFFFAOYSA-N,PUB_126962577,CHEMBL220
0,O=c1cc(-c2ccc(O)c(O)c2)oc2cc(OC3OC(CO)C(O)C(O)C3O)cc(O)c12,PEFNSGRTCBGNAN-UHFFFAOYSA-N,PUB_5280637,CHEMBL220
0,O=C(O)C1OC(Oc2cc(O)c3c(=O)c(O)c(-c4ccc(O)cc4)oc3c2)C(O)C(O)C1O,HKMMHEQNCQNUNN-UHFFFAOYSA-N,PUB_57331037,CHEMBL220
0,O=c1c(O)c(-c2ccc(O)c(OC3OC(CO)C(O)C(O)C3O)c2)oc2cc(O)cc(O)c12,YLWQTYZKYGNKPI-UHFFFAOYSA-N,PUB_9934142,CHEMBL220
0,O=c1cc(-c2ccc(O)c(OC3OC(CO)C(O)C(O)C3O)c2)oc2cc(O)cc(O)c12,VNTMXJLNIJFLIF-UHFFFAOYSA-N,PUB_12309350,CHEMBL220
0,O=c1c(OC2OC(CO)C(O)C(O)C2O)c(-c2ccc(O)c(O)c2)oc2cc(O)cc(O)c12,OVSQVDMCBVZWGM-UHFFFAOYSA-N,PUB_5280804,CHEMBL220
0,O=c1c(O)c(-c2ccc(O)cc2)oc2cc(OC3OC(CO)C(O)C(O)C3O)cc(O)c12,YPWHZCPMOQGCDQ-UHFFFAOYSA-N,PUB_10095180,CHEMBL220
0,O=C(O)C=Cc1ccccc1,WBYWAXJHAXSJNI-UHFFFAOYSA-N,PUB_444539,CHEMBL220
0,O=C(C=Cc1ccc(O)c(O)c1)OC(Cc1ccc(O)c(O)c1)C(=O)O,DOUMFZQKYFQNTF-UHFFFAOYSA-N,PUB_5315615,CHEMBL220
0,COc1ccc(C=CC(=O)O)cc1OC,HJBWJAPEBGSQPR-UHFFFAOYSA-N,PUB_717531,CHEMBL220
0,COc1cc2c3c(c1O)-c1c(cccc1OC)CC3N(C)CC2,RQCOQZNIQLKGTN-UHFFFAOYSA-N,PUB_11281,CHEMBL220
0,COC1=CC23CCN(C)C(Cc4ccc(OC)c(O)c42)C3=CC1=O,GVTRUVGBZQJVTF-UHFFFAOYSA-N,PUB_5408233,CHEMBL220
0,O=[N+]([O-])CCc1ccc(OC2OC(COC3OCC(O)C(O)C3O)C(O)C(O)C2O)cc1,ZHVLPKFAODFQST-UHFFFAOYSA-N,PUB_45359754,CHEMBL220
1,O=C(O)c1cc(O)c2c(c1)C(=O)c1cccc(O)c1C2=O,FCDLCPWAQCPTKC-UHFFFAOYSA-N,DB_32021,CHEMBL220
0,Oc1cc(O)cc(Oc2c(O)cc(O)c3c2Oc2c(O)cc(Oc4c(O)cc(Oc5c(O)cc(O)c6c5Oc5c(O)cc(O)cc5O6)cc4O)cc2O3)c1,DRZQFGYIIYNNEC-UHFFFAOYSA-N,DB_50259983,CHEMBL220
0,Oc1cc(O)cc(Oc2c(O)cc(O)c3c2Oc2c(O)cc4oc5c(Oc6cc(O)cc(O)c6)c(O)cc(O)c5c4c2O3)c1,SLWPBUMYPRVYIJ-UHFFFAOYSA-N,DB_50276756,CHEMBL220
1,COc1ccc2[nH]c3c(C)nccc3c2c1,XYYVPBBISSKKQB-UHFFFAOYSA-N,DB_50132122,CHEMBL220
1,COc1cc(C=CC(=O)CC(=O)C=Cc2ccc(O)c(OC)c2)ccc1O,VFLDPWHFBUODDF-UHFFFAOYSA-N,DB_50140172,CHEMBL220
1,Oc1ccc(C=Cc2cc(O)cc(O)c2)cc1,LUKBXSAWLPMMSZ-UHFFFAOYSA-N,DB_23926,CHEMBL220
1,CC(C)=CCCC(C)(O)C1CC=C(C)CC1,RGZSQWQPBWRIAQ-UHFFFAOYSA-N,DB_50284328,CHEMBL220
0,Cc1c(S(=O)(=O)[O-])oc2c1C(=O)C(=O)c1c-2ccc2c1CCCC2(C)C,UJCACMLMPLLRGW-UHFFFAOYSA-M,DB_50428825,CHEMBL220
