active_label,c_smiles,noiso_InChIKey,ex_id,target_chembl_id
1,COC(=O)C1=C(C)NC(C)=C(C(=O)OC)C1c1ccccc1[N+](=O)[O-],HYIMSNHJOBLJNT-UHFFFAOYSA-N,PUB_4485,CHEMBL340
1,Cc1ncc2n1-c1ccc(Cl)cc1C(c1ccccc1F)=NC2,DDLIGBOFAVUZHB-UHFFFAOYSA-N,PUB_4192,CHEMBL340
1,COc1cc2c(cc1OC)-c1cc3ccc(OC)c(OC)c3c[n+]1CC2,QUCQEUCGKKTEBI-UHFFFAOYSA-N,PUB_73442,CHEMBL340
1,CCC1OC(=O)C(C)C(OC2CC(C)(OC)C(O)C(C)O2)C(C)C(OC2OC(C)CC(N(C)C)C2O)C(C)(O)CC(C)C(=O)C(C)C(O)C1(C)O,ULGZDMOVFRHVEP-UHFFFAOYSA-N,PUB_12560,CHEMBL340
0,COc1ccc2c3c1OC1CC(O)C=CC31CCN(C)C2,ASUTZQLVASHGKV-UHFFFAOYSA-N,PUB_9651,CHEMBL340
0,OC1C=C2CCN3Cc4cc5c(cc4C(C1O)C23)OCO5,XGVJWXAYKUHDOO-UHFFFAOYSA-N,PUB_72378,CHEMBL340
0,O=C1NC2C(O)C(O)C(O)C(O)C2c2cc3c(c(O)c21)OCO3,VREZDOWOLGNDPW-UHFFFAOYSA-N,PUB_441597,CHEMBL340
0,CCCCCCCCCC1OC(CCC(C)=CCOc2ccc3ccc(=O)oc3c2)C(C)(C)O1,COFMHXHAPDJJRN-UHFFFAOYSA-N,PUB_44478951,CHEMBL340
0,CC(C)=CCCC(C)=CCOc1ccc2ccc(=O)oc2c1,RSDDHGSKLOSQFK-UHFFFAOYSA-N,PUB_1550607,CHEMBL340
0,CC(=CCOc1ccc2ccc(=O)oc2c1)CCC(O)C(C)(C)O,QYYKWTUUCOTGNS-UHFFFAOYSA-N,PUB_6450230,CHEMBL340
1,Cc1cc(=O)c2c(O)c3c(O)cc(O)c4c5c(O)cc(O)c6c(O)c7c(=O)cc(C)c8c1c2c(c34)c(c65)c78,YDOIFHVUBCIUHF-UHFFFAOYSA-N,PUB_3663,CHEMBL340
1,CNC1CCC(c2ccc(Cl)c(Cl)c2)c2ccccc21,VGKDLMBJGBXTGI-UHFFFAOYSA-N,PUB_68617,CHEMBL340
0,COc1cc(C(O)C2COC(c3ccc(O)c(O)c3)C2CO)ccc1O,PMALFGMVFUCPMK-UHFFFAOYSA-N,PUB_50993829,CHEMBL340
0,COc1cc2c(cc1O)C(c1ccc(O)c(O)c1)C(CO)C(CO)C2,GQLVRVYXAHDDLB-UHFFFAOYSA-N,PUB_9841162,CHEMBL340
1,COc1ccc(C2Sc3ccccc3N(CCN(C)C)C(=O)C2OC(C)=O)cc1,HSUGRBWQSSZJOP-UHFFFAOYSA-N,PUB_39186,CHEMBL340
1,CCC(=C(c1ccccc1)c1ccc(OCCN(C)C)cc1)c1ccccc1,NKANXQFJJICGDU-UHFFFAOYSA-N,PUB_2733526,CHEMBL340
1,Cc1cc(CCCOc2c(C)cc(-c3noc(C(F)(F)F)n3)cc2C)on1,KQOXLKOJHVFTRN-UHFFFAOYSA-N,PUB_1684,CHEMBL340
1,CN(C)c1ccc(C(=C2C=CC(=[N+](C)C)C=C2)c2ccc(N(C)C)cc2)cc1,LGLFFNDHMLKUMI-UHFFFAOYSA-N,PUB_11057,CHEMBL340
1,O=c1c(O)c(-c2ccc(O)c(O)c2)oc2cc(O)cc(O)c12,REFJWTPEDVJJIY-UHFFFAOYSA-N,PUB_5280343,CHEMBL340
1,O=C(CCCN1CCC(O)(c2ccc(Cl)cc2)CC1)c1ccc(F)cc1,LNEPOXFFQSENCJ-UHFFFAOYSA-N,PUB_3559,CHEMBL340
1,CCCCCC=CC(=O)CCc1ccc(O)c(OC)c1,OQWKEEOHDMUXEO-UHFFFAOYSA-N,PUB_5281794,CHEMBL340
1,CCCCCCCCCC(O)CC(=O)CCc1ccc(O)c(OC)c1,AIULWNKTYPZYAN-UHFFFAOYSA-N,PUB_168115,CHEMBL340
1,CCCCCCCC(O)CC(=O)CCc1ccc(O)c(OC)c1,BCIWKKMTBRYQJU-UHFFFAOYSA-N,PUB_168114,CHEMBL340
0,O=C(O)c1cn(C2CC2)c2cc(N3CCNCC3)c(F)cc2c1=O,MYSWGUAQZAJSOK-UHFFFAOYSA-N,PUB_2764,CHEMBL340
1,CC12CCC(O)CC1CCC1C2CCC2(C)C(c3ccc(=O)oc3)CCC12O,QEEBRPGZBVVINN-UHFFFAOYSA-N,PUB_9547215,CHEMBL340
1,COc1cc2c(cc1O)-c1cc3ccc(O)c(OC)c3c[n+]1CC2,BENXORZPKXUGMY-UHFFFAOYSA-O,DB_50226662,CHEMBL340
0,COc1cc(C=CC(=O)CC(=O)C=Cc2ccc(O)c(OC)c2)ccc1O,VFLDPWHFBUODDF-UHFFFAOYSA-N,DB_50067040,CHEMBL340
1,CC(C)NCC(O)COc1cccc2ccccc12,AQHHHDLHHXJYJD-UHFFFAOYSA-N,DB_25761,CHEMBL340
1,CNCCC(Oc1ccc(C(F)(F)F)cc1)c1ccccc1,RTHCYVBBDHJXIQ-UHFFFAOYSA-N,DB_30130,CHEMBL340
1,CC(=O)Nc1ccc(O)cc1,RZVAJINKPMORJF-UHFFFAOYSA-N,DB_26197,CHEMBL340
