active_label,c_smiles,noiso_InChIKey,ex_id,target_chembl_id
1,C=CC1CN2CCC1CC2C(O)c1ccnc2ccccc12,KMPWYEUPVWOPIM-UHFFFAOYSA-N,PUB_12032282,CHEMBL289
0,COc1cc(C(O)C2COC(c3ccc(O)c(O)c3)C2CO)ccc1O,PMALFGMVFUCPMK-UHFFFAOYSA-N,PUB_50993829,CHEMBL289
0,COc1cc2c(cc1O)C(c1ccc(O)c(O)c1)C(CO)C(CO)C2,GQLVRVYXAHDDLB-UHFFFAOYSA-N,PUB_9841162,CHEMBL289
1,CC(C(O)c1ccc(O)cc1)N1CCC(O)(c2ccccc2)CC1,QEMSVZNTSXPFJA-UHFFFAOYSA-N,PUB_219101,CHEMBL289
1,Cc1cc(CCCOc2c(C)cc(-c3noc(C(F)(F)F)n3)cc2C)on1,KQOXLKOJHVFTRN-UHFFFAOYSA-N,PUB_1684,CHEMBL289
1,CN(C)c1ccc(C(=C2C=CC(=[N+](C)C)C=C2)c2ccc(N(C)C)cc2)cc1,LGLFFNDHMLKUMI-UHFFFAOYSA-N,PUB_11057,CHEMBL289
1,COc1ccc2cc3[n+](cc2c1OC)CCc1cc2c(cc1-3)OCO2,YBHILYKTIRIUTE-UHFFFAOYSA-N,PUB_12456,CHEMBL289
1,CC(C)c1nc(CN(C)C(=O)NC(C(=O)NC(Cc2ccccc2)CC(O)C(Cc2ccccc2)NC(=O)OCc2cncs2)C(C)C)cs1,NCDNCNXCDXHOMX-UHFFFAOYSA-N,PUB_392622,CHEMBL289
1,O=C(CCCN1CCC(O)(c2ccc(Cl)cc2)CC1)c1ccc(F)cc1,LNEPOXFFQSENCJ-UHFFFAOYSA-N,PUB_3559,CHEMBL289
0,COc1cc(C=CC(=O)CC(=O)C=Cc2ccc(O)c(OC)c2)ccc1O,VFLDPWHFBUODDF-UHFFFAOYSA-N,DB_50067040,CHEMBL289
1,CC(C)[NH2+]CC(O)COc1cccc2ccccc12,AQHHHDLHHXJYJD-UHFFFAOYSA-O,DB_36108,CHEMBL289
1,CC(=O)Nc1ccc(O)cc1,RZVAJINKPMORJF-UHFFFAOYSA-N,DB_26197,CHEMBL289
1,COC(=O)C1=COC(C)C2C[n+]3ccc4c(c3CC12)[NH2+]c1ccccc1-4,WYTGDNHDOZPMIW-UHFFFAOYSA-P,DB_50047003,CHEMBL289
