active_label,c_smiles,noiso_InChIKey,ex_id,target_chembl_id
0,CC(C)C1=Cc2ccc3c(c2C(=O)C1=O)CCCC3(C)C,FEFAIBOZOKSLJR-UHFFFAOYSA-N,PUB_160142,CHEMBL335
1,CC1CCC2(C(=O)O)CCC3(C)C(=CCC4C5(C)CCC(O)C(C)(C)C5CCC43C)C2C1C,WCGUUGGRBIKTOS-UHFFFAOYSA-N,PUB_64945,CHEMBL335
1,CC1(C)C=C2C3CCC4C5(C)CCC(=O)C(C)(C)C5CCC4(C)C3(C)CCC2(C(=O)O)CC1,UMYJVVZWBKIXQQ-UHFFFAOYSA-N,PUB_489941,CHEMBL335
0,O=CC=Cc1ccc2c(c1)OC(CO)C(c1ccc(O)c(O)c1)O2,NTXXGPYGMQQSML-UHFFFAOYSA-N,PUB_44575382,CHEMBL335
1,CC1(C)CCC2(CO)CCC3(C)C(=CCC4C5(C)CCC(O)C(C)(C)C5CCC43C)C2C1,PSZDOEIIIJFCFE-UHFFFAOYSA-N,PUB_101761,CHEMBL335
1,O=C1C=CC(=C(c2ccc(O)cc2)c2c(-c3ccc(O)cc3)ccc(CO)c2C#Cc2ccc(O)cc2)C=C1,SJSFYXIEVFIZJC-UHFFFAOYSA-N,PUB_16664188,CHEMBL335
1,COc1ccc(C(=C2C=CC(=O)C=C2)c2c(-c3ccc(O)cc3)ccc(CO)c2C#Cc2ccc(O)cc2)cc1,LPEPBNUNFHGLSZ-UHFFFAOYSA-N,PUB_71575995,CHEMBL335
1,Cn1ccc2c3n(c(=O)c(=O)cc1-3)c1ccccc21,YIFMSNBQADOPBX-UHFFFAOYSA-N,PUB_5324104,CHEMBL335
1,CC(C)=CCc1cc(C=CC(=O)c2ccc(O)cc2O)ccc1O,TVUGLERLRIQATC-UHFFFAOYSA-N,PUB_11099375,CHEMBL335
1,CC(C)=CCc1cc(C2CC(=O)c3ccc(O)c(CC=C(C)C)c3O2)ccc1O,CUFAXDWQDQQKFF-UHFFFAOYSA-N,PUB_11596309,CHEMBL335
0,C=CC(C)(C)c1cc(O)c2oc3c(O)cccc3c(=O)c2c1O,ZLVHCWPTRLJYOL-UHFFFAOYSA-N,PUB_364825,CHEMBL335
1,CC1=C(O)C(=O)C=C2C1=CC=C1C2(C)CCC2(C)C3CC(C)(C(=O)O)CCC3(C)CCC12C,KQJSQWZMSAGSHN-UHFFFAOYSA-N,PUB_122724,CHEMBL335
1,CC(C)=CCc1cc(C2CC(=O)c3c(O)cc(O)c(CC=C(C)C)c3O2)ccc1O,BMIMEYWWZBBDCM-UHFFFAOYSA-N,PUB_484588,CHEMBL335
1,CC(C)=CCc1c(O)ccc(-c2cc3ccc(O)cc3o2)c1O,JTWAOWXXBMXCGP-UHFFFAOYSA-N,PUB_23655080,CHEMBL335
0,O=C(C=Cc1ccc(O)c(O)c1)OC(C(=O)O)C(OC(=O)C=Cc1ccc(O)c(O)c1)C(=O)O,YDDGKXBLOXEEMN-UHFFFAOYSA-N,PUB_5281764,CHEMBL335
0,O=C1C=CC(=C(c2ccc(O)cc2)c2c(-c3ccc(O)cc3O)ccc(CO)c2C#Cc2ccc(O)cc2)C=C1,MTFKAPLXLHFEPO-UHFFFAOYSA-N,PUB_123373962,CHEMBL335
0,COc1cc(C2Oc3c(OC)cc(CCCO)cc3C2CO)ccc1OC1OC(CO)C(O)C(O)C1O,NYAPVWGUAUDHRY-UHFFFAOYSA-N,PUB_126962577,CHEMBL335
0,O=c1cc(-c2ccc(O)cc2)oc2cc(OC3OC(CO)C(O)C(O)C3O)cc(O)c12,KMOUJOKENFFTPU-UHFFFAOYSA-N,PUB_5280704,CHEMBL335
1,O=C(O)C1OC(Oc2cc(O)c3c(=O)cc(-c4ccc(O)cc4)oc3c2)C(O)C(O)C1O,JBFOLLJCGUCDQP-UHFFFAOYSA-N,PUB_5319484,CHEMBL335
0,O=c1c(OC2OC(CO)C(O)C(O)C2O)c(-c2ccc(O)cc2)oc2cc(O)cc(O)c12,JPUKWEQWGBDDQB-UHFFFAOYSA-N,PUB_5282102,CHEMBL335
0,O=c1cc(-c2ccc(O)c(O)c2)oc2cc(OC3OC(CO)C(O)C(O)C3O)cc(O)c12,PEFNSGRTCBGNAN-UHFFFAOYSA-N,PUB_5280637,CHEMBL335
0,O=C(O)C1OC(Oc2cc(O)c3c(=O)cc(-c4ccc(O)c(O)c4)oc3c2)C(O)C(O)C1O,VSUOKLTVXQRUSG-UHFFFAOYSA-N,PUB_5280601,CHEMBL335
0,O=C(O)C1OC(Oc2cc(O)c3c(=O)c(O)c(-c4ccc(O)cc4)oc3c2)C(O)C(O)C1O,HKMMHEQNCQNUNN-UHFFFAOYSA-N,PUB_57331037,CHEMBL335
0,O=c1c(O)c(-c2ccc(O)c(OC3OC(CO)C(O)C(O)C3O)c2)oc2cc(O)cc(O)c12,YLWQTYZKYGNKPI-UHFFFAOYSA-N,PUB_9934142,CHEMBL335
0,O=c1cc(-c2ccc(O)c(OC3OC(CO)C(O)C(O)C3O)c2)oc2cc(O)cc(O)c12,VNTMXJLNIJFLIF-UHFFFAOYSA-N,PUB_12309350,CHEMBL335
0,O=c1c(OC2OC(CO)C(O)C(O)C2O)c(-c2ccc(O)c(O)c2)oc2cc(O)cc(O)c12,OVSQVDMCBVZWGM-UHFFFAOYSA-N,PUB_5280804,CHEMBL335
1,O=c1oc2c(O)c(O)cc3c(=O)oc4c(O)c(O)cc1c4c23,AFSDNFLWKVMVRB-UHFFFAOYSA-N,PUB_5281855,CHEMBL335
0,O=c1c(O)c(-c2ccc(O)cc2)oc2cc(OC3OC(CO)C(O)C(O)C3O)cc(O)c12,YPWHZCPMOQGCDQ-UHFFFAOYSA-N,PUB_10095180,CHEMBL335
0,O=c1cc(-c2ccc(O)cc2)oc2cc(O)cc(O)c12,KZNIFHPLKGYRTM-UHFFFAOYSA-N,PUB_5280443,CHEMBL335
0,O=C(O)C=Cc1ccc(O)cc1,NGSWKAQJJWESNS-UHFFFAOYSA-N,PUB_637542,CHEMBL335
0,O=C(O)C=Cc1ccccc1O,PMOWTIHVNWZYFI-UHFFFAOYSA-N,PUB_637540,CHEMBL335
0,COc1ccc(C2CC(=O)c3c(O)cc(O)cc3O2)cc1,HMUJXQRRKBLVOO-UHFFFAOYSA-N,PUB_5118250,CHEMBL335
0,O=C1CC(c2ccccc2)Oc2cc(O)cc(O)c21,URFCJEUYXNAHFI-UHFFFAOYSA-N,PUB_238782,CHEMBL335
0,CC(=O)c1c(O)c(C)c(O)c2c1OC1=CC(=O)C(C(C)=O)C(=O)C12C,CUCUKLJLRRAKFN-UHFFFAOYSA-N,DB_50056923,CHEMBL335
0,CC(CCC(=O)O)C1CCC2C3CCC4CC(O)CCC4(C)C3CCC12C,SMEROWZSTRWXGI-UHFFFAOYSA-N,DB_50236238,CHEMBL335
