active_label,c_smiles,noiso_InChIKey,ex_id,target_chembl_id
1,COc1ccc2c(c1)c(CC(=O)O)c(C)n2C(=O)c1ccc(Cl)cc1,CGIGDMFJXJATDK-UHFFFAOYSA-N,PUB_3715,CHEMBL221
1,Oc1ccc(C=Cc2cc(O)cc(O)c2)cc1,LUKBXSAWLPMMSZ-UHFFFAOYSA-N,PUB_445154,CHEMBL221
1,Oc1ccc(C2Oc3cc(O)cc(O)c3CC2O)cc1,RSYUFYQTACJFML-UHFFFAOYSA-N,PUB_443639,CHEMBL221
1,Oc1ccc(C2Oc3ccc(C=Cc4cc(O)cc(O)c4)cc3C2c2cc(O)cc(O)c2)cc1,LILPTCHQLRKZNG-UHFFFAOYSA-N,PUB_10095474,CHEMBL221
1,COc1cc(C=CC(=O)C=C(O)C=Cc2ccc(O)c(OC)c2)ccc1O,ZIUSSTSXXLLKKK-UHFFFAOYSA-N,PUB_5281767,CHEMBL221
1,CC(=O)Oc1ccccc1C(=O)O,BSYNRYMUTXBXSQ-UHFFFAOYSA-N,PUB_2244,CHEMBL221
1,O=C([O-])Cc1ccccc1Nc1c(Cl)cccc1Cl,DCOPUUMXTXDBNB-UHFFFAOYSA-M,PUB_5018304,CHEMBL221
1,O=C(NNc1ccccc1)c1ccccc1,CKLPECFHCLIYKN-UHFFFAOYSA-N,DB_50086501,CHEMBL221
1,C=CC1C(O)CC2C3(C)CCC(C(C)CCC(OO)C(=C)C)C3(C)CCC23CC13CCC(=O)OC,SQJJCDOVGAFFCH-UHFFFAOYSA-N,DB_50478610,CHEMBL221
1,CC1CC2C3CCC4=CC(=O)C=CC4(C)C3(F)C(O)CC2(C)C1(O)C(=O)CO,UREBDLICKHMUKA-UHFFFAOYSA-N,DB_18207,CHEMBL221
1,O=C(Oc1ccccc1C(=O)O)c1ccccc1O,WVYADZUPLLSGPU-UHFFFAOYSA-N,DB_85244,CHEMBL221
1,CC1=C(CC(=O)O)c2cc(F)ccc2C1=Cc1ccc(S(C)=O)cc1,MLKXDPUZXIRXEP-UHFFFAOYSA-N,DB_54707,CHEMBL221
1,OCc1ccccc1OC1OC(CO)C(O)C(O)C1O,NGFMICBWJRZIBI-UHFFFAOYSA-N,DB_85510,CHEMBL221
1,O=C([O-])c1ccccc1O,YGSDEFSMJLZEOE-UHFFFAOYSA-M,DB_85513,CHEMBL221
1,O=C(O)c1cc(N=Nc2ccc(S(=O)(=O)Nc3ccccn3)cc2)ccc1O,NCEXYHBECQHGNR-UHFFFAOYSA-N,DB_50097125,CHEMBL221
1,Clc1ccccc1CN1CCc2sccc2C1,PHWBOXQYWZNQIN-UHFFFAOYSA-N,DB_85509,CHEMBL221
