active_label,c_smiles,noiso_InChIKey,ex_id,target_chembl_id
1,CC12CCC3C(CCC4=CC(=O)CCC43C)C1CCC2=O,AEMFNILZOJDQLW-UHFFFAOYSA-N,PUB_6128,CHEMBL1978
1,N#Cc1ccc(C(c2ccc(C#N)cc2)n2cncn2)cc1,HPJKCIUCZWXJDR-UHFFFAOYSA-N,PUB_3902,CHEMBL1978
1,O=C1CC(c2ccc(O)cc2)Oc2cc(O)cc(O)c21,FTVWIRXFELQLPI-UHFFFAOYSA-N,PUB_439246,CHEMBL1978
1,O=c1c(O)c(-c2ccc(O)c(O)c2)oc2cc(O)cc(O)c12,REFJWTPEDVJJIY-UHFFFAOYSA-N,PUB_5280343,CHEMBL1978
1,O=C1CC(c2ccccc2)Oc2ccccc21,ZONYXWQDUYMKFB-UHFFFAOYSA-N,PUB_10251,CHEMBL1978
0,O=c1c(-c2ccccc2)coc2ccccc12,GOMNOOKGLZYEJT-UHFFFAOYSA-N,PUB_72304,CHEMBL1978
0,COc1ccc(-c2cc(=O)c3ccc(O)cc3o2)cc1,SQVXWIUVAILQRH-UHFFFAOYSA-N,PUB_5320693,CHEMBL1978
1,COc1ccc2ccc(=O)oc2c1,LIIALPBMIOVAHH-UHFFFAOYSA-N,DB_50303499,CHEMBL1978
