active_label,c_smiles,noiso_InChIKey,ex_id,target_chembl_id
1,CC(C)CC(NC(=O)C(Cc1ccccc1)CC(O)C(Cc1ccccc1)NC(=O)OC(C)(C)C)C(=O)NC(Cc1ccccc1)C(N)=O,MURCDOXDAHPNRQ-UHFFFAOYSA-N,PUB_5479543,CHEMBL4822
1,COc1c2ccoc2c(OCC(O)C(C)(C)O)c2oc(=O)ccc12,PKRPFNXROFUNDE-UHFFFAOYSA-N,PUB_10211,CHEMBL4822
1,CC(C)=CCCC(C)=CCOc1c2ccoc2cc2oc(=O)ccc12,DBMJZOMNXBSRED-UHFFFAOYSA-N,PUB_5471349,CHEMBL4822
1,O=c1c(O)c(-c2ccc(O)c(O)c2)oc2cc(O)cc(O)c12,REFJWTPEDVJJIY-UHFFFAOYSA-N,PUB_5280343,CHEMBL4822
0,O=C(O)c1cc(O)c2c(c1)C(=O)c1cccc(O)c1C2=O,FCDLCPWAQCPTKC-UHFFFAOYSA-N,PUB_10168,CHEMBL4822
0,O=C(C=Cc1ccccc1O)c1ccccc1,UDOOPSJCRMKSGL-UHFFFAOYSA-N,PUB_5367146,CHEMBL4822
1,O=C(C=Cc1ccc(O)cc1O)c1ccc(O)cc1O,ZWTDXYUDJYDHJR-UHFFFAOYSA-N,PUB_10107266,CHEMBL4822
1,O=C(C=Cc1ccc(O)c(O)c1)c1ccc(O)cc1O,AYMYWHCQALZEGT-UHFFFAOYSA-N,PUB_5281222,CHEMBL4822
0,O=C1C(O)c2c(O)cc(O)cc2OC1c1ccc(O)c(O)c1,BYVWXQRJRYELNP-UHFFFAOYSA-N,DB_50084980,CHEMBL4822
1,O=c1cc(-c2ccc(O)cc2)oc2c(-c3c(O)cc(O)c4c(=O)cc(-c5ccc(O)cc5)oc34)c(O)cc(O)c12,LADPNODMUXOPRG-UHFFFAOYSA-N,DB_50323213,CHEMBL4822
1,CC12CCC3C(C)(C)C(O)CCC3(C)C1CCC1C(=CCC3C(C)(C)C(O)CCC13C)C2,FMUNNDDBCLRMSL-UHFFFAOYSA-N,DB_50092533,CHEMBL4822
1,COC(=O)C1(C)C(O)CCC2(C)C3CCC4C(=CC(=O)C5C(C)(CO)C(O)CCC45C)CC3(C)CCC21,WWVFRAVFOHSRSP-UHFFFAOYSA-N,DB_50092536,CHEMBL4822
1,CC12CCC3C(C)(C)C(O)CCC3(C)C1CCC1C(O)(CCC3C(C)(C)C(O)CCC13C)C2,BLPHPSBSZGKMLY-UHFFFAOYSA-N,DB_50092538,CHEMBL4822
1,CC12CCC3C(C)(CCC(O)C3(C)C(=O)O)C1CCC1C(=CC(=O)C3C(C)(C)C(O)CCC13C)C2,PZUQEBIOBVCCSP-UHFFFAOYSA-N,DB_50092539,CHEMBL4822
0,COc1cc(C=CC(=O)CC(=O)C=Cc2ccc(O)cc2)ccc1O,HJTVQHVGMGKONQ-UHFFFAOYSA-N,DB_50163744,CHEMBL4822
