target_chembl_id,compound_chembl_id,c_smiles,noiso_InChIKey,active_label
CHEMBL5393,CHEMBL36506,COC1C(OC(N)=O)C(O)C(Oc2ccc3c(O)c(NC(=O)c4ccc(O)c(CC=C(C)C)c4)c(=O)oc3c2C)OC1(C)C,YJQPYGGHQPGBLI-UHFFFAOYSA-N,0
CHEMBL5393,CHEMBL262597,COc1ccc(C(=O)C=Cc2ccc(OC)c(OC)c2)c(O)c1,SKTAHPCCLORHHM-UHFFFAOYSA-N,1
CHEMBL5393,CHEMBL317469,COc1ccc(C(=O)C=Cc2ccccc2)c(O)c1,GUNGQVJAKLIYDG-UHFFFAOYSA-N,0
CHEMBL5393,CHEMBL76447,COc1ccc(-c2cc(=O)c3c(OC)c(OC)c(OC)c(OC)c3o2)cc1OC,MRIAQLRQZPPODS-UHFFFAOYSA-N,1
CHEMBL5393,CHEMBL573524,COc1ccc(C=CC(=O)c2ccc(O)cc2O)cc1OC,ZMMIEHPFMMRMMN-UHFFFAOYSA-N,1
CHEMBL5393,CHEMBL1935216,O=C(C=Cc1ccccc1)c1c(O)ccc2ccccc12,PFXHOOQGFLTMQH-UHFFFAOYSA-N,1
CHEMBL5393,CHEMBL164841,COc1cc(O)c2c(=O)cc(-c3ccccc3)oc2c1,IRZVHDLBAYNPCT-UHFFFAOYSA-N,1
CHEMBL5393,CHEMBL77966,COc1cc(O)c2c(=O)c(OC)c(-c3ccc(OC)c(OC)c3)oc2c1,HHGPYJLEJGNWJA-UHFFFAOYSA-N,1
CHEMBL5393,CHEMBL77993,COc1ccc(-c2oc3c(OC)c(OC)c(OC)c(OC)c3c(=O)c2OC)cc1OC,SSXJHQZOHUYEGD-UHFFFAOYSA-N,1
CHEMBL5393,CHEMBL163972,CC(C)=CCc1c(O)cc2oc(-c3ccccc3)cc(=O)c2c1O,SIXNWJHCSFYZBN-UHFFFAOYSA-N,1
CHEMBL5393,CHEMBL1935205,COc1ccc(C(=O)C=Cc2ccc(OC)c(OC)c2)c(OC)c1,XKVLLUWABVOODQ-UHFFFAOYSA-N,1
CHEMBL5393,CHEMBL144625,COc1c(-c2ccccc2)oc2ccccc2c1=O,ZAIANDVQAMEDFL-UHFFFAOYSA-N,1
CHEMBL5393,CHEMBL478764,CC(C)=CCCC(C)=CCc1c(O)cc2oc(-c3ccc(O)cc3)c(O)c(=O)c2c1O,MBIJQAHZUBUPNM-UHFFFAOYSA-N,1
CHEMBL5393,CHEMBL44509,COc1cc(C=Cc2ccc(OC)c(OC)c2)cc(OC)c1,PTVAOGIYBMTHSN-UHFFFAOYSA-N,1
CHEMBL5393,CHEMBL941,Cc1ccc(NC(=O)c2ccc(CN3CCN(C)CC3)cc2)cc1Nc1nccc(-c2cccnc2)n1,KTUFNOKKBVMGRW-UHFFFAOYSA-N,1
CHEMBL5393,CHEMBL939,COc1cc2ncnc(Nc3ccc(F)c(Cl)c3)c2cc1OCCCN1CCOCC1,XGALLCVXEZPNRQ-UHFFFAOYSA-N,1
CHEMBL5393,CHEMBL26260,O=c1cc(-c2ccccc2)oc2ccc3ccccc3c12,OUGIDAPQYNCXRA-UHFFFAOYSA-N,1
CHEMBL5393,CHEMBL2420102,COc1ccc(-c2oc3ccccc3c(=O)c2OC)cc1,AFIUIJXKXMMNCK-UHFFFAOYSA-N,1
CHEMBL5393,CHEMBL269732,C=CCC1C=C(C)CC(C)CC(OC)C2OC(O)(C(=O)C(=O)N3CCCCC3C(=O)OC(C(C)=CC3CCC(O)C(OC)C3)C(C)C(O)CC1=O)C(C)CC2OC,QJJXYPPXXYFBGM-UHFFFAOYSA-N,1
CHEMBL5393,CHEMBL75169,COc1ccc(-c2oc3cc(OC)cc(OC)c3c(=O)c2OC)c(OC)c1,KPJGABLCRGWDRB-UHFFFAOYSA-N,1
CHEMBL5393,CHEMBL19032,COc1cc(OC)c2c(=O)c(OC)c(-c3ccc(OC)c(OC)c3)oc2c1,ALGDHWVALRSLBT-UHFFFAOYSA-N,1
CHEMBL5393,CHEMBL222265,COc1cc2oc3c(c(=O)c2c(O)c1C)-c1cccc(O)c1OC3OC,KZXDJFLGVUVMJX-UHFFFAOYSA-N,1
CHEMBL5393,CHEMBL163,CC(C)c1nc(CN(C)C(=O)NC(C(=O)NC(Cc2ccccc2)CC(O)C(Cc2ccccc2)NC(=O)OCc2cncs2)C(C)C)cs1,NCDNCNXCDXHOMX-UHFFFAOYSA-N,0
CHEMBL5393,CHEMBL113,Cn1c(=O)c2c(ncn2C)n(C)c1=O,RYYVLZVUVIJVGH-UHFFFAOYSA-N,0
CHEMBL5393,CHEMBL229907,COc1ccc(C=CC(=O)c2ccc(OC)cc2O)cc1,OAAPAFSEMHJNTF-UHFFFAOYSA-N,1
CHEMBL5393,CHEMBL36584,COc1ccc(C=CC(=O)c2ccc(OC)cc2OC)cc1,HVAKUYCEWDPRCA-UHFFFAOYSA-N,1
CHEMBL5393,CHEMBL554,CS(=O)(=O)CCNCc1ccc(-c2ccc3ncnc(Nc4ccc(OCc5cccc(F)c5)c(Cl)c4)c3c2)o1,BCFGMOOMADDAQU-UHFFFAOYSA-N,1
CHEMBL5393,CHEMBL182653,COc1ccc(C=CC(=O)c2ccc(O)cc2O)cc1,ADRQFDIWPRFKSP-UHFFFAOYSA-N,0
CHEMBL5393,CHEMBL243829,COc1ccc(C=CC(=O)c2c(O)cc(OC)cc2OC)cc1,CGIBCVBDFUTMPT-UHFFFAOYSA-N,1
CHEMBL5393,CHEMBL243148,C=C(C)C(CC=C(C)C)Cc1c(O)cc(O)c2c1OC(c1ccc(O)cc1O)CC2=O,XRYVAQQLDYTHCL-UHFFFAOYSA-N,1
CHEMBL5393,CHEMBL2095208,CC(C)c1nc(CN(C)C(=O)NC(CCN2CCOCC2)C(=O)NC(CCC(Cc2ccccc2)NC(=O)OCc2cncs2)Cc2ccccc2)cs1,ZCIGNRJZKPOIKD-UHFFFAOYSA-N,0
CHEMBL5393,CHEMBL193,COC(=O)C1=C(C)NC(C)=C(C(=O)OC)C1c1ccccc1[N+](=O)[O-],HYIMSNHJOBLJNT-UHFFFAOYSA-N,0
CHEMBL5393,CHEMBL140,COc1cc(C=CC(=O)CC(=O)C=Cc2ccc(O)c(OC)c2)ccc1O,VFLDPWHFBUODDF-UHFFFAOYSA-N,1
CHEMBL5393,CHEMBL23,COc1ccc(C2Sc3ccccc3N(CCN(C)C)C(=O)C2OC(C)=O)cc1,HSUGRBWQSSZJOP-UHFFFAOYSA-N,0
CHEMBL5393,CHEMBL1502,COc1ccnc(C[S+]([O-])c2nc3cc(OC(F)F)ccc3[nH]2)c1OC,IQPSEEYGBUAQFF-UHFFFAOYSA-N,1
CHEMBL5393,CHEMBL103,CC(=O)C1CCC2C3CCC4=CC(=O)CCC4(C)C3CCC12C,RJKFOVLPORLFTN-UHFFFAOYSA-N,0
CHEMBL5393,CHEMBL772,COC(=O)C1C2CC3c4[nH]c5cc(OC)ccc5c4CCN3CC2CC(OC(=O)c2cc(OC)c(OC)c(OC)c2)C1OC,QEVHRUUCFGRFIF-UHFFFAOYSA-N,0
CHEMBL5393,CHEMBL117,O=c1cc(-c2ccccc2)oc2cc(O)cc(O)c12,RTIXKCRFFJGDFG-UHFFFAOYSA-N,1
CHEMBL5393,CHEMBL4455434,CCOc1ccc(C=CC(=O)c2ccc(O)cc2)cc1,BDZFTVOWGRMIDN-UHFFFAOYSA-N,1
CHEMBL5393,CHEMBL1685069,COc1cc2oc(-c3ccccc3)cc(=O)c2c(OC)c1C,LDGCKWYSZUGWHS-UHFFFAOYSA-N,1
CHEMBL5393,CHEMBL1685074,COc1c2c(c3c(c1OC)C1(OC)C4=C(C(=O)C(OC)C1(OC)O3)C(OC)CC(c1ccccc1)O4)C(O)CC(c1ccccc1)O2,XIIREHQYOZVJHT-UHFFFAOYSA-N,0
CHEMBL5393,CHEMBL74898,COc1cc(O)c2c(=O)c(OC)c(-c3ccc(OC)c(O)c3)oc2c1,KPCRYSMUMBNTCK-UHFFFAOYSA-N,1
CHEMBL5393,CHEMBL76553,COc1cc2oc(-c3ccccc3)cc(=O)c2c(O)c1C,QXJMWAGIFVRLTO-UHFFFAOYSA-N,1
CHEMBL5393,CHEMBL137586,COc1ccc2oc(-c3ccccc3)cc(=O)c2c1,XZQLSABETMKIGG-UHFFFAOYSA-N,1
CHEMBL5393,CHEMBL28626,O=c1c(O)c(-c2ccc(O)cc2O)oc2cc(O)cc(O)c12,YXOLAZRVSSWPPT-UHFFFAOYSA-N,0
CHEMBL5393,CHEMBL472,COc1ccc(Cl)cc1C(=O)NCCc1ccc(S(=O)(=O)NC(=O)NC2CCCCC2)cc1,ZNNLBTZKUZBEKO-UHFFFAOYSA-N,0
CHEMBL5393,CHEMBL165509,COc1cc2oc(-c3ccc(O)cc3)c(OC)c(=O)c2c(O)c1OC,YSXFFLGRZJWNFM-UHFFFAOYSA-N,1
CHEMBL5393,CHEMBL50,O=c1c(O)c(-c2ccc(O)c(O)c2)oc2cc(O)cc(O)c12,REFJWTPEDVJJIY-UHFFFAOYSA-N,1
CHEMBL5393,CHEMBL275391,COc1cc(OC)c2c(=O)cc(-c3ccccc3)oc2c1,JRFZSUMZAUHNSL-UHFFFAOYSA-N,1
CHEMBL5393,CHEMBL226507,COc1ccc(-c2cc(=O)c3c(OC)c(OC)c(OC)cc3o2)cc1OC,LKMNXYDUQXAUCZ-UHFFFAOYSA-N,1
CHEMBL5393,CHEMBL75,CC(=O)N1CCN(c2ccc(OCC3COC(Cn4ccnc4)(c4ccc(Cl)cc4Cl)O3)cc2)CC1,XMAYWYJOQHXEEK-UHFFFAOYSA-N,0
CHEMBL5393,CHEMBL64391,CCC(C)n1ncn(-c2ccc(N3CCN(c4ccc(OCC5COC(Cn6cncn6)(c6ccc(Cl)cc6Cl)O5)cc4)CC3)cc2)c1=O,VHVPQPYKVGDNFY-UHFFFAOYSA-N,1
CHEMBL5393,CHEMBL275638,O=c1cc(-c2ccccc2)oc2ccccc12,VHBFFQKBGNRLFZ-UHFFFAOYSA-N,0
CHEMBL5393,CHEMBL73930,COc1ccc(-c2cc(=O)c3c(OC)c(OC)c(OC)c(OC)c3o2)cc1,ULSUXBXHSYSGDT-UHFFFAOYSA-N,0
CHEMBL5393,CHEMBL107131,COc1cc(OC)c2c(c1)OC(c1ccccc1)CC2=O,IAFBOKYTDSDNHV-UHFFFAOYSA-N,0
CHEMBL5393,CHEMBL150,O=c1c(O)c(-c2ccc(O)cc2)oc2cc(O)cc(O)c12,IYRMWMYZSQPJKC-UHFFFAOYSA-N,1
CHEMBL5393,CHEMBL44,O=c1c(-c2ccc(O)cc2)coc2cc(O)cc(O)c12,TZBJGXHYKVUXJN-UHFFFAOYSA-N,1
CHEMBL5393,CHEMBL269538,COc1ccc2c(c1)[nH]c1c(C)nccc12,BXNJHAXVSOCGBA-UHFFFAOYSA-N,1
CHEMBL5393,CHEMBL1380,Nc1nc(NC2CC2)c2ncn(C3C=CC(CO)C3)c2n1,MCGSCOLBFJQGHM-UHFFFAOYSA-N,0
CHEMBL5393,CHEMBL374478,COC1C=COC2(C)Oc3c(C)c(O)c4c(O)c(c(C=NN5CCN(C)CC5)c(O)c4c3C2=O)NC(=O)C(C)=CC=CC(C)C(O)C(C)C(O)C(C)C(OC(C)=O)C1C,JQXXHWHPUNPDRT-UHFFFAOYSA-N,0
CHEMBL5393,CHEMBL388590,CCc1oc2ccccc2c1C(=O)c1cc(Br)c(O)c(Br)c1,WHQCHUCQKNIQEC-UHFFFAOYSA-N,1
CHEMBL5393,CHEMBL35,NS(=O)(=O)c1cc(C(=O)O)c(NCc2ccco2)cc1Cl,ZZUFCTLCJUWOSV-UHFFFAOYSA-N,1
CHEMBL5393,CHEMBL1487,CC(C)c1c(C(=O)Nc2ccccc2)c(-c2ccccc2)c(-c2ccc(F)cc2)n1CCC(O)CC(O)CC(=O)O,XUKUURHRXDUEBC-UHFFFAOYSA-N,1
CHEMBL5393,CHEMBL421,O=C(O)c1cc(N=Nc2ccc(S(=O)(=O)Nc3ccccn3)cc2)ccc1O,NCEXYHBECQHGNR-UHFFFAOYSA-N,1
CHEMBL5393,CHEMBL599746,O=C(C=Cc1ccc(O)cc1)NC=Cc1ccc(O)cc1,KQOAXPONBXVESE-UHFFFAOYSA-N,0
CHEMBL5393,CHEMBL487805,O=C(O)C1OC(Oc2cc3oc(-c4ccc(O)cc4)cc(=O)c3c(O)c2O)C(O)C(O)C1O,DJSISFGPUUYILV-UHFFFAOYSA-N,1
CHEMBL5393,CHEMBL3542370,O=C(O)C1OC(Oc2c(O)cc3oc(-c4ccc(O)cc4)cc(=O)c3c2O)C(O)C(O)C1O,HBLWMMBFOKSEKW-UHFFFAOYSA-N,0
CHEMBL5393,CHEMBL837,CCc1c2c(nc3ccc(O)cc13)-c1cc3c(c(=O)n1C2)COC(=O)C3(O)CC,FJHBVJOVLFPMQE-UHFFFAOYSA-N,1
CHEMBL5393,CHEMBL77198,COc1ccc2c(=O)c(O)c(-c3ccc(OC)c(OC)c3)oc2c1,KSAJVJYHNOORPX-UHFFFAOYSA-N,1
CHEMBL5393,CHEMBL575808,COc1ccc2c(=O)c(OC)c(-c3ccc(OC)c(OC)c3)oc2c1,NAMFTZBUZYVNST-UHFFFAOYSA-N,1
CHEMBL5393,CHEMBL283196,O=c1cc(-c2ccccc2)oc2c1ccc1ccccc12,VFMMPHCGEFXGIP-UHFFFAOYSA-N,1
CHEMBL5393,CHEMBL4757380,c1ccc2c(c1)OCO2,FTNJQNQLEGKTGD-UHFFFAOYSA-N,1
CHEMBL5393,CHEMBL461101,CC1=NN(c2ccc(C)c(C)c2)C(=O)C1=NNc1cccc(-c2cccc(C(=O)O)c2)c1O,XDXWLKQMMKQXPV-UHFFFAOYSA-N,1
CHEMBL5393,CHEMBL490697,CC(C)=CCCC(C)=CCc1c(O)cc(O)c2c1OC(c1ccc(O)cc1)CC2=O,GOAUTULGLLBZSR-UHFFFAOYSA-N,0
CHEMBL5393,CHEMBL376915,CC(C)=CCc1c(O)cc(O)c2c1OC(c1ccc(O)cc1)CC2=O,LPEPZZAVFJPLNZ-UHFFFAOYSA-N,1
CHEMBL5393,CHEMBL932,OCCN(CCO)c1nc(N2CCCCC2)c2nc(N(CCO)CCO)nc(N3CCCCC3)c2n1,IZEKFCXSFNUWAM-UHFFFAOYSA-N,1
CHEMBL5393,CHEMBL151,O=c1cc(-c2ccc(O)c(O)c2)oc2cc(O)cc(O)c12,IQPNAANSBPBGFQ-UHFFFAOYSA-N,1
CHEMBL5393,CHEMBL556429,COc1ccc(C2CC(=O)c3c(O)cc(O)c(CC=C(C)C)c3O2)cc1,CTFJUDTWKJHYNX-UHFFFAOYSA-N,0
CHEMBL5393,CHEMBL165180,COc1cc(O)c2c(=O)c(OC)c(-c3ccc(O)c(OC)c3)oc2c1,KQFUXLQBMQGNRT-UHFFFAOYSA-N,0
