target_chembl_id,compound_chembl_id,c_smiles,noiso_InChIKey,active_label
CHEMBL4102,CHEMBL468,O=C1CCC(N2C(=O)c3ccccc3C2=O)C(=O)N1,UEJJHQNACJXSKW-UHFFFAOYSA-N,1
CHEMBL4102,CHEMBL16901,C=CCc1ccc(O)c(-c2ccc(O)c(CC=C)c2)c1,FVYXIJYOAGAUQK-UHFFFAOYSA-N,1
CHEMBL4102,CHEMBL26915,COc1ccc(-n2nc(C(F)(F)F)cc2-c2ccc(Cl)cc2)cc1,PQUGCKBLVKJMNT-UHFFFAOYSA-N,0
CHEMBL4102,CHEMBL2147416,CC1C(c2ccc(O)cc2)OC(c2ccc(O)cc2)C1C,PIBJADPEZQHMQS-UHFFFAOYSA-N,0
CHEMBL4102,CHEMBL569136,C=CCc1ccc(O)c(-c2ccc(O)c(C=CC)c2)c1,MHZPQXNOHIORFI-UHFFFAOYSA-N,1
CHEMBL4102,CHEMBL118,Cc1ccc(-c2cc(C(F)(F)F)nn2-c2ccc(S(N)(=O)=O)cc2)cc1,RZEKVGVHFLEQIL-UHFFFAOYSA-N,1
CHEMBL4102,CHEMBL4444825,CC(C)=CCCC(C(=O)O)C1CNC(=N)N1,WVCALCYXKSQZFA-UHFFFAOYSA-N,0
CHEMBL4102,CHEMBL227413,Nc1ccc(S(=O)(=O)Nc2ccc(Cl)cc2)cc1,RBJGYDGKXTYSSL-UHFFFAOYSA-N,0
CHEMBL4102,CHEMBL311498,Oc1cc(O)c2c(c1)OC(c1ccc(O)c(O)c1)C(O)C2,PFTAWBLQPZVEMU-UHFFFAOYSA-N,0
CHEMBL4102,CHEMBL4455571,CC1OC(OC2C(O)C(OCCc3ccc(O)c(O)c3)OC(CO)C2OC(=O)C=Cc2ccc(O)c(O)c2)C(O)C(OC2OCC(O)(CO)C2O)C1O,KAKUSAKVVYFENV-UHFFFAOYSA-N,0
CHEMBL4102,CHEMBL444478,CC1OC(OC2C(O)C(OCCc3ccc(O)c(O)c3)OC(CO)C2OC(=O)C=Cc2ccc(O)c(O)c2)C(O)C(O)C1O,FBSKJMQYURKNSU-UHFFFAOYSA-N,0
CHEMBL4102,CHEMBL4473793,CC(=O)OCC1OC(OCCc2ccc(O)c(O)c2)C(O)C(OC2OC(C)C(O)C(O)C2O)C1OC(=O)C=Cc1ccc(O)c(O)c1,JBGBPOYDCGQCJC-UHFFFAOYSA-N,1
CHEMBL4102,CHEMBL9020,O=C1c2ccccc2C(=O)N1c1ccccc1,MFUPLJQNEXUUDW-UHFFFAOYSA-N,1
CHEMBL4102,CHEMBL2147421,CC=Cc1ccc2c(c1)C(C)C(c1ccc(O)cc1)O2,GXJSAHXNLJFDPO-UHFFFAOYSA-N,0
CHEMBL4102,CHEMBL89700,C=CCc1ccc(O)c(-c2ccc(OC)c(CC=C)c2)c1,OQFHJKZVOALSPV-UHFFFAOYSA-N,1
CHEMBL4102,CHEMBL571196,C=CCC1=CC2(OC)C(=CC1=O)OC(c1ccc(OC)c(OC)c1)C2C,VDYACOATPFOZIO-UHFFFAOYSA-N,0
CHEMBL4102,CHEMBL578403,CC=Cc1cc(OC)c2c(c1)C(C)C(c1ccc3c(c1)OCO3)O2,DMMQXURQRMNSBM-UHFFFAOYSA-N,0
CHEMBL4102,CHEMBL508681,CC(=O)c1c(C)cc2cccc(O)c2c1O,DMLHPCALHMPJHS-UHFFFAOYSA-N,0
CHEMBL4102,CHEMBL583036,C=CCC1=CC2(OC)C(C)C(c3ccc(OC)c(OC)c3)C(C1=O)C2O,YYEUHNBQISBESB-UHFFFAOYSA-N,0
CHEMBL4102,CHEMBL578402,C=CCc1cc2c(cc1O)OC(c1ccc3c(c1)OCO3)C2C,ZEACHMAUZGHOTQ-UHFFFAOYSA-N,0
CHEMBL4102,CHEMBL486763,CS(=O)(=O)c1ccc(-n2nc(C(F)(F)F)cc2-c2ccc(CO)cc2)cc1,PZGLSVDHBUNPKY-UHFFFAOYSA-N,1
CHEMBL4102,CHEMBL745,NS(=O)(=O)c1ccc(-n2nc(C(F)(F)F)cc2-c2ccc(CO)cc2)cc1,ICRSYPPLGADZKA-UHFFFAOYSA-N,1
CHEMBL4102,CHEMBL585724,C=CCC1=CC2(OC)C(C)C(c3ccc4c(c3)OCO4)C(C1=O)C2O,ARFBOYDNJXQGTO-UHFFFAOYSA-N,0
CHEMBL4102,CHEMBL571195,CC=Cc1cc(OC)c2c(c1)C(C)C(c1ccc(OC)c(OC)c1)O2,ITFKWUHXYCXXFF-UHFFFAOYSA-N,0
CHEMBL4102,CHEMBL259731,CC=Cc1cc(OC)c2c(c1)C(C)C(c1ccc(O)c(OC)c1)O2,ITDOFWOJEDZPCF-UHFFFAOYSA-N,0
CHEMBL4102,CHEMBL462878,COc1cc(-c2coc3cc(O)cc(O)c3c2=O)cc(OC2OC(CO)C(O)C(O)C2O)c1OC,PIUYQFXGNHWGBD-UHFFFAOYSA-N,0
CHEMBL4102,CHEMBL585912,C=CCC1=CC2(OC)C(=O)C(C1O)C(c1cc(OC)c(OC)c(OC)c1)C2C,NWXSUVZITFIXOL-UHFFFAOYSA-N,0
CHEMBL4102,CHEMBL41092,Cc1cc(O)c2c(c1)C(=O)c1cccc(O)c1C2=O,LQGUBLBATBMXHT-UHFFFAOYSA-N,0
CHEMBL4102,CHEMBL570291,C=CCC1=CC2(OC)C(=CC1=O)OC(c1cc(OC)c(OC)c(OC)c1)C2C,MRRHZTMSIVTFSK-UHFFFAOYSA-N,0
CHEMBL4102,CHEMBL115590,C=CC1(C)CC=C2C(CCC3C(C)(CO)CCCC23C)C1,YSFNIVKHYKBKHI-UHFFFAOYSA-N,0
CHEMBL4102,CHEMBL165,Oc1ccc(C=Cc2cc(O)cc(O)c2)cc1,LUKBXSAWLPMMSZ-UHFFFAOYSA-N,1
CHEMBL4102,CHEMBL152325,C=CC1(C)CC=C2C(CCC3C(C)(C(=O)O)CCCC23C)C1,TVHDZSRRHQKNEZ-UHFFFAOYSA-N,0
CHEMBL4102,CHEMBL364663,CCC(=C(c1ccccc1)c1ccc(S(C)(=O)=O)cc1)c1ccccc1,PFWWRKICQHMOAR-UHFFFAOYSA-N,1
CHEMBL4102,CHEMBL370265,CCC(=C(c1ccccc1)c1ccc(S(C)(=O)=O)cc1)c1ccc(OC(C)=O)cc1,ZOXHROWEZOQRRD-UHFFFAOYSA-N,1
CHEMBL4102,CHEMBL365432,CCCC(=C(c1ccccc1)c1ccc(S(C)(=O)=O)cc1)c1ccccc1,NNRYGGFTEVJTIV-UHFFFAOYSA-N,1
CHEMBL4102,CHEMBL2413421,COc1ccc(-c2cc(C(F)(F)F)nn2-c2ccc(C#N)cc2)cc1,CGIFDCBIWRRZLD-UHFFFAOYSA-N,0
CHEMBL4102,CHEMBL4538181,CCC(C=CC(C)C1CCC2C3=CCC4CC(O)CCC4(C)C3CCC21C)C(C)C,JZVFJDZBLUFKCA-UHFFFAOYSA-N,1
CHEMBL4102,CHEMBL4248484,CN1c2ccccc2Sc2ccc(S(C)(=O)=O)cc21,TYNAHQFPCDVDAX-UHFFFAOYSA-N,1
CHEMBL4102,CHEMBL571,CC(C(=O)O)c1cccc(C(=O)c2ccccc2)c1,DKYWVDODHFEZIM-UHFFFAOYSA-N,1
CHEMBL4102,CHEMBL82242,CC1OC(Oc2c(-c3ccc(O)c(O)c3)oc3cc(O)cc(O)c3c2=O)C(O)C(O)C1O,OXGUCUVFOIWWQJ-UHFFFAOYSA-N,0
CHEMBL4102,CHEMBL474797,COc1c(O)cc(CCc2ccccc2)cc1O,UXZPELIPQAUZMK-UHFFFAOYSA-N,0
CHEMBL4102,CHEMBL475652,COc1cc(O)cc2c1-c1c(O)cccc1CC2,UZIPEBBTICXJHN-UHFFFAOYSA-N,0
CHEMBL4102,CHEMBL474475,Oc1ccc(CCC(O)CC(O)CCc2ccc(O)cc2)cc1,GZVIQGVWSNEONZ-UHFFFAOYSA-N,0
CHEMBL4102,CHEMBL475821,COc1cc(C=CC=CC(=O)CCc2ccc(O)cc2)ccc1O,VJBQUBGTUNBGDY-UHFFFAOYSA-N,0
CHEMBL4102,CHEMBL474628,Oc1cc(O)cc(CCc2ccccc2O)c1,QNLYZTMYRVYPMN-UHFFFAOYSA-N,0
CHEMBL4102,CHEMBL514825,COc1cc(CCC(O)CC(O)CCc2ccc(O)c(OC)c2)ccc1O,OELMAFBLFOKZJD-UHFFFAOYSA-N,0
CHEMBL4102,CHEMBL254187,COc1cc(O)c2c(c1)CCc1cc(O)ccc1-2,RDKDIPDDUFMMMT-UHFFFAOYSA-N,0
CHEMBL4102,CHEMBL474974,Oc1cc(O)c2c(c1)CCc1ccccc1O2,CYFMLBQMCKMNJT-UHFFFAOYSA-N,0
CHEMBL4102,CHEMBL475651,COc1cc(CCc2ccccc2O)cc(OC)c1O,JCRLULKCRHDSOL-UHFFFAOYSA-N,0
CHEMBL4102,CHEMBL475829,O=C(C=CC=Cc1ccc(O)cc1)CCc1ccc(O)cc1,QIROPQQWKBMABC-UHFFFAOYSA-N,0
CHEMBL4102,CHEMBL450788,COc1cc(O)cc(CCc2cccc(O)c2)c1,VYQXIUVIYICVCM-UHFFFAOYSA-N,0
CHEMBL4102,CHEMBL28,O=c1cc(-c2ccc(O)cc2)oc2cc(O)cc(O)c12,KZNIFHPLKGYRTM-UHFFFAOYSA-N,0
CHEMBL4102,CHEMBL474975,COc1cc(O)cc2c1Oc1ccccc1CC2,OZBWMOVXDLPRHR-UHFFFAOYSA-N,0
CHEMBL4102,CHEMBL228126,COc1cc(O)cc(CCc2ccccc2O)c1,IUMFLNFLJUUODE-UHFFFAOYSA-N,0
CHEMBL4102,CHEMBL471504,COc1cc(CCc2cc(O)cc(O)c2)ccc1O,KPFFMALTIRFAHW-UHFFFAOYSA-N,0
CHEMBL4102,CHEMBL474811,COc1c(O)cccc1CCc1cc(O)cc(O)c1,FNNQAZPVTHKZOI-UHFFFAOYSA-N,1
