target_chembl_id,compound_chembl_id,c_smiles,noiso_InChIKey,active_label
CHEMBL3199,CHEMBL464427,CCN(CC)Cc1ccc(C=C2Cc3cc(OC)c(OC)cc3C2=O)cc1,BINZQDMZAMRQON-UHFFFAOYSA-N,1
CHEMBL3199,CHEMBL95,Nc1c2c(nc3ccccc13)CCCC2,YLJREFDVOIBQDA-UHFFFAOYSA-N,1
CHEMBL3199,CHEMBL514186,COc1cc2c(cc1OC)C(=O)C(=Cc1ccc(CN3CCCCC3)cc1)C2,IIVMDNBMVDWDCL-UHFFFAOYSA-N,1
CHEMBL3199,CHEMBL462873,COc1cc2c(cc1OC)C(=O)C(=Cc1ccc(CN(C)C)cc1)C2,YSIUWNDMUWINQD-UHFFFAOYSA-N,1
CHEMBL3199,CHEMBL464024,CCN(C)Cc1ccc(C=C2Cc3cc(OC)c(OC)cc3C2=O)cc1,MSSPORQJPKFFRA-UHFFFAOYSA-N,1
CHEMBL3199,CHEMBL28,O=c1cc(-c2ccc(O)cc2)oc2cc(O)cc(O)c12,KZNIFHPLKGYRTM-UHFFFAOYSA-N,0
CHEMBL3199,CHEMBL55415,O=c1cc(-c2ccc(O)cc2)oc2cc(O)c(O)c(O)c12,JVXZRQGOGOXCEC-UHFFFAOYSA-N,0
CHEMBL3199,CHEMBL50608,Nc1cc(-c2ccccc2)nc2ccccc12,URUHKHGBRNTPGA-UHFFFAOYSA-N,0
CHEMBL3199,CHEMBL3401031,COc1cc2oc(-c3cccc(O)c3)cc(=O)c2c(OC)c1OC,XJRUMVMLCXYKTP-UHFFFAOYSA-N,0
CHEMBL3199,CHEMBL355821,c1ccc2c(c1)CN1CCCC1=N2,WUFQLZTXIWKION-UHFFFAOYSA-N,0
CHEMBL3199,CHEMBL542,Nc1ccc(C(=O)O)cc1,ALYNCZNDIQEVRV-UHFFFAOYSA-N,1
CHEMBL3199,CHEMBL1255901,CC=C1C2C=C(C)CC1(N)c1ccc(=O)[nH]c1C2,ZRJBHWIHUMBLCN-UHFFFAOYSA-N,1
CHEMBL3199,CHEMBL115350,CC=C1C2Cc3nc(O)ccc3C1(N)CC(C)C2,PWWSISOORXDCMX-UHFFFAOYSA-N,1
CHEMBL3199,CHEMBL1963107,COc1cc2oc(=O)c(C)c(C)c2cc1OCCCN1CCN(c2ccccc2OC)CC1,FQELZLMTAPJJOL-UHFFFAOYSA-N,1
CHEMBL3199,CHEMBL94,CNC(=O)Oc1ccc2c(c1)C1(C)CCN(C)C1N2C,PIJVFDBKTWXHHD-UHFFFAOYSA-N,1
CHEMBL3199,CHEMBL32571,O=C1CC(c2ccc(O)cc2)Oc2cc(O)cc(O)c21,FTVWIRXFELQLPI-UHFFFAOYSA-N,0
CHEMBL3199,CHEMBL44,O=c1c(-c2ccc(O)cc2)coc2cc(O)cc(O)c12,TZBJGXHYKVUXJN-UHFFFAOYSA-N,0
CHEMBL3199,CHEMBL58146,Nc1ccnc2ccccc12,FQYRLEXKXQRZDH-UHFFFAOYSA-N,0
CHEMBL3199,CHEMBL284348,Nc1ccncc1,NUKYPUAOHBNCPY-UHFFFAOYSA-N,0
CHEMBL3199,CHEMBL2299041,COc1cc(OC)c2c(c1)OC(c1ccc(O)c(OC)c1)CC2=O,IGNZKNJYBDCCCL-UHFFFAOYSA-N,1
CHEMBL3199,CHEMBL2299040,COc1cc(OC)c2c(c1)OC(c1ccc(OC)c(O)c1)CC2=O,OUJXARXMFHBXNL-UHFFFAOYSA-N,1
CHEMBL3199,CHEMBL2299039,COc1cc(OC)c2c(c1)OC(c1ccc(O)cc1)CC2=O,REBBZOCNEVVAPX-UHFFFAOYSA-N,1
CHEMBL3199,CHEMBL4464247,O=C(O)c1cc(O)c(C(=O)O)cc1O,OYFRNYNHAZOYNF-UHFFFAOYSA-N,0
CHEMBL3199,CHEMBL3398295,COc1cc(O)c2c(=O)cc(C(=O)O)oc2c1,LGMROWVWNCSLQC-UHFFFAOYSA-N,0
CHEMBL3199,CHEMBL443869,O=C(O)c1cc(=O)c2c(O)cc(O)cc2o1,HGXKTBKFPFARKV-UHFFFAOYSA-N,0
CHEMBL3199,CHEMBL4753179,CC1=C(CCc2ccoc2)C2(C)CCCC(C)(C)C2CC1=O,DGCSFZBBNZMTAQ-UHFFFAOYSA-N,0
CHEMBL3199,CHEMBL345778,COc1ccc(-c2cc(=O)c3ccc(O)cc3o2)cc1OC,MEDOAKSPIIOKFU-UHFFFAOYSA-N,1
CHEMBL3199,CHEMBL16751,COc1ccc(-c2cc(=O)c3ccc(O)cc3o2)cc1,SQVXWIUVAILQRH-UHFFFAOYSA-N,1
CHEMBL3199,CHEMBL348436,COc1cc2oc(-c3ccc(O)cc3)cc(=O)c2c(O)c1OC,ZIIAJIWLQUVGHB-UHFFFAOYSA-N,0
CHEMBL3199,CHEMBL74490,COc1cc2oc(-c3ccc(O)cc3)cc(=O)c2c(OC)c1OC,PJRWXHDCKWSIRU-UHFFFAOYSA-N,0
CHEMBL3199,CHEMBL140476,CC1=CC2Cc3nc4cc(Cl)ccc4c(N)c3C(C1)C2,UKCBMHDZLYYTMI-UHFFFAOYSA-N,1
CHEMBL3199,CHEMBL110077,CC1=CC2Cc3nc4cc(F)ccc4c(N)c3C(C1)C2,CPGLYAIYMGVIIO-UHFFFAOYSA-N,1
CHEMBL3199,CHEMBL3401032,COc1cc2oc(-c3cccc(O)c3)cc(=O)c2c(O)c1OC,HGMXYCLTWNAEBU-UHFFFAOYSA-N,0
