target_chembl_id,compound_chembl_id,c_smiles,noiso_InChIKey,active_label
CHEMBL2573,CHEMBL532,CCC1OC(=O)C(C)C(OC2CC(C)(OC)C(O)C(C)O2)C(C)C(OC2OC(C)CC(N(C)C)C2O)C(C)(O)CC(C)C(=O)C(C)C(O)C1(C)O,ULGZDMOVFRHVEP-UHFFFAOYSA-N,0
CHEMBL2573,CHEMBL163,CC(C)c1nc(CN(C)C(=O)NC(C(=O)NC(Cc2ccccc2)CC(O)C(Cc2ccccc2)NC(=O)OCc2cncs2)C(C)C)cs1,NCDNCNXCDXHOMX-UHFFFAOYSA-N,0
CHEMBL2573,CHEMBL1276308,CC#CC1(O)CCC2C3CCC4=CC(=O)CCC4=C3C(c3ccc(N(C)C)cc3)CC21C,VKHAHZOOUSRJNA-UHFFFAOYSA-N,0
CHEMBL2573,CHEMBL66,O=C1c2c(O)cc(O)cc2OC(c2ccc(O)c(O)c2)C1O,CXQWRCVTCMQVQX-UHFFFAOYSA-N,0
CHEMBL2573,CHEMBL38464,COc1cc(C2Oc3cc(-c4oc5cc(O)cc(O)c5c(=O)c4O)ccc3OC2CO)ccc1O,BVKQRAYKLBRNIK-UHFFFAOYSA-N,1
CHEMBL2573,CHEMBL9509,COc1cc(C2Oc3cc(C4Oc5cc(O)cc(O)c5C(=O)C4O)ccc3OC2CO)ccc1O,SEBFKMXJBCUCAI-UHFFFAOYSA-N,1
CHEMBL2573,CHEMBL40919,COc1ccc(-c2oc3cc(O)cc(O)c3c(=O)c2O)cc1,SQFSKOYWJBQGKQ-UHFFFAOYSA-N,1
CHEMBL2573,CHEMBL9352,O=C1CC(c2ccc(O)cc2)Oc2cc(O)cc(O)c21,FTVWIRXFELQLPI-UHFFFAOYSA-N,0
CHEMBL2573,CHEMBL309490,O=c1c(O)c(-c2ccccc2)oc2cc(O)cc(O)c12,VCCRNZQBSJXYJD-UHFFFAOYSA-N,1
CHEMBL2573,CHEMBL150,O=c1c(O)c(-c2ccc(O)cc2)oc2cc(O)cc(O)c12,IYRMWMYZSQPJKC-UHFFFAOYSA-N,1
CHEMBL2573,CHEMBL1403281,CC(C)CC1C(=O)N2CCCC2C2(O)OC(NC(=O)C3C=C4c5cccc6[nH]cc(c56)CC4N(C)C3)(C(C)C)C(=O)N12,YDOTUXAWKBPQJW-UHFFFAOYSA-N,0
CHEMBL2573,CHEMBL1385840,CC(C)C1C(=O)N2CCCC2C2(O)OC(NC(=O)C3C=C4c5cccc6[nH]cc(c56)CC4N(C)C3)(C(C)C)C(=O)N12,UJYGDMFEEDNVBF-UHFFFAOYSA-N,0
CHEMBL2573,CHEMBL442,CN1CC(C(=O)NC2(C)OC3(O)C4CCCN4C(=O)C(Cc4ccccc4)N3C2=O)C=C2c3cccc4[nH]cc(c34)CC21,XCGSFFUVFURLIX-UHFFFAOYSA-N,0
CHEMBL2573,CHEMBL446315,CC(C)C1(NC(=O)C2C=C3c4cccc5[nH]cc(c45)CC3N(C)C2)OC2(O)C3CCCN3C(=O)C(Cc3ccccc3)N2C1=O,HEFIYUQVAZFDEE-UHFFFAOYSA-N,0
CHEMBL2573,CHEMBL493,CC(C)CC1C(=O)N2CCCC2C2(O)OC(NC(=O)C3C=C4c5cccc6[nH]c(Br)c(c56)CC4N(C)C3)(C(C)C)C(=O)N12,OZVBMTJYIDMWIL-UHFFFAOYSA-N,1
CHEMBL2573,CHEMBL119443,CC(CO)NC(=O)C1C=C2c3cccc4[nH]cc(c34)CC2N(C)C1,WVVSZNPYNCNODU-UHFFFAOYSA-N,0
CHEMBL2573,CHEMBL772,COC(=O)C1C2CC3c4[nH]c5cc(OC)ccc5c4CCN3CC2CC(OC(=O)c2cc(OC)c(OC)c(OC)c2)C1OC,QEVHRUUCFGRFIF-UHFFFAOYSA-N,1
CHEMBL2573,CHEMBL106,OC(Cn1cncn1)(Cn1cncn1)c1ccc(F)cc1F,RFHAOTPXVQNOHP-UHFFFAOYSA-N,0
CHEMBL2573,CHEMBL107,COc1cc2c(c(OC)c1OC)-c1ccc(OC)c(=O)cc1C(NC(C)=O)CC2,IAKHMKGGTNLKSZ-UHFFFAOYSA-N,0
CHEMBL2573,CHEMBL1751,CC1OC(OC2C(O)CC(OC3C(O)CC(OC4CCC5(C)C(CCC6C5CC(O)C5(C)C(C7=CC(=O)OC7)CCC65O)C4)OC3C)OC2C)CC(O)C1O,LTMHDMANZUZIPE-UHFFFAOYSA-N,0
CHEMBL2573,CHEMBL6966,COc1ccc(CCN(C)CCCC(C#N)(c2ccc(OC)c(OC)c2)C(C)C)cc1OC,SGTNSNPWRIOYBX-UHFFFAOYSA-N,1
CHEMBL2573,CHEMBL1294,C=CC1CN2CCC1CC2C(O)c1ccnc2ccc(OC)cc12,LOUPRKONTZGTKE-UHFFFAOYSA-N,0
CHEMBL2573,CHEMBL17157,CC(C)(C)c1ccc(C(O)CCCN2CCC(C(O)(c3ccccc3)c3ccccc3)CC2)cc1,GUGOEEXESWIERI-UHFFFAOYSA-N,0
CHEMBL2573,CHEMBL384467,CC1CC2C3CCC4=CC(=O)C=CC4(C)C3(F)C(O)CC2(C)C1(O)C(=O)CO,UREBDLICKHMUKA-UHFFFAOYSA-N,0
CHEMBL2573,CHEMBL389621,CC12CCC(=O)C=C1CCC1C2C(O)CC2(C)C1CCC2(O)C(=O)CO,JYGXADMDTFJGBT-UHFFFAOYSA-N,0
CHEMBL2573,CHEMBL159,CCC1(O)CC2CN(CCc3c([nH]c4ccccc34)C(C(=O)OC)(c3cc4c(cc3OC)N(C)C3C(O)(C(=O)OC)C(OC(C)=O)C5(CC)C=CCN6CCC43C65)C2)C1,JXLYSJRDGCGARV-UHFFFAOYSA-N,0
CHEMBL2573,CHEMBL64391,CCC(C)n1ncn(-c2ccc(N3CCN(c4ccc(OCC5COC(Cn6cncn6)(c6ccc(Cl)cc6Cl)O5)cc4)CC3)cc2)c1=O,VHVPQPYKVGDNFY-UHFFFAOYSA-N,1
CHEMBL2573,CHEMBL70,CN1CCC23c4c5ccc(O)c4OC2C(O)C=CC3C1C5,BQJCRHHNABKAKU-UHFFFAOYSA-N,0
CHEMBL2573,CHEMBL655,Cc1ncc2n1-c1ccc(Cl)cc1C(c1ccccc1F)=NC2,DDLIGBOFAVUZHB-UHFFFAOYSA-N,0
CHEMBL2573,CHEMBL44657,COc1cc(C2c3cc4c(cc3C(OC3OC5COC(C)OC5C(O)C3O)C3COC(=O)C23)OCO4)cc(OC)c1O,VJJPUSNTGOMMGY-UHFFFAOYSA-N,0
