target_chembl_id,compound_chembl_id,c_smiles,noiso_InChIKey,active_label
CHEMBL6136,CHEMBL4460302,COc1ccc(C2CC(=O)c3c(O)cc(OC4OC(CO)C(O)C(O)C4O)cc3O2)cc1O,ADSYMQORONDIDD-UHFFFAOYSA-N,1
CHEMBL6136,CHEMBL399121,COc1ccc(C2CC(=O)c3c(O)cc(O)cc3O2)cc1O,AIONOLUJZLIMTK-UHFFFAOYSA-N,0
CHEMBL6136,CHEMBL50,O=c1c(O)c(-c2ccc(O)c(O)c2)oc2cc(O)cc(O)c12,REFJWTPEDVJJIY-UHFFFAOYSA-N,1
CHEMBL6136,CHEMBL488001,COc1ccc(-c2cc(=O)c3c(O)cc(OC4OC(CO)C(O)C(O)C4O)cc3o2)cc1O,WKUHPOMCLBLCOV-UHFFFAOYSA-N,0
CHEMBL6136,CHEMBL5190775,O=C(C=Cc1ccc(O)c2c1C(C(=O)OC(Cc1ccc(O)c(O)c1)C(=O)O)C(c1ccc(O)c(O)c1)O2)OC(Cc1ccc(O)c(O)c1)C(=O)O,SNKFFCBZYFGCQN-UHFFFAOYSA-N,1
CHEMBL6136,CHEMBL4531075,COc1cc(C=CC(=O)Nc2ccc(O)cc2)ccc1O,QSNZCPGIRHKODZ-UHFFFAOYSA-N,1
CHEMBL6136,CHEMBL363535,Cc1coc2c1C(=O)C(=O)c1c-2ccc2c(C)cccc12,AIGAZQPHXLWMOJ-UHFFFAOYSA-N,0
CHEMBL6136,CHEMBL449317,COc1ccc(C2CC(=O)c3c(O)cc(OC4OC(COC5OC(C)C(O)C(O)C5O)C(O)C(O)C4O)cc3O2)cc1O,QUQPHWDTPGMPEX-UHFFFAOYSA-N,0
CHEMBL6136,CHEMBL498485,COc1ccc(-c2oc3c(CC=C(C)C)c(O)cc(O)c3c(=O)c2O)cc1,TUUXBSASAQJECY-UHFFFAOYSA-N,0
CHEMBL6136,CHEMBL90568,COc1ccc(-c2cc(=O)c3c(O)cc(O)cc3o2)cc1O,MBNGWHIJMBWFHU-UHFFFAOYSA-N,0
CHEMBL6136,CHEMBL553204,COc1ccc(-c2oc3c(CC=C(C)C)c(OC4OC(CO)C(O)C(O)C4O)cc(O)c3c(=O)c2OC2OC(C)C(O)C(O)C2O)cc1,TZJALUIVHRYQQB-UHFFFAOYSA-N,0
CHEMBL6136,CHEMBL250450,O=c1c(OC2OC(CO)C(O)C(O)C2O)c(-c2ccc(O)c(O)c2)oc2cc(O)cc(O)c12,OVSQVDMCBVZWGM-UHFFFAOYSA-N,1
CHEMBL6136,CHEMBL81,O=C(c1ccc(OCCN2CCCCC2)cc1)c1c(-c2ccc(O)cc2)sc2cc(O)ccc12,GZUITABIAKMVPG-UHFFFAOYSA-N,1
CHEMBL6136,CHEMBL513373,C=CC1(C)CC2OC(=O)C(C)=C2CC1C(=C)C,IEOHWPUTLCTSCQ-UHFFFAOYSA-N,1
CHEMBL6136,CHEMBL187460,CC1COC2=C1C(=O)C(=O)c1c2ccc2c1CCCC2(C)C,GVKKJJOMQCNPGB-UHFFFAOYSA-N,1
CHEMBL6136,CHEMBL313833,NC1CC1c1ccccc1,AELCINSCMGFISI-UHFFFAOYSA-N,0
CHEMBL6136,CHEMBL19344,Oc1ccc(CC2NCCc3cc(O)c(O)cc32)cc1,WZRCQWQRFZITDX-UHFFFAOYSA-N,1
CHEMBL6136,CHEMBL131921,COc1ccc(-c2coc3cc(O)cc(O)c3c2=O)cc1,WUADCCWRTIWANL-UHFFFAOYSA-N,1
CHEMBL6136,CHEMBL294199,COc1cc(CNC(=O)CCCCC=CC(C)C)ccc1O,YKPUWZUDDOIDPM-UHFFFAOYSA-N,1
CHEMBL6136,CHEMBL1197637,COc1cc2c(cc1OC)-c1cc3ccc4c(c3c[n+]1CC2)OCO4,FPJQGFLUORYYPE-UHFFFAOYSA-N,1
CHEMBL6136,CHEMBL485818,O=C(O)C1OC(Oc2cc3oc(-c4ccccc4)cc(=O)c3c(O)c2O)C(O)C(O)C1O,IKIIZLYTISPENI-UHFFFAOYSA-N,1
CHEMBL6136,CHEMBL464732,COc1c(OC2OC(C(=O)O)C(O)C(O)C2O)cc(O)c2c(=O)cc(-c3ccccc3)oc12,LNOHXHDWGCMVCO-UHFFFAOYSA-N,1
CHEMBL6136,CHEMBL10041,CCC(=C(c1ccccc1)c1ccc(OCCN(C)C)cc1)c1ccc(O)cc1,DODQJNMQWMSYGS-UHFFFAOYSA-N,0
CHEMBL6136,CHEMBL8260,O=c1cc(-c2ccccc2)oc2cc(O)c(O)c(O)c12,FXNFHKRTJBSTCS-UHFFFAOYSA-N,0
CHEMBL6136,CHEMBL16171,COc1c(O)cc(O)c2c(=O)cc(-c3ccccc3)oc12,XLTFNNCXVBYBSX-UHFFFAOYSA-N,1
CHEMBL6136,CHEMBL400345,COc1cc2c(cc1O)-c1cc3ccc(OC)c(OC)c3c[n+]1CC2,YYFOFDHQVIODOQ-UHFFFAOYSA-O,1
CHEMBL6136,CHEMBL469024,NC1CC1(F)c1ccccc1,UJTQURLMCYMANH-UHFFFAOYSA-N,0
CHEMBL6136,CHEMBL251055,COc1cc2c(cc1O)CC[n+]1cc3c(OC)c(OC)ccc3cc1-2,MXTLAHSTUOXGQF-UHFFFAOYSA-O,1
CHEMBL6136,CHEMBL206106,COc1cc2c(cc1OC)-c1cc3ccc(OC)c(OC)c3c[n+]1CC2,QUCQEUCGKKTEBI-UHFFFAOYSA-N,0
CHEMBL6136,CHEMBL295124,COc1ccc2cc3[n+](cc2c1OC)CCc1cc2c(cc1-3)OCO2,YBHILYKTIRIUTE-UHFFFAOYSA-N,1
CHEMBL6136,CHEMBL4463951,COc1cc(C=CC(=O)Nc2ccccc2O)ccc1O,MXYIHKIHVBBABI-UHFFFAOYSA-N,1
CHEMBL6136,CHEMBL560116,COc1ccc(-c2oc3c(CC=C(C)C)c(O)cc(O)c3c(=O)c2OC2OC(C)C(O)C(O)C2O)cc1,NGMYNFJANBHLKA-UHFFFAOYSA-N,0
CHEMBL6136,CHEMBL323197,COc1c(O)cc2oc3cc(O)c(CC=C(C)C)c(O)c3c(=O)c2c1CC=C(C)C,GNRIZKKCNOBBMO-UHFFFAOYSA-N,1
CHEMBL6136,CHEMBL1917176,COc1cc2c(cc1OC)-c1c(C)c3ccc(OC)c(OC)c3c[n+]1CC2,RFKQJTRWODZPHF-UHFFFAOYSA-N,1
CHEMBL6136,CHEMBL226335,CC1OC(OCC2OC(Oc3c(-c4ccc(O)c(O)c4)oc4cc(O)cc(O)c4c3=O)C(O)C(O)C2O)C(O)C(O)C1O,IKGXIBQEEMLURG-UHFFFAOYSA-N,1
CHEMBL6136,CHEMBL140,COc1cc(C=CC(=O)CC(=O)C=Cc2ccc(O)c(OC)c2)ccc1O,VFLDPWHFBUODDF-UHFFFAOYSA-N,1
CHEMBL6136,CHEMBL227075,Cc1cccc2c3c(ccc12)C1=C(C(=O)C3=O)C(C)CO1,HARGZZNYNSYSGJ-UHFFFAOYSA-N,0
CHEMBL6136,CHEMBL324842,O=C(C=Cc1ccc(O)c(O)c1)OC(Cc1ccc(O)c(O)c1)C(=O)O,DOUMFZQKYFQNTF-UHFFFAOYSA-N,0
CHEMBL6136,CHEMBL231884,COc1ccc(-c2cc(=O)c3c(O)cc(OC4OC(COC5OC(C)C(O)C(O)C5O)C(O)C(O)C4O)cc3o2)cc1O,GZSOSUNBTXMUFQ-UHFFFAOYSA-N,1
