target_chembl_id,compound_chembl_id,c_smiles,noiso_InChIKey,active_label
CHEMBL240,CHEMBL272980,Nc1ccccc1NC(=O)c1ccc(CNc2nccc(-c3cccnc3)n2)cc1,HRNLUBSXIHFDHP-UHFFFAOYSA-N,0
CHEMBL240,CHEMBL54,O=C(CCCN1CCC(O)(c2ccc(Cl)cc2)CC1)c1ccc(F)cc1,LNEPOXFFQSENCJ-UHFFFAOYSA-N,1
CHEMBL240,CHEMBL6966,COc1ccc(CCN(C)CCCC(C#N)(c2ccc(OC)c(OC)c2)C(C)C)cc1OC,SGTNSNPWRIOYBX-UHFFFAOYSA-N,1
CHEMBL240,CHEMBL1294,C=CC1CN2CCC1CC2C(O)c1ccnc2ccc(OC)cc12,LOUPRKONTZGTKE-UHFFFAOYSA-N,1
CHEMBL240,CHEMBL16,O=C1NC(=O)C(c2ccccc2)(c2ccccc2)N1,CXOFVDLJLONNDW-UHFFFAOYSA-N,0
CHEMBL240,CHEMBL517,CC(C)N(CCC(C(N)=O)(c1ccccc1)c1ccccn1)C(C)C,UVTNFZQICZKOEM-UHFFFAOYSA-N,0
CHEMBL240,CHEMBL40,CCC1(c2ccccc2)C(=O)NC(=O)NC1=O,DDBREPKUVSBGFI-UHFFFAOYSA-N,0
CHEMBL240,CHEMBL33,CC1COc2c(N3CCN(C)CC3)c(F)cc3c(=O)c(C(=O)O)cn1c23,GSDSWSVVBLHKDQ-UHFFFAOYSA-N,0
CHEMBL240,CHEMBL85,Cc1nc2n(c(=O)c1CCN1CCC(c3noc4cc(F)ccc34)CC1)CCCC2,RAPZEAPATHNIPO-UHFFFAOYSA-N,1
CHEMBL240,CHEMBL370805,COC(=O)C1C(OC(=O)c2ccccc2)CC2CCC1N2C,ZPUCINDJVBIVPJ-UHFFFAOYSA-N,1
CHEMBL240,CHEMBL448,CCCC(C)C1(CC)C(=O)NC(=O)NC1=O,WEXRUCMBJFQVBZ-UHFFFAOYSA-N,0
CHEMBL240,CHEMBL2325436,COc1ccc(C(CCCN)(c2ccccc2)c2ccccc2)cc1,IRHHFVBHMPOEPM-UHFFFAOYSA-N,1
CHEMBL240,CHEMBL71,CN(C)CCCN1c2ccccc2Sc2ccc(Cl)cc21,ZPEIMTDSQAKGNT-UHFFFAOYSA-N,1
CHEMBL240,CHEMBL294029,CC(c1nc(-c2ccc(C#N)cc2)cs1)C(O)(Cn1cncn1)c1ccc(F)cc1F,OPAHEYNNJWPQPX-UHFFFAOYSA-N,1
CHEMBL240,CHEMBL432798,CSc1nc(-c2ccc(F)cc2)c(-c2ccnc(NC(C)=O)c2)n1C,CJKGORBZVWDVRY-UHFFFAOYSA-N,0
CHEMBL240,CHEMBL121,CN(CCOc1ccc(CC2SC(=O)NC2=O)cc1)c1ccccn1,YASAKCUCGLMORW-UHFFFAOYSA-N,0
CHEMBL240,CHEMBL64391,CCC(C)n1ncn(-c2ccc(N3CCN(c4ccc(OCC5COC(Cn6cncn6)(c6ccc(Cl)cc6Cl)O5)cc4)CC3)cc2)c1=O,VHVPQPYKVGDNFY-UHFFFAOYSA-N,0
CHEMBL240,CHEMBL71752,CCOC(=O)C1=CC2(CC)CCCN3CCc4c(n1c1ccccc41)C32,DDNCQMVWWZOMLN-UHFFFAOYSA-N,1
CHEMBL240,CHEMBL110,O=C(Cn1ccnc1[N+](=O)[O-])NCc1ccccc1,CULUWZNBISUWAS-UHFFFAOYSA-N,0
CHEMBL240,CHEMBL564226,CC(C1=C(CCN(C)C)Cc2ccccc21)c1ccccn1,MVMQESMQSYOVGV-UHFFFAOYSA-N,1
CHEMBL240,CHEMBL2152522,c1ccc(C(C(c2ccccc2)N2CCCCC2)N2CCCCC2)cc1,MTYFDEYZRYWPAI-UHFFFAOYSA-N,0
CHEMBL240,CHEMBL1535,CCN(CCO)CCCC(C)Nc1ccnc2cc(Cl)ccc12,XXSMGPRMXLTPCZ-UHFFFAOYSA-N,1
CHEMBL240,CHEMBL8,O=C(O)c1cn(C2CC2)c2cc(N3CCNCC3)c(F)cc2c1=O,MYSWGUAQZAJSOK-UHFFFAOYSA-N,0
CHEMBL240,CHEMBL1734,O=C(OC1CN2CCC1CC2)N1CCc2ccccc2C1c1ccccc1,FBOUYBDGKBSUES-UHFFFAOYSA-N,1
CHEMBL240,CHEMBL17350,CC(C(O)c1ccc(O)cc1)N1CCC(O)(c2ccccc2)CC1,QEMSVZNTSXPFJA-UHFFFAOYSA-N,1
CHEMBL240,CHEMBL24072,CC(Cc1ccccc1)NCCC(c1ccccc1)c1ccccc1,IFFPICMESYHZPQ-UHFFFAOYSA-N,1
CHEMBL240,CHEMBL1118,CN(C)CC(c1ccc(O)cc1)C1(O)CCCCC1,KYYIDSXMWOZKMP-UHFFFAOYSA-N,0
CHEMBL240,CHEMBL2216904,COc1cc2c(cc1O)C(Cc1ccc(O)c(Oc3ccc(CC4c5cc(OC)c(OC)cc5CCN4C)cc3)c1)N(C)CC2,BURJAQFYNVMZDV-UHFFFAOYSA-N,1
CHEMBL240,CHEMBL127508,OC(c1ccccc1)(c1ccccc1)C1CCNCC1,ZMISODWVFHHWNR-UHFFFAOYSA-N,0
CHEMBL240,CHEMBL639,CN1CCCC(n2nc(Cc3ccc(Cl)cc3)c3ccccc3c2=O)CC1,MBUVEWMHONZEQD-UHFFFAOYSA-N,1
CHEMBL240,CHEMBL27,CC(C)NCC(O)COc1cccc2ccccc12,AQHHHDLHHXJYJD-UHFFFAOYSA-N,1
CHEMBL240,CHEMBL52832,CC(C)(O)c1ccc(C(O)CCCN2CCC(C(O)(c3ccccc3)c3ccccc3)CC2)cc1,DRGRCRRKRGIMMI-UHFFFAOYSA-N,1
CHEMBL240,CHEMBL31,COc1c(N2CCNC(C)C2)c(F)cc2c(=O)c(C(=O)O)cn(C3CC3)c12,XUBOMFCQGDBHNK-UHFFFAOYSA-N,0
CHEMBL240,CHEMBL23,COc1ccc(C2Sc3ccccc3N(CCN(C)C)C(=O)C2OC(C)=O)cc1,HSUGRBWQSSZJOP-UHFFFAOYSA-N,0
CHEMBL240,CHEMBL2442379,COc1ccc(-c2cc(=O)c3cc(C)ccc3o2)cc1,YTSXWTNKPYQBGN-UHFFFAOYSA-N,0
CHEMBL240,CHEMBL809,CNC1CCC(c2ccc(Cl)c(Cl)c2)c2ccccc21,VGKDLMBJGBXTGI-UHFFFAOYSA-N,1
CHEMBL240,CHEMBL728,CN1CCN(CCCN2c3ccccc3Sc3ccc(Cl)cc32)CC1,WIKYUJGCLQQFNW-UHFFFAOYSA-N,1
CHEMBL240,CHEMBL243664,COc1ccc(-c2cc(=O)c3c(O)cc(O)cc3o2)cc1,DANYIYRPLHHOCZ-UHFFFAOYSA-N,0
CHEMBL240,CHEMBL83,CCC(=C(c1ccccc1)c1ccc(OCCN(C)C)cc1)c1ccccc1,NKANXQFJJICGDU-UHFFFAOYSA-N,1
CHEMBL240,CHEMBL716,OCCOCCN1CCN(C2=Nc3ccccc3Sc3ccccc32)CC1,URKOMYMAXPYINW-UHFFFAOYSA-N,1
CHEMBL240,CHEMBL11,CN(C)CCCN1c2ccccc2CCc2ccccc21,BCGWQEUPMDMJNV-UHFFFAOYSA-N,1
CHEMBL240,CHEMBL16312,COc1ccc(-c2cc(=O)c3ccccc3o2)cc1,OMICQBVLCVRFGN-UHFFFAOYSA-N,0
CHEMBL240,CHEMBL2105617,CCC1C2CC3C4N(C)c5ccccc5C45CC(C2C5O)N3C1O,CJDRUOGAGYHKKD-UHFFFAOYSA-N,1
CHEMBL240,CHEMBL511142,COC12CCC3(CC1C(C)(O)C(C)(C)C)C1Cc4ccc(O)c5c4C3(CCN1CC1CC1)C2O5,RMRJXGBAOAMLHD-UHFFFAOYSA-N,1
CHEMBL240,CHEMBL485,COc1ccc2c3c1OC1C(O)C=CC4C(C2)N(C)CCC341,OROGSEYTTFOCAN-UHFFFAOYSA-N,0
CHEMBL240,CHEMBL193,COC(=O)C1=C(C)NC(C)=C(C(=O)OC)C1c1ccccc1[N+](=O)[O-],HYIMSNHJOBLJNT-UHFFFAOYSA-N,0
CHEMBL240,CHEMBL273575,CN1Cc2c(N)cccc2C(c2ccccc2)C1,XXPANQJNYNUNES-UHFFFAOYSA-N,0
CHEMBL240,CHEMBL519266,CCC1CN2CCC3(C(=O)Nc4ccccc43)C2CC1C(=COC)C(=O)OC,DAXYUDFNWXHGBE-UHFFFAOYSA-N,0
CHEMBL240,CHEMBL92870,Cc1cccc(C)c1NC(=O)CN1CCN(CCCC(c2ccc(F)cc2)c2ccc(F)cc2)CC1,ZBIAKUMOEKILTF-UHFFFAOYSA-N,1
CHEMBL240,CHEMBL501701,N=C(N)NC(=O)c1nc(Cl)c(N2CCCCCC2)nc1N,RQQJJXVETXFINY-UHFFFAOYSA-N,1
CHEMBL240,CHEMBL222863,CC1OC(OC2CC(O)C3(CO)C4C(O)CC5(C)C(C6=CC(=O)OC6)CCC5(O)C4CCC3(O)C2)C(O)C(O)C1O,LPMXVESGRSUGHW-UHFFFAOYSA-N,1
CHEMBL240,CHEMBL841,CN(C)C(=O)C(CCN1CCC(O)(c2ccc(Cl)cc2)CC1)(c1ccccc1)c1ccccc1,RDOIQAHITMMDAJ-UHFFFAOYSA-N,1
CHEMBL240,CHEMBL3,CN1CCCC1c1cccnc1,SNICXCGAKADSCV-UHFFFAOYSA-N,0
CHEMBL240,CHEMBL157101,CC(=O)N1CCN(c2ccc(OCC3COC(Cn4ccnc4)(c4ccc(Cl)cc4Cl)O3)cc2)CC1,XMAYWYJOQHXEEK-UHFFFAOYSA-N,1
CHEMBL240,CHEMBL70,CN1CCC23c4c5ccc(O)c4OC2C(O)C=CC3C1C5,BQJCRHHNABKAKU-UHFFFAOYSA-N,0
CHEMBL240,CHEMBL1088,CN1CCCCC1CCN1c2ccccc2Sc2ccc([S+](C)[O-])cc21,SLVMESMUVMCQIY-UHFFFAOYSA-N,1
CHEMBL240,CHEMBL49,O=C1CC2(CCCC2)CC(=O)N1CCCCN1CCN(c2ncccn2)CC1,QWCRAEMEVRGPNT-UHFFFAOYSA-N,1
CHEMBL240,CHEMBL374731,Cc1cn(C2CC(O)C(CO)O2)c(=O)[nH]c1=O,IQFYYKKMVGJFEH-UHFFFAOYSA-N,0
CHEMBL240,CHEMBL1494,NCCC(Oc1ccc(C(F)(F)F)cc1)c1ccccc1,WIQRCHMSJFFONW-UHFFFAOYSA-N,1
CHEMBL240,CHEMBL284348,Nc1ccncc1,NUKYPUAOHBNCPY-UHFFFAOYSA-N,0
CHEMBL240,CHEMBL101740,CN(C)CCC=C1c2ccccc2COc2ccccc21,ODQWQRRAPPTVAG-UHFFFAOYSA-N,1
CHEMBL240,CHEMBL1671895,CN1C2CCC1C(C(=O)O)C(OC(=O)c1ccccc1)C2,GVGYEFKIHJTNQZ-UHFFFAOYSA-N,0
CHEMBL240,CHEMBL311663,O=C(OC1Cc2c(O)cc(O)cc2OC1c1cc(O)c(O)c(O)c1)c1cc(O)c(O)c(O)c1,WMBWREPUVVBILR-UHFFFAOYSA-N,1
CHEMBL240,CHEMBL6,COc1ccc2c(c1)c(CC(=O)O)c(C)n2C(=O)c1ccc(Cl)cc1,CGIGDMFJXJATDK-UHFFFAOYSA-N,0
CHEMBL240,CHEMBL300117,CCC(=O)OC(Cc1ccccc1)(c1ccccc1)C(C)CN(C)C,XLMALTXPSGQGBX-UHFFFAOYSA-N,1
CHEMBL240,CHEMBL472,COc1ccc(Cl)cc1C(=O)NCCc1ccc(S(=O)(=O)NC(=O)NC2CCCCC2)cc1,ZNNLBTZKUZBEKO-UHFFFAOYSA-N,0
CHEMBL240,CHEMBL22,COc1cc(Cc2cnc(N)nc2N)cc(OC)c1OC,IEDVJHCEMCRBQM-UHFFFAOYSA-N,0
CHEMBL240,CHEMBL167779,CCN(CC)CCOc1ccc(C(=C(Cl)c2ccccc2)c2ccccc2)cc1,GKIRPKYJQBWNGO-UHFFFAOYSA-N,1
CHEMBL240,CHEMBL531,CCCN1CC(CSC)CC2c3cccc4[nH]cc(c34)CC21,YEHCICAEULNIGD-UHFFFAOYSA-N,1
CHEMBL240,CHEMBL19224,COc1ccc(Cc2nccc3cc(OC)c(OC)cc23)cc1OC,XQYZDYMELSJDRZ-UHFFFAOYSA-N,1
CHEMBL240,CHEMBL305187,CC(C(O)c1ccc(O)cc1)N1CCC(Cc2ccccc2)CC1,UYNVMODNBIQBMV-UHFFFAOYSA-N,1
CHEMBL240,CHEMBL811,CN(C)CCC(c1ccc(Br)cc1)c1ccccn1,ZDIGNSYAACHWNL-UHFFFAOYSA-N,1
CHEMBL240,CHEMBL70099,CN1CCc2cccc3c2C1Cc1ccc(O)c(O)c1-3,VMWNQDUVQKEIOC-UHFFFAOYSA-N,1
CHEMBL240,CHEMBL1671887,CCC1OC(=O)C(C)C(OC2CC(C)(OC)C(O)C(C)O2)C(C)C(OC2OC(C)CC(N(C)C)C2O)C(C)(O)CC(C)C(=O)C(C)C(O)C1(C)O,ULGZDMOVFRHVEP-UHFFFAOYSA-N,0
CHEMBL240,CHEMBL79,CCN(CC)CC(=O)Nc1c(C)cccc1C,NNJVILVZKWQKPM-UHFFFAOYSA-N,0
CHEMBL240,CHEMBL295124,COc1ccc2cc3[n+](cc2c1OC)CCc1cc2c(cc1-3)OCO2,YBHILYKTIRIUTE-UHFFFAOYSA-N,0
CHEMBL240,CHEMBL104,Clc1ccccc1C(c1ccccc1)(c1ccccc1)n1ccnc1,VNFPBHJOKIVQEB-UHFFFAOYSA-N,1
CHEMBL240,CHEMBL1673435,CC1=C2C3OC(=O)C(C)C3C(O)CC2(C)C=CC1=O,LUHMMHZLDLBAKX-UHFFFAOYSA-N,0
CHEMBL240,CHEMBL562847,CCCCC(NC(=O)CC1CCN(Cc2ccn(-c3ccc(C(F)(F)F)cc3)c2)CC1)c1ccc(=O)[nH]c1,ORCCEUNUHQADKD-UHFFFAOYSA-N,0
CHEMBL240,CHEMBL147806,CC(C)(C)NCc1ccc(Nc2ccnc3cc(Cl)ccc23)cc1O,ZVMMVSSEAMUNGI-UHFFFAOYSA-N,1
CHEMBL240,CHEMBL1642485,CCN(CC)CCOc1ccc(-n2ccc(OCc3ccccc3)cc2=O)cc1,BZUVXLPHVGFEJA-UHFFFAOYSA-N,1
CHEMBL240,CHEMBL442717,COc1cc2c(cc1OC)C(Cc1ccc(Oc3cc(CC4c5cc(OC)c(OC)cc5CCN4C)ccc3O)cc1)N(C)CC2,AQASRZOCERRGBL-UHFFFAOYSA-N,0
CHEMBL240,CHEMBL95,Nc1c2c(nc3ccccc13)CCCC2,YLJREFDVOIBQDA-UHFFFAOYSA-N,0
