target_chembl_id,compound_chembl_id,c_smiles,noiso_InChIKey,active_label
CHEMBL262,CHEMBL281948,COC(=O)C1(O)CC2OC1(C)n1c3ccccc3c3c4c(c5c6ccccc6n2c5c31)C(=O)NC4,KOZFSFOOLUUIGY-UHFFFAOYSA-N,0
CHEMBL262,CHEMBL283120,COc1cc(C2c3cc4c(cc3C(O)C3COC(=O)C23)OCO4)cc(OC)c1OC,YJGVMLPVUAXIQN-UHFFFAOYSA-N,0
CHEMBL262,CHEMBL1236962,COc1ncc(-c2ccc3nccc(-c4ccnnc4)c3c2)cc1NS(=O)(=O)c1ccc(F)cc1F,CGBJSGAELGCMKE-UHFFFAOYSA-N,0
CHEMBL262,CHEMBL239559,O=c1cc(-c2ccc(O)c(O)c2)oc2cc(O)c(C3OC(CO)C(O)C(O)C3O)c(O)c12,ODBRNZZJSYPIDI-UHFFFAOYSA-N,0
CHEMBL262,CHEMBL428690,CN1CCC(c2c(O)cc(O)c3c(=O)cc(-c4ccccc4Cl)oc23)C(O)C1,BIIVYFLTOXDAOV-UHFFFAOYSA-N,1
CHEMBL262,CHEMBL142826,O=C(CBr)c1ccc(Br)cc1,FKJSFKCZZIXQIP-UHFFFAOYSA-N,1
CHEMBL262,CHEMBL103006,COc1ccc(C=CC(=O)CC(=O)C=Cc2ccc(OC)cc2)cc1,JFOLIEXFFOBCSM-UHFFFAOYSA-N,0
CHEMBL262,CHEMBL510714,CCOC(=O)c1ccccc1,MTZQAGJQAFMTAQ-UHFFFAOYSA-N,0
CHEMBL262,CHEMBL402435,COc1cc2c(c(OC)c1OC)-c1c(cc3c(c1OC)OCO3)CC(C)C(C)C2,RTZKSTLPRTWFEV-UHFFFAOYSA-N,1
CHEMBL262,CHEMBL1276127,O=C1Nc2ccccc2C1=C1Nc2ccccc2C1=O,CRDNMYFJWFXOCH-UHFFFAOYSA-N,1
CHEMBL262,CHEMBL1972346,Oc1cc(O)cc(C=Cc2ccc(O)c(O)c2)c1,CDRPUGZCRXZLFL-UHFFFAOYSA-N,1
CHEMBL262,CHEMBL1970903,Cc1n[nH]c2ccc(-c3cncc(OCC(N)Cc4c[nH]c5ccccc45)c3)cc12,YWTBGJGMTBHQTM-UHFFFAOYSA-N,1
CHEMBL262,CHEMBL495039,COc1cc(NCCCN)c2nccc(C)c2c1Oc1cccc(C(F)(F)F)c1,PPRRJSWOEFBRDQ-UHFFFAOYSA-N,1
CHEMBL262,CHEMBL451532,CC1OC(OC2C(Oc3cc(O)c4c(c3)OC(c3ccc(O)cc3)CC4=O)OC(CO)C(O)C2O)C(O)C(O)C1O,DFPMSGMNTNDNHN-UHFFFAOYSA-N,0
CHEMBL262,CHEMBL151,O=c1cc(-c2ccc(O)c(O)c2)oc2cc(O)cc(O)c12,IQPNAANSBPBGFQ-UHFFFAOYSA-N,1
CHEMBL262,CHEMBL399121,COc1ccc(C2CC(=O)c3c(O)cc(O)cc3O2)cc1O,AIONOLUJZLIMTK-UHFFFAOYSA-N,0
CHEMBL262,CHEMBL50,O=c1c(O)c(-c2ccc(O)c(O)c2)oc2cc(O)cc(O)c12,REFJWTPEDVJJIY-UHFFFAOYSA-N,1
CHEMBL262,CHEMBL28,O=c1cc(-c2ccc(O)cc2)oc2cc(O)cc(O)c12,KZNIFHPLKGYRTM-UHFFFAOYSA-N,1
CHEMBL262,CHEMBL9352,O=C1CC(c2ccc(O)cc2)Oc2cc(O)cc(O)c21,FTVWIRXFELQLPI-UHFFFAOYSA-N,0
CHEMBL262,CHEMBL449317,COc1ccc(C2CC(=O)c3c(O)cc(OC4OC(COC5OC(C)C(O)C(O)C5O)C(O)C(O)C4O)cc3O2)cc1O,QUQPHWDTPGMPEX-UHFFFAOYSA-N,0
CHEMBL262,CHEMBL6246,O=c1oc2c(O)c(O)cc3c(=O)oc4c(O)c(O)cc1c4c23,AFSDNFLWKVMVRB-UHFFFAOYSA-N,1
CHEMBL262,CHEMBL98350,O=c1cc(N2CCOCC2)oc2c(-c3ccccc3)cccc12,CZQHHVNHHHRRDU-UHFFFAOYSA-N,1
CHEMBL262,CHEMBL3120496,O=c1ccc2nccc3c4ccc(OC5OC(CO)C(O)C(O)C5O)cc4n1c23,MWPUPIWCFYQPEG-UHFFFAOYSA-N,0
CHEMBL262,CHEMBL444160,O=c1ccc2nccc3c4ccc(O)cc4n1c23,JHPIJMUNSMWWAA-UHFFFAOYSA-N,1
CHEMBL262,CHEMBL4288015,Cc1ccc2c(c1)CCC1C(C)(CO)CCCC21C,YBLVFEZIDBFJET-UHFFFAOYSA-N,0
CHEMBL262,CHEMBL3093039,O=c1cc(-c2ccncc2)nc(-c2ccccc2)[nH]1,UIJHSJQYJWTJQQ-UHFFFAOYSA-N,1
CHEMBL262,CHEMBL274467,CC(=O)c1ccccc1,KWOLFJPFCHCOCG-UHFFFAOYSA-N,0
CHEMBL262,CHEMBL490355,O=C1C(=Cc2ccc(O)c(O)c2)Oc2cc(O)ccc21,RGNXWPVNPFAADO-UHFFFAOYSA-N,1
CHEMBL262,CHEMBL454662,COc1ccc(C=CC(=O)C=C(O)C=Cc2ccc(OC)cc2)cc1,UOIUXHFXWVZDEI-UHFFFAOYSA-N,1
CHEMBL262,CHEMBL131770,O=C(C=Cc1ccc(O)cc1)C=C(O)C=Cc1ccc(O)cc1,YXAKCQIIROBKOP-UHFFFAOYSA-N,1
CHEMBL262,CHEMBL140,COc1cc(C=CC(=O)CC(=O)C=Cc2ccc(O)c(OC)c2)ccc1O,VFLDPWHFBUODDF-UHFFFAOYSA-N,0
