target_chembl_id,compound_chembl_id,c_smiles,noiso_InChIKey,active_label
CHEMBL318,CHEMBL275084,CC(C)Cn1c(=O)n(C)c(=O)c2nc[nH]c21,APIXJSLKIYYUKG-UHFFFAOYSA-N,1
CHEMBL318,CHEMBL1256672,Nc1nc(Nc2ccccc2)nc2c1ncn2C1OC(CO)C(O)C1O,SCNILGOVBBRMBK-UHFFFAOYSA-N,1
CHEMBL318,CHEMBL16807,O=c1cc(-c2ccccc2)oc2cccc(O)c12,IYBLVRRCNVHZQJ-UHFFFAOYSA-N,1
CHEMBL318,CHEMBL298474,CCCn1c(=O)c2nc(C3CC4CC3C3OC43)[nH]c2n(CCC)c1=O,OQCJPFYWFGUHIN-UHFFFAOYSA-N,1
CHEMBL318,CHEMBL193,COC(=O)C1=C(C)NC(C)=C(C(=O)OC)C1c1ccccc1[N+](=O)[O-],HYIMSNHJOBLJNT-UHFFFAOYSA-N,1
CHEMBL318,CHEMBL283196,O=c1cc(-c2ccccc2)oc2c1ccc1ccccc12,VFMMPHCGEFXGIP-UHFFFAOYSA-N,1
CHEMBL318,CHEMBL348436,COc1cc2oc(-c3ccc(O)cc3)cc(=O)c2c(O)c1OC,ZIIAJIWLQUVGHB-UHFFFAOYSA-N,1
CHEMBL318,CHEMBL349609,COc1cc2c(c(O)c1OC)c(=O)c1ccccc1n2C,ATBZZQPALSPNMF-UHFFFAOYSA-N,0
CHEMBL318,CHEMBL293776,COc1c(O)cc2oc(-c3ccc(O)cc3)cc(=O)c2c1O,IHFBPDAQLQOCBX-UHFFFAOYSA-N,1
CHEMBL318,CHEMBL304009,CCn1cnc2c(N)ncnc21,MUIPLRMGAXZWSQ-UHFFFAOYSA-N,0
CHEMBL318,CHEMBL1099207,CCOC(=O)C1=C(C)NC(C)=C(C(=O)OCC)C1c1cccc([N+](=O)[O-])c1,ITAOFSSOVNYZCS-UHFFFAOYSA-N,1
CHEMBL318,CHEMBL345778,COc1ccc(-c2cc(=O)c3ccc(O)cc3o2)cc1OC,MEDOAKSPIIOKFU-UHFFFAOYSA-N,0
CHEMBL318,CHEMBL50,O=c1c(O)c(-c2ccc(O)c(O)c2)oc2cc(O)cc(O)c12,REFJWTPEDVJJIY-UHFFFAOYSA-N,1
CHEMBL318,CHEMBL28,O=c1cc(-c2ccc(O)cc2)oc2cc(O)cc(O)c12,KZNIFHPLKGYRTM-UHFFFAOYSA-N,1
CHEMBL318,CHEMBL26260,O=c1cc(-c2ccccc2)oc2ccc3ccccc3c12,OUGIDAPQYNCXRA-UHFFFAOYSA-N,1
CHEMBL318,CHEMBL276915,O=c1cc(-c2ccccc2)oc2cc(O)ccc12,MQGPSCMMNJKMHQ-UHFFFAOYSA-N,1
CHEMBL318,CHEMBL356036,COc1ccc(-c2oc3cc(OC)cc(OC)c3c(=O)c2OC)cc1,YZWIIEJLESXODL-UHFFFAOYSA-N,1
CHEMBL318,CHEMBL148826,COc1ccc(-c2cc(=O)c3c(O)cc(C)cc3o2)cc1,BSEYWXDBSOCPQP-UHFFFAOYSA-N,1
CHEMBL318,CHEMBL517637,COc1cc2oc(-c3ccc(OC4OC(CO)C(O)C(O)C4O)cc3)cc(=O)c2c(O)c1OC,RETJLKUBHXTIGH-UHFFFAOYSA-N,1
CHEMBL318,CHEMBL3289109,Cc1ccc(-c2nc3ccccc3c(=O)[nH]2)cc1,UTEHUKGJDLVHIH-UHFFFAOYSA-N,1
CHEMBL318,CHEMBL510349,O=c1oc2ccccc2cc1-c1ccccc1,HWDSXZLYIKESML-UHFFFAOYSA-N,0
CHEMBL318,CHEMBL127066,Oc1nc(-c2ccccc2)nc2ccccc12,VDULOAUXSMYUMG-UHFFFAOYSA-N,1
CHEMBL318,CHEMBL1163173,O=c1[nH]c(-c2ccc(Cl)cc2)nc2ccccc12,AKHUKZJZNGHOJU-UHFFFAOYSA-N,0
CHEMBL318,CHEMBL1432395,Oc1nc(-c2cccs2)nc2ccccc12,SVVNZCGMBNAQFW-UHFFFAOYSA-N,0
CHEMBL318,CHEMBL336718,COc1ccc(-c2nc(O)c3ccccc3n2)cc1,HETSSARHFAGODR-UHFFFAOYSA-N,0
CHEMBL318,CHEMBL426110,O=C1C(=Cc2ccc(O)cc2)Oc2cc(O)ccc21,KEZLDSPIRVZOKZ-UHFFFAOYSA-N,1
CHEMBL318,CHEMBL3298066,O=C1C(=Cc2ccc(O)c(O)c2)Oc2c1ccc(O)c2O,PNIFOHGQPKXLJE-UHFFFAOYSA-N,1
CHEMBL318,CHEMBL44,O=c1c(-c2ccc(O)cc2)coc2cc(O)cc(O)c12,TZBJGXHYKVUXJN-UHFFFAOYSA-N,1
CHEMBL318,CHEMBL1114,Cn1cnc2c1c(=O)[nH]c(=O)n2C,YAPQBXQYLJRXSA-UHFFFAOYSA-N,0
CHEMBL318,CHEMBL1158,Cn1c(=O)[nH]c2ncn(C)c2c1=O,QUNWUDVFRNGTCO-UHFFFAOYSA-N,0
CHEMBL318,CHEMBL699,Cn1c(=O)c2c(ncn2CCO)n(C)c1=O,NWPRCRWQMGIBOT-UHFFFAOYSA-N,0
CHEMBL318,CHEMBL25427,C=CCn1c(=O)c2c(ncn2C)n(C)c1=O,BTFHIKZOEZREBX-UHFFFAOYSA-N,0
CHEMBL318,CHEMBL501388,COc1cc(C2OCC(O)(Cc3ccc(OC4OC(CO)C(O)C(O)C4O)c(OC)c3)C2COCC2OC(CO)(OC3OC(CO)C(O)C(O)C3O)C(O)C2O)ccc1O,NVEGRZMDXHGAHQ-UHFFFAOYSA-N,1
CHEMBL318,CHEMBL2113620,CNC(=O)C1OC(n2cnc3c(NCc4cccc(Br)c4)ncnc32)C(O)C1O,VKRJBICSKBVSJA-UHFFFAOYSA-N,1
CHEMBL318,CHEMBL2113533,COCC1OC(n2cnc3c(NC4CCCC4)nc(Cl)nc32)C(O)C1O,BEAMUZQXJYLFAG-UHFFFAOYSA-N,1
CHEMBL318,CHEMBL1688963,Nc1nc(=O)[nH]c2c1ncn2C1OC(CO)C(O)C1O,MIKUYHXYGGJMLM-UHFFFAOYSA-N,1
CHEMBL318,CHEMBL449329,Nc1ncnc2c1ncn2C1CC(O)C(CO)O1,OLXZPDWKRNYJJZ-UHFFFAOYSA-N,0
CHEMBL318,CHEMBL2113536,COCC1OC(n2cnc3c(N)ncnc32)C(O)C1O,MLFJPVLRZZMIIP-UHFFFAOYSA-N,1
CHEMBL318,CHEMBL309490,O=c1c(O)c(-c2ccccc2)oc2cc(O)cc(O)c12,VCCRNZQBSJXYJD-UHFFFAOYSA-N,1
CHEMBL318,CHEMBL274318,O=C1CC(c2ccccc2)Oc2ccccc21,ZONYXWQDUYMKFB-UHFFFAOYSA-N,0
CHEMBL318,CHEMBL72617,COc1cc2oc(-c3ccc(O)cc3O)c(CC=C(C)C)c(=O)c2c(O)c1C=CC(C)C,KRGDFVQWQJIMEK-UHFFFAOYSA-N,1
CHEMBL318,CHEMBL74975,O=c1c(Cl)c(-c2ccccc2)oc2ccccc12,FHXDSQYFCFWKAW-UHFFFAOYSA-N,1
CHEMBL318,CHEMBL28626,O=c1c(O)c(-c2ccc(O)cc2O)oc2cc(O)cc(O)c12,YXOLAZRVSSWPPT-UHFFFAOYSA-N,0
CHEMBL318,CHEMBL75772,COc1cc(OC)c2c(=O)c(OC)c(-c3ccccc3)oc2c1,CBTHKWVPSIGKMI-UHFFFAOYSA-N,1
CHEMBL318,CHEMBL75169,COc1ccc(-c2oc3cc(OC)cc(OC)c3c(=O)c2OC)c(OC)c1,KPJGABLCRGWDRB-UHFFFAOYSA-N,0
CHEMBL318,CHEMBL275638,O=c1cc(-c2ccccc2)oc2ccccc12,VHBFFQKBGNRLFZ-UHFFFAOYSA-N,1
CHEMBL318,CHEMBL74852,COc1cc(O)c2c(c1)OC(c1ccc(O)cc1)CC2=O,DJOJDHGQRNZXQQ-UHFFFAOYSA-N,1
CHEMBL318,CHEMBL73809,CC1(O)C(O)C(CO)OC1n1cnc2c(N)ncnc21,PASOFFRBGIVJET-UHFFFAOYSA-N,1
CHEMBL318,CHEMBL151,O=c1cc(-c2ccc(O)c(O)c2)oc2cc(O)cc(O)c12,IQPNAANSBPBGFQ-UHFFFAOYSA-N,1
CHEMBL318,CHEMBL457049,CC(=O)Cc1cc(O)cc2oc(C)cc(=O)c12,YMCXDPKFRCHLPK-UHFFFAOYSA-N,0
CHEMBL318,CHEMBL411066,OCC1OC(n2cnc3c(NCc4ccco4)ncnc32)C(O)C1O,CAGLGYNQQSIUGX-UHFFFAOYSA-N,1
CHEMBL318,CHEMBL449531,CC(=O)Cc1cc(O)cc2oc(CO)cc(=O)c12,IJAJRHZKYVCLQY-UHFFFAOYSA-N,0
