target_chembl_id,compound_chembl_id,c_smiles,noiso_InChIKey,active_label
CHEMBL4361,CHEMBL51483,Cc1cc2c(C(C)C)c(O)c(O)c(C=O)c2c(O)c1-c1c(C)cc2c(C(C)C)c(O)c(O)c(C=O)c2c1O,QBKSWRVVCFFDOT-UHFFFAOYSA-N,1
CHEMBL4361,CHEMBL337821,COc1ccc(C(=O)C=Cc2ccc(O)cc2)cc1,WSEGRADBFAKNHQ-UHFFFAOYSA-N,0
CHEMBL4361,CHEMBL3814532,c1cc2c(cc1C1OCC3C(c4ccc5c(c4)OCO5)OCC13)OCO2,PEYUIKBAABKQKQ-UHFFFAOYSA-N,1
CHEMBL4361,CHEMBL3814168,COc1ccc(C=CC(=O)c2ccc(O)cc2)c(O)c1,LOUBKMCKRZABQN-UHFFFAOYSA-N,0
CHEMBL4361,CHEMBL578585,Cc1cc(NC(=O)Cc2cccs2)no1,OPYMOTLKQFPQGP-UHFFFAOYSA-N,1
CHEMBL4361,CHEMBL268559,COc1ccc(C=CC(=O)c2ccc(O)cc2)cc1,RTCVAWRRHHSOCC-UHFFFAOYSA-N,0
CHEMBL4361,CHEMBL234338,O=c1cc(-c2ccc(O)cc2)oc2c(O)c(O)c(O)c(O)c12,SPZXXUUDYMHBSG-UHFFFAOYSA-N,0
CHEMBL4361,CHEMBL119171,Nc1nc(S)c2ncn(C3OC(CO)C(O)C3O)c2n1,OTDJAMXESTUWLO-UHFFFAOYSA-N,1
CHEMBL4361,CHEMBL165064,COc1c(-c2ccc(O)cc2)oc2cc(O)cc(O)c2c1=O,VJJZJBUCDWKPLC-UHFFFAOYSA-N,1
CHEMBL4361,CHEMBL3814082,COc1ccc(C(=O)C=Cc2cccc(F)c2O)cc1,MYWXVUPGTQHBJW-UHFFFAOYSA-N,0
CHEMBL4361,CHEMBL1255818,O=c1cc(-c2ccccc2)c2cc(O)c(O)cc2o1,TZRNJQYCOSMOJS-UHFFFAOYSA-N,1
CHEMBL4361,CHEMBL313244,Cc1cc(=O)oc2cc(O)c(O)cc12,KVOJTUXGYQVLAJ-UHFFFAOYSA-N,1
CHEMBL4361,CHEMBL244743,O=c1ccc2cc(O)c(O)cc2o1,ILEDWLMCKZNDJK-UHFFFAOYSA-N,1
CHEMBL4361,CHEMBL555017,CC(C)=CCCC1(C)C=Cc2c(O)c3c(c(CC=C(C)C)c2O1)OC12C(=CC4CC1C(C)(C)OC2(CC=C(C)C(=O)O)C4=O)C3=O,GEZHEQNLKAOMCA-UHFFFAOYSA-N,1
CHEMBL4361,CHEMBL12208,Cc1cc(=O)oc2cc(O)ccc12,HSHNITRMYYLLCV-UHFFFAOYSA-N,0
CHEMBL4361,CHEMBL243263,O=c1ccc2cc(O)ccc2o1,CJIJXIFQYOPWTF-UHFFFAOYSA-N,0
CHEMBL4361,CHEMBL71851,COc1cc2ccc(=O)oc2cc1O,RODXRVNMMDRFIK-UHFFFAOYSA-N,0
CHEMBL4361,CHEMBL390320,COc1cc2oc(=O)ccc2cc1O,SYTYLPHCLSSCOJ-UHFFFAOYSA-N,0
CHEMBL4361,CHEMBL278390,O=C(O)c1cc2ccccc2[nH]1,HCUARRIEZVDMPT-UHFFFAOYSA-N,0
CHEMBL4361,CHEMBL55814,O=C1c2ccccc2C(=O)c2c1ccc(O)c2O,RGCKGOZRHPZPFP-UHFFFAOYSA-N,1
CHEMBL4361,CHEMBL192032,O=C1c2ccccc2C(=O)c2c1cc(O)c(O)c2O,AHKDJQYHVWSRLT-UHFFFAOYSA-N,1
CHEMBL4361,CHEMBL2180322,O=C1c2ccccc2C(=O)c2cc(O)c(O)cc21,KQSBZNJFKWOQQK-UHFFFAOYSA-N,1
CHEMBL4361,CHEMBL372711,O=C1c2ccccc2C(=O)c2c(O)cc(O)cc21,WPWWKBNOXTZDQJ-UHFFFAOYSA-N,1
CHEMBL4361,CHEMBL490355,O=C1C(=Cc2ccc(O)c(O)c2)Oc2cc(O)ccc21,RGNXWPVNPFAADO-UHFFFAOYSA-N,1
CHEMBL4361,CHEMBL1407474,O=C(O)CC(CCc1ccccc1)OC1OC(CO)C(O)C(O)C1O,HRYIDVZLDQBLFF-UHFFFAOYSA-N,1
CHEMBL4361,CHEMBL1417159,O=C(CCO)c1ccc(O)cc1,LTEPZFZSPZASKJ-UHFFFAOYSA-N,1
CHEMBL4361,CHEMBL66953,O=c1c(O)cccc2cc(O)c(O)c(O)c12,WDGFFVCWBZVLCE-UHFFFAOYSA-N,0
CHEMBL4361,CHEMBL88326,Nc1ccc(O)c2c1C(=O)c1ccccc1C2=O,AQXYVFBSOOBBQV-UHFFFAOYSA-N,1
CHEMBL4361,CHEMBL324842,O=C(C=Cc1ccc(O)c(O)c1)OC(Cc1ccc(O)c(O)c1)C(=O)O,DOUMFZQKYFQNTF-UHFFFAOYSA-N,1
CHEMBL4361,CHEMBL1425538,O=C(OC1OC2COC(=O)c3cc(O)c(O)c(O)c3-c3c(cc(O)c(O)c3O)C(=O)OC(C2O)C1O)c1cc(O)c(O)c(O)c1,TUSDEZXZIZRFGC-UHFFFAOYSA-N,1
CHEMBL4361,CHEMBL1588263,COc1cc2c(cc1O)CC1NCCc3cc4c(c-2c31)OCO4,VYJUHRAQPIBWNV-UHFFFAOYSA-N,1
CHEMBL4361,CHEMBL1505816,O=C1CC(c2ccc(O)c(O)c2)Oc2c1ccc(O)c2O,ZPVNWCMRCGXRJD-UHFFFAOYSA-N,1
CHEMBL4361,CHEMBL28626,O=c1c(O)c(-c2ccc(O)cc2O)oc2cc(O)cc(O)c12,YXOLAZRVSSWPPT-UHFFFAOYSA-N,1
CHEMBL4361,CHEMBL484640,Cc1c(O)cc2c(c1O)C(=O)CC(c1ccc(O)cc1)O2,SLFZBNOERHGNMI-UHFFFAOYSA-N,1
CHEMBL4361,CHEMBL728,CN1CCN(CCCN2c3ccccc3Sc3ccc(Cl)cc32)CC1,WIKYUJGCLQQFNW-UHFFFAOYSA-N,1
CHEMBL4361,CHEMBL1335522,COc1ccc(C2=CC(=O)C=CC2=O)cc1,LMZUGHSRDZORTH-UHFFFAOYSA-N,1
CHEMBL4361,CHEMBL63354,O=c1cc(-c2ccc(O)c(-c3c(O)cc(O)c4c(=O)cc(-c5ccc(O)cc5)oc34)c2)oc2cc(O)cc(O)c12,YUSWMAULDXZHPY-UHFFFAOYSA-N,1
CHEMBL4361,CHEMBL515252,O=c1c(-c2c(O)cc(O)c3c(=O)cc(-c4ccc(O)cc4)oc23)c(-c2ccc(O)cc2)oc2cc(O)cc(O)c12,IQAMTZLKUHMPPE-UHFFFAOYSA-N,1
CHEMBL4361,CHEMBL3126337,CN(C)c1cccc2ccc(O)cc12,FVIRBOBSIYMISE-UHFFFAOYSA-N,0
CHEMBL4361,CHEMBL496,Oc1c(Cl)cc(Cl)c(Cl)c1Cc1c(O)c(Cl)cc(Cl)c1Cl,ACGUYXCXAPNIKK-UHFFFAOYSA-N,0
CHEMBL4361,CHEMBL6246,O=c1oc2c(O)c(O)cc3c(=O)oc4c(O)c(O)cc1c4c23,AFSDNFLWKVMVRB-UHFFFAOYSA-N,0
CHEMBL4361,CHEMBL416615,O=C1OCC2OC(O)C(O)C(O)C2OC(=O)c2cc(O)c(O)c(O)c2-c2c(O)c(O)c3oc(=O)c4c(c(O)c(O)c5oc(=O)c2c3c54)-c2c1cc(O)c(O)c2O,IQHIEHIKNWLKFB-UHFFFAOYSA-N,1
CHEMBL4361,CHEMBL162783,CC1Oc2cc3c(-c4c(O)cc(O)c5c(O)c6c(cc45)OC(C)C(C)C6=O)c(O)cc(O)c3c(O)c2C(=O)C1C,RHNVLFNWDGWACV-UHFFFAOYSA-N,1
CHEMBL4361,CHEMBL1479103,Oc1cc2c(cc1O)C1c3ccc(O)c(O)c3OCC1(O)C2,WZUVPPKBWHMQCE-UHFFFAOYSA-N,1
