target_chembl_id,compound_chembl_id,c_smiles,noiso_InChIKey,active_label
CHEMBL203,CHEMBL172517,CCOc1cc(O)c2c(=O)cc(-c3ccccc3)oc2c1,IIBZPBNMVWOFEQ-UHFFFAOYSA-N,0
CHEMBL203,CHEMBL4448162,COc1cc2ncnc(Nc3ccc(Cl)c(Cl)c3)c2cc1OCCCN1CCOCC1,VSKQQUAAWOVMOQ-UHFFFAOYSA-N,1
CHEMBL203,CHEMBL2336361,O=C(C=Cc1ccccc1)Nc1ccc(F)cc1,FSGUMUYMSDYGOB-UHFFFAOYSA-N,1
CHEMBL203,CHEMBL9470,CC(C)=CCC(O)C1=CC(=O)c2c(O)ccc(O)c2C1=O,NEZONWMXZKDMKF-UHFFFAOYSA-N,1
CHEMBL203,CHEMBL1094369,COCCc1ccc(O)cc1,FAYGEALAEQKPDI-UHFFFAOYSA-N,0
CHEMBL203,CHEMBL266487,O=C1NC(=O)C(c2c[nH]c3ccccc23)=C1c1c[nH]c2ccccc12,DQYBRTASHMYDJG-UHFFFAOYSA-N,0
CHEMBL203,CHEMBL268368,O=C1NC(=O)c2c1c1c3ccccc3[nH]c1c1[nH]c3ccccc3c21,KAJXOWFGKYKMMZ-UHFFFAOYSA-N,0
CHEMBL203,CHEMBL66879,O=C(O)C=Cc1ccc(O)cc1,NGSWKAQJJWESNS-UHFFFAOYSA-N,0
CHEMBL203,CHEMBL145,O=C(O)C=Cc1ccc(O)c(O)c1,QAIPRVGONGVQAS-UHFFFAOYSA-N,0
CHEMBL203,CHEMBL329867,COc1cc2ncnc(Nc3cncc4ccccc34)c2cc1OC,VLKHXGYXGJCXCH-UHFFFAOYSA-N,1
CHEMBL203,CHEMBL418203,CN1CCC(c2c(O)cc(O)c3c(=O)cc(-c4ccccc4Cl)oc23)C(O)C1,BIIVYFLTOXDAOV-UHFFFAOYSA-N,1
CHEMBL203,CHEMBL407534,O=C(O)C=Cc1cc(CO)ccc1CO,VZNOANOBLUQMFL-UHFFFAOYSA-N,1
CHEMBL203,CHEMBL281948,COC(=O)C1(O)CC2OC1(C)n1c3ccccc3c3c4c(c5c6ccccc6n2c5c31)C(=O)NC4,KOZFSFOOLUUIGY-UHFFFAOYSA-N,0
CHEMBL203,CHEMBL477,Nc1ncnc2c1ncn2C1OC(CO)C(O)C1O,OIRDTQYFTABQOQ-UHFFFAOYSA-N,0
CHEMBL203,CHEMBL283120,COc1cc(C2c3cc4c(cc3C(O)C3COC(=O)C23)OCO4)cc(OC)c1OC,YJGVMLPVUAXIQN-UHFFFAOYSA-N,0
CHEMBL203,CHEMBL1236962,COc1ncc(-c2ccc3nccc(-c4ccnnc4)c3c2)cc1NS(=O)(=O)c1ccc(F)cc1F,CGBJSGAELGCMKE-UHFFFAOYSA-N,0
CHEMBL203,CHEMBL116438,COc1cc(C=CC(=O)C=C(O)C=Cc2ccc(O)c(OC)c2)ccc1O,ZIUSSTSXXLLKKK-UHFFFAOYSA-N,1
CHEMBL203,CHEMBL319244,O=C(C=Cc1ccc(O)c(O)c1)OCCc1ccccc1,SWUARLUWKZWEBQ-UHFFFAOYSA-N,1
CHEMBL203,CHEMBL459,CC(N)(Cc1ccc(O)c(O)c1)C(=O)O,CJCSPKMFHVPWAR-UHFFFAOYSA-N,1
CHEMBL203,CHEMBL17157,CC(C)(C)c1ccc(C(O)CCCN2CCC(C(O)(c3ccccc3)c3ccccc3)CC2)cc1,GUGOEEXESWIERI-UHFFFAOYSA-N,1
CHEMBL203,CHEMBL280998,Oc1ccccc1O,YCIMNLLNPGFGHC-UHFFFAOYSA-N,0
CHEMBL203,CHEMBL244948,O=c1ccc2ccc(O)c(O)c2o1,ATEFPOUAMCWAQS-UHFFFAOYSA-N,1
CHEMBL203,CHEMBL307145,Oc1cccc(O)c1O,WQGWDDDVZFFDIG-UHFFFAOYSA-N,1
CHEMBL203,CHEMBL91,Clc1ccc(COC(Cn2ccnc2)c2ccc(Cl)cc2Cl)c(Cl)c1,BYBLEWFAAKGYCD-UHFFFAOYSA-N,0
CHEMBL203,CHEMBL954,CCN(CC)CCOc1ccc(C(=C(Cl)c2ccccc2)c2ccccc2)cc1,GKIRPKYJQBWNGO-UHFFFAOYSA-N,1
CHEMBL203,CHEMBL486400,CC1(C)CCC2(C(=O)O)CCC3(C)C(=CCC4C5(C)CCC(O)C(C)(CO)C5CCC43C)C2C1,PGOYMURMZNDHNS-UHFFFAOYSA-N,0
CHEMBL203,CHEMBL168,CC1(C)CCC2(C(=O)O)CCC3(C)C(=CCC4C5(C)CCC(O)C(C)(C)C5CCC43C)C2C1,MIJYXULNPSFWEK-UHFFFAOYSA-N,0
CHEMBL203,CHEMBL83,CCC(=C(c1ccccc1)c1ccc(OCCN(C)C)cc1)c1ccccc1,NKANXQFJJICGDU-UHFFFAOYSA-N,1
CHEMBL203,CHEMBL496,Oc1c(Cl)cc(Cl)c(Cl)c1Cc1c(O)c(Cl)cc(Cl)c1Cl,ACGUYXCXAPNIKK-UHFFFAOYSA-N,1
CHEMBL203,CHEMBL6246,O=c1oc2c(O)c(O)cc3c(=O)oc4c(O)c(O)cc1c4c23,AFSDNFLWKVMVRB-UHFFFAOYSA-N,1
CHEMBL203,CHEMBL104,Clc1ccccc1C(c1ccccc1)(c1ccccc1)n1ccnc1,VNFPBHJOKIVQEB-UHFFFAOYSA-N,0
CHEMBL203,CHEMBL71,CN(C)CCCN1c2ccccc2Sc2ccc(Cl)cc21,ZPEIMTDSQAKGNT-UHFFFAOYSA-N,0
CHEMBL203,CHEMBL185686,O=c1c2cccc(O)c2oc2cccc(O)c12,APIPFXZYOMIJQG-UHFFFAOYSA-N,1
CHEMBL203,CHEMBL477197,Oc1cc2c(cc1O)C1c3ccc(O)c(O)c3OCC1(O)C2,WZUVPPKBWHMQCE-UHFFFAOYSA-N,1
CHEMBL203,CHEMBL103552,O=C(O)c1cc(N(Cc2ccccc2O)Cc2cc(O)ccc2O)ccc1O,ULTTYPMRMMDONC-UHFFFAOYSA-N,1
CHEMBL203,CHEMBL45068,O=C(CCc1ccc(O)cc1)c1c(O)cc(O)cc1O,VGEREEWJJVICBM-UHFFFAOYSA-N,0
CHEMBL203,CHEMBL140,COc1cc(C=CC(=O)CC(=O)C=Cc2ccc(O)c(OC)c2)ccc1O,VFLDPWHFBUODDF-UHFFFAOYSA-N,1
CHEMBL203,CHEMBL490510,O=C(C=Cc1ccc(O)c(O)c1)c1ccc(OC2OC(CO)C(O)C(O)C2O)c(O)c1O,XGEYXJDOVMEJNG-UHFFFAOYSA-N,0
CHEMBL203,CHEMBL442938,CC1CCC2(C(=O)O)CCC3(COC(=O)C=Cc4ccc(O)cc4)C(=CCC4C5(C)CCC(O)C(C)(C)C5CCC43C)C2C1C,RZHJGXXCTIXCRI-UHFFFAOYSA-N,1
CHEMBL203,CHEMBL103860,O=C(O)c1cc(CCc2cc(O)ccc2O)ccc1O,LFWUGCULXWIAOP-UHFFFAOYSA-N,1
CHEMBL203,CHEMBL242740,COc1c(O)cc2occ(-c3ccc(O)cc3)c(=O)c2c1O,OBBCRPUNCUPUOS-UHFFFAOYSA-N,1
CHEMBL203,CHEMBL519982,Cc1cc(O)cc2oc(=O)c3c(O)cc(O)cc3c12,CEBXXEKPIIDJHL-UHFFFAOYSA-N,0
CHEMBL203,CHEMBL483526,COc1cc(O)c2c(=O)oc3cc(O)cc(C)c3c2c1,LCSDQFNUYFTXMT-UHFFFAOYSA-N,1
CHEMBL203,CHEMBL491174,COc1cc(O)c2c(=O)c(-c3ccc(O)cc3)coc2c1,KQMVAGISDHMXJJ-UHFFFAOYSA-N,0
CHEMBL203,CHEMBL17329,COC(=O)C=Cc1cc(O)ccc1O,BQCNSTFWSKOWMA-UHFFFAOYSA-N,0
CHEMBL203,CHEMBL486625,O=c1c(-c2ccc(O)cc2)coc2cc(OC3OC(CO)C(O)C(O)C3O)cc(O)c12,ZCOLJUOHXJRHDI-UHFFFAOYSA-N,0
CHEMBL203,CHEMBL131921,COc1ccc(-c2coc3cc(O)cc(O)c3c2=O)cc1,WUADCCWRTIWANL-UHFFFAOYSA-N,0
CHEMBL203,CHEMBL450484,O=C(O)C=Cc1cc(O)ccc1O,JXIPYOZBOMUUCA-UHFFFAOYSA-N,0
CHEMBL203,CHEMBL503768,O=CNC=Cc1cccc(O)c1,VWWNHOUXNGXHFN-UHFFFAOYSA-N,0
CHEMBL203,CHEMBL441343,O=C(O)c1ccc(O)cc1,FJKROLUGYXJWQN-UHFFFAOYSA-N,0
CHEMBL203,CHEMBL28,O=c1cc(-c2ccc(O)cc2)oc2cc(O)cc(O)c12,KZNIFHPLKGYRTM-UHFFFAOYSA-N,0
CHEMBL203,CHEMBL243664,COc1ccc(-c2cc(=O)c3c(O)cc(O)cc3o2)cc1,DANYIYRPLHHOCZ-UHFFFAOYSA-N,0
CHEMBL203,CHEMBL275638,O=c1cc(-c2ccccc2)oc2ccccc12,VHBFFQKBGNRLFZ-UHFFFAOYSA-N,0
CHEMBL203,CHEMBL242741,COc1c(O)cc(O)c2c(=O)c(-c3ccc(O)cc3)coc12,UYLQOGTYNFVQQX-UHFFFAOYSA-N,1
CHEMBL203,CHEMBL8145,O=c1c(-c2ccc(O)cc2)coc2cc(O)ccc12,ZQSIJRDFPHDXIC-UHFFFAOYSA-N,0
