target_chembl_id,compound_chembl_id,c_smiles,noiso_InChIKey,active_label
CHEMBL299,CHEMBL60254,O=C(NC1CNCCCC1OC(=O)c1cc(O)c(C(=O)c2c(O)cccc2C(=O)O)c(O)c1)c1ccc(O)cc1,XYUFCXJZFZPEJD-UHFFFAOYSA-N,1
CHEMBL299,CHEMBL267144,CC(C)C1C(=O)NC(CO)Cc2ccccc2N1C,OBEJTRHPRSRHSZ-UHFFFAOYSA-N,1
CHEMBL299,CHEMBL418203,CN1CCC(c2c(O)cc(O)c3c(=O)cc(-c4ccccc4Cl)oc23)C(O)C1,BIIVYFLTOXDAOV-UHFFFAOYSA-N,0
CHEMBL299,CHEMBL475816,CC(=O)C1=C(O)C=C2Oc3c(C(N)=O)c(O)cc(O)c3C2(C)C1=O,GEWLYFZWVLXQME-UHFFFAOYSA-N,1
CHEMBL299,CHEMBL279115,CCCCCCCCCCCCCC(=O)OC1C(C)C2(O)C(C=C(CO)CC3(O)C(=O)C(C)=CC32)C2C(C)(C)C12OC(C)=O,PHEDXBVPIONUQT-UHFFFAOYSA-N,1
CHEMBL299,CHEMBL27768,CCCC(=O)OC1C(C)C2(O)C(C=C(CO)CC3(O)C(=O)C(C)=CC32)C2C(C)(C)C12OC(=O)CCC,BQJRUJTZSGYBEZ-UHFFFAOYSA-N,1
CHEMBL299,CHEMBL941,Cc1ccc(NC(=O)c2ccc(CN3CCN(C)CC3)cc2)cc1Nc1nccc(-c2cccnc2)n1,KTUFNOKKBVMGRW-UHFFFAOYSA-N,0
CHEMBL299,CHEMBL481635,O=C(C=Cc1ccc(O)c(O)c1)OC1C(CO)OC(OCCc2ccc(O)c(O)c2)C(O)C1O,UHIGZYLCYRQESL-UHFFFAOYSA-N,1
CHEMBL299,CHEMBL346507,CC1=CC23C(=O)C(C=C(CO)C(O)C2(O)C1O)C1C(CC3C)C1(C)C,VEBVPUXQAPLADL-UHFFFAOYSA-N,1
CHEMBL299,CHEMBL452413,O=C(C=Cc1ccc(O)c(O)c1)OCC1OC(OCCc2ccc(O)c(O)c2)C(O)C(OC2OC(CO)C(O)C(O)C2O)C1O,CBZYUWGJNYOKHT-UHFFFAOYSA-N,0
CHEMBL299,CHEMBL504363,CC1OC(OCC2OC(OCCc3ccc(O)c(O)c3)C(O)C(O)C2OC(=O)C=Cc2ccc(O)c(O)c2)C(O)C(O)C1O,DTOUWTJYUCZJQD-UHFFFAOYSA-N,1
CHEMBL299,CHEMBL499145,CC1OC(OCC2OC(OCCc3ccc(O)c(O)c3)C(O)C(OC3OC(C)C(O)C(O)C3O)C2OC(=O)C=Cc2ccc(O)c(O)c2)C(O)C(O)C1O,YMWRMAOPKNYHMZ-UHFFFAOYSA-N,0
CHEMBL299,CHEMBL450121,COc1cc(C=CC(=O)OC2C(CO)OC(OCCc3ccc(O)c(O)c3)C(O)C2OC2OC(C)C(O)C(O)C2O)ccc1O,ZMYQRHSOVRDQDL-UHFFFAOYSA-N,0
CHEMBL299,CHEMBL518414,O=C(C=Cc1ccc(O)c(O)c1)OCC1OC(OCCc2ccc(O)c(O)c2)C(O)C(O)C1O,LFKQVVDFNHDYNK-UHFFFAOYSA-N,1
CHEMBL299,CHEMBL444478,CC1OC(OC2C(O)C(OCCc3ccc(O)c(O)c3)OC(CO)C2OC(=O)C=Cc2ccc(O)c(O)c2)C(O)C(O)C1O,FBSKJMQYURKNSU-UHFFFAOYSA-N,1
CHEMBL299,CHEMBL281948,COC(=O)C1(O)CC2OC1(C)n1c3ccccc3c3c4c(c5c6ccccc6n2c5c31)C(=O)NC4,KOZFSFOOLUUIGY-UHFFFAOYSA-N,1
CHEMBL299,CHEMBL283120,COc1cc(C2c3cc4c(cc3C(O)C3COC(=O)C23)OCO4)cc(OC)c1OC,YJGVMLPVUAXIQN-UHFFFAOYSA-N,0
CHEMBL299,CHEMBL1236962,COc1ncc(-c2ccc3nccc(-c4ccnnc4)c3c2)cc1NS(=O)(=O)c1ccc(F)cc1F,CGBJSGAELGCMKE-UHFFFAOYSA-N,0
CHEMBL299,CHEMBL554,CS(=O)(=O)CCNCc1ccc(-c2ccc3ncnc(Nc4ccc(OCc5cccc(F)c5)c(Cl)c4)c3c2)o1,BCFGMOOMADDAQU-UHFFFAOYSA-N,0
CHEMBL299,CHEMBL939,COc1cc2ncnc(Nc3ccc(F)c(Cl)c3)c2cc1OCCCN1CCOCC1,XGALLCVXEZPNRQ-UHFFFAOYSA-N,0
CHEMBL299,CHEMBL44,O=c1c(-c2ccc(O)cc2)coc2cc(O)cc(O)c12,TZBJGXHYKVUXJN-UHFFFAOYSA-N,0
CHEMBL299,CHEMBL263910,O=C(NC1C2CC(C3CCCC32)C1OC(=O)c1cc(O)c(C(=O)c2c(O)cccc2C(=O)O)c(O)c1)c1ccc(O)cc1,SSMSJTVEHMWTFZ-UHFFFAOYSA-N,1
CHEMBL299,CHEMBL309078,CC1(C)C2CCC1(C)C(OC(=O)c1cc(O)c(C(=O)c3c(O)cccc3C(=O)O)c(O)c1)C2NC(=O)c1ccc(O)cc1,HCDKPFLBNVCSDB-UHFFFAOYSA-N,1
CHEMBL299,CHEMBL253896,COc1cc(O)c(CC=C(C)C)c(O)c1C(=O)C=Cc1ccc(O)cc1,ORXQGKIUCDPEAJ-UHFFFAOYSA-N,0
CHEMBL299,CHEMBL266487,O=C1NC(=O)C(c2c[nH]c3ccccc23)=C1c1c[nH]c2ccccc12,DQYBRTASHMYDJG-UHFFFAOYSA-N,1
CHEMBL299,CHEMBL492828,COc1cc(O)c(CC=C(C)C)c2c1C(=O)CC(c1ccc(O)cc1)O2,YKGCBLWILMDSAV-UHFFFAOYSA-N,0
CHEMBL299,CHEMBL268769,CN(C)CCCn1cc(C2=C(c3cn(C)c4ccccc34)C(=O)NC2=O)c2ccccc21,WHOOZDLAJIKMBZ-UHFFFAOYSA-N,1
CHEMBL299,CHEMBL2148106,COC(CCC(C)C1OC23CC(OC(=O)CC(C(C)O)OC(=O)CC(O)(O2)C(C)CC3(C)C)C1C)c1cccc(O)c1,REAZZDPREXHWNV-UHFFFAOYSA-N,1
CHEMBL299,CHEMBL46094,CC1=CC23C(=O)C(C=C(CO)C(O)C2(O)C1OC(=O)c1ccccc1)C1C(CC3C)C1(C)C,VYLJAGRINUHTSF-UHFFFAOYSA-N,1
CHEMBL299,CHEMBL16958,O=C1NCc2c1c1c3ccccc3[nH]c1c1[nH]c3ccccc3c21,MEXUTNIFSHFQRG-UHFFFAOYSA-N,1
CHEMBL299,CHEMBL268368,O=C1NC(=O)c2c1c1c3ccccc3[nH]c1c1[nH]c3ccccc3c21,KAJXOWFGKYKMMZ-UHFFFAOYSA-N,0
CHEMBL299,CHEMBL455297,O=C(CCc1ccc(O)c(O)c1)CC(O)CCc1ccc(O)c(O)c1,MVIYWFBLVAFZID-UHFFFAOYSA-N,0
CHEMBL299,CHEMBL464570,O=C(CCc1ccc(O)c(O)c1)CC(CCc1ccc(O)c(O)c1)OC1OCC(O)C(O)C1O,AQRNEKDRSXYJIN-UHFFFAOYSA-N,0
CHEMBL299,CHEMBL464274,O=C(C=CCCc1ccc(O)c(O)c1)CCc1ccc(O)c(O)c1,VWHYFMQKJYFLCC-UHFFFAOYSA-N,1
