target_chembl_id,compound_chembl_id,c_smiles,noiso_InChIKey,active_label
CHEMBL4026,CHEMBL128729,COc1cc(C=CC(=O)C=Cc2ccc(O)c(OC)c2)ccc1O,ISIMGBQRFXXNON-UHFFFAOYSA-N,1
CHEMBL4026,CHEMBL3581712,C=C(C)C(=O)CCC(C)(OC1OC(COC2OC(C)C(O)C(O)C2O)C(O)C(O)C1O)C1CCC2(C)C1C(O)CC1C3(C)CC(O)C(O)C(C)(C)C3CCC12C,DZHYECDDAAWKHM-UHFFFAOYSA-N,1
CHEMBL4026,CHEMBL318743,COc1cc(CCC(=O)CC(=O)CCc2ccc(O)c(OC)c2)ccc1O,LBTVHXHERHESKG-UHFFFAOYSA-N,0
CHEMBL4026,CHEMBL465843,COc1cc(C=CC(=O)N2CCC=CC2=O)cc(OC)c1OC,VABYUUZNAVQNPG-UHFFFAOYSA-N,1
CHEMBL4026,CHEMBL3931428,CC1=CCCC2(C)OC2CCC(C)=CC2OC(=O)C(C)=C2CC1,CGAKBBMRMLAYMY-UHFFFAOYSA-N,0
CHEMBL4026,CHEMBL2023564,CC(C)=CCCC(C)(OC1OC(C)C(O)C(O)C1O)C1CC=C(C)CC1,QZHVNXNQIQXHJI-UHFFFAOYSA-N,1
CHEMBL4026,CHEMBL3904515,CC1=CCCC2(C)OC2CC2(C(C)C)CCC(C)(O2)C(O)CC1,ARTVDMKLQDTMGX-UHFFFAOYSA-N,0
CHEMBL4026,CHEMBL507237,CC(=O)OC(C)(C)C=CC(=O)C(C)(O)C1C(O)CC2(C)C3CC=C4C(CC(O)C(=O)C4(C)C)C3(C)C(=O)CC12C,IXQKXEUSCPEQRD-UHFFFAOYSA-N,1
CHEMBL4026,CHEMBL3922508,CC1=CCC2(C(C)C)CCC(C)(O2)C(O)CCC(C)=CCC1,SSBZLMMXFQMHDP-UHFFFAOYSA-N,0
CHEMBL4026,CHEMBL3979367,CC(=O)OC1CCC(C)=CCCC(C)=CCC2(C(C)C)CCC1(C)O2,HVBACKJYWZTKCA-UHFFFAOYSA-N,0
CHEMBL4026,CHEMBL1096927,CC(C)=CCCC(C)(O)C1CC=C(C)CC1,RGZSQWQPBWRIAQ-UHFFFAOYSA-N,0
CHEMBL4026,CHEMBL64130,CC(=O)c1cc2c(o1)C(=O)c1ccccc1C2=O,DPHUWDIXHNQOSY-UHFFFAOYSA-N,1
CHEMBL4026,CHEMBL168,CC1(C)CCC2(C(=O)O)CCC3(C)C(=CCC4C5(C)CCC(O)C(C)(C)C5CCC43C)C2C1,MIJYXULNPSFWEK-UHFFFAOYSA-N,0
CHEMBL4026,CHEMBL3581710,C=C(C)C(=O)CCC(C)(OC1OC(COC2OC(CO)C(O)C(O)C2O)C(O)C(O)C1O)C1CCC2(C)C1C(O)CC1C3(C)CC(O)C(O)C(C)(C)C3CCC12C,VHAOZWPEPOPZFA-UHFFFAOYSA-N,1
CHEMBL4026,CHEMBL116438,COc1cc(C=CC(=O)C=C(O)C=Cc2ccc(O)c(OC)c2)ccc1O,ZIUSSTSXXLLKKK-UHFFFAOYSA-N,0
CHEMBL4026,CHEMBL1751,CC1OC(OC2C(O)CC(OC3C(O)CC(OC4CCC5(C)C(CCC6C5CC(O)C5(C)C(C7=CC(=O)OC7)CCC65O)C4)OC3C)OC2C)CC(O)C1O,LTMHDMANZUZIPE-UHFFFAOYSA-N,1
CHEMBL4026,CHEMBL254219,CC1OC(OC2C(O)CC(OC3C(O)CC(OC4CCC5(C)C(CCC6C5CCC5(C)C(C7=CC(=O)OC7)CCC65O)C4)OC3C)OC2C)CC(O)C1O,WDJUZGPOPHTGOT-UHFFFAOYSA-N,1
CHEMBL4026,CHEMBL222863,CC1OC(OC2CC(O)C3(CO)C4C(O)CC5(C)C(C6=CC(=O)OC6)CCC5(O)C4CCC3(O)C2)C(O)C(O)C1O,LPMXVESGRSUGHW-UHFFFAOYSA-N,1
CHEMBL4026,CHEMBL1668333,CC(C)=CC(=O)CC(C)c1ccc(C)cc1,NAAJVHHFAXWBOK-UHFFFAOYSA-N,0
CHEMBL4026,CHEMBL1081586,COC(=O)C1=COC(OC2OC(CO)C(O)C(O)C2O)C2C1CC(O)C2C,AMBQHHVBBHTQBF-UHFFFAOYSA-N,0
CHEMBL4026,CHEMBL4160015,CCOC1CC2C(C(=O)OC)=COC(OC3OC(CO)C(O)C(O)C3O)C2C(C)O1,IRKFOLIBBQDADK-UHFFFAOYSA-N,0
CHEMBL4026,CHEMBL1209803,COC(=O)C1=COC(OC2OC(CO)C(O)C(O)C2O)C2C(C)OC(O)CC12,YTZSBJLNMIQROD-UHFFFAOYSA-N,1
CHEMBL4026,CHEMBL1209872,COC(=O)C1=COC(OC2OC(CO)C(O)C(O)C2O)C2C(C)OC(OC)CC12,IZODPOCIKVLNIL-UHFFFAOYSA-N,0
CHEMBL4026,CHEMBL4159173,COC(=O)C1=COC(OC2OC(CO)C(O)C(O)C2O)C2C(C)OC(OCC3OC(OC4OC=C(C(=O)OC)C5CC(O)C(C)C45)C(O)C(O)C3O)CC12,PVQSSYWOIOEIPR-UHFFFAOYSA-N,0
CHEMBL4026,CHEMBL456137,C=CC1C(OC2OC(CO)C(O)C(O)C2O)OC=C2C(=O)OCCC21,VSJGJMKGNMDJCI-UHFFFAOYSA-N,0
CHEMBL4026,CHEMBL44,O=c1c(-c2ccc(O)cc2)coc2cc(O)cc(O)c12,TZBJGXHYKVUXJN-UHFFFAOYSA-N,0
CHEMBL4026,CHEMBL463273,CC12CCC(O)CC1(O)CCC1C2CCC2(C)C(c3ccc(=O)oc3)CCC12O,PBSOJKPTQWWJJD-UHFFFAOYSA-N,0
CHEMBL4026,CHEMBL187460,CC1COC2=C1C(=O)C(=O)c1c2ccc2c1CCCC2(C)C,GVKKJJOMQCNPGB-UHFFFAOYSA-N,1
