target_chembl_id,compound_chembl_id,c_smiles,noiso_InChIKey,active_label
CHEMBL6152,CHEMBL135,CC12CCC3c4ccc(O)cc4CCC3C1CCC2O,VOXZDWNPVJITMN-UHFFFAOYSA-N,0
CHEMBL6152,CHEMBL193482,CC12CCC3c4ccc(O)cc4CCC3C1CC(O)C2O,PROQIPRRNZUXQM-UHFFFAOYSA-N,0
CHEMBL6152,CHEMBL386630,CC12CCC(=O)C=C1CCC1C2CCC2(C)C(O)CCC12,MUMGGOZAMZWBJJ-UHFFFAOYSA-N,0
CHEMBL6152,CHEMBL1405,CC12CCC3c4ccc(O)cc4CCC3C1CCC2=O,DNXHEGUUPJUMQT-UHFFFAOYSA-N,0
CHEMBL6152,CHEMBL81379,CC(C=CC=C(C)C=CC1=C(C)CCCC1(C)C)=CC=O,NCYCYZXNIZJOKI-UHFFFAOYSA-N,1
CHEMBL6152,CHEMBL986,CC(C=CC1=C(C)CCCC1(C)C)=CC=CC(C)=CCO,FPIPGXGPPPQFEQ-UHFFFAOYSA-N,1
CHEMBL6152,CHEMBL324842,O=C(C=Cc1ccc(O)c(O)c1)OC(Cc1ccc(O)c(O)c1)C(=O)O,DOUMFZQKYFQNTF-UHFFFAOYSA-N,1
CHEMBL6152,CHEMBL52,CC(Cc1ccc(O)c(O)c1)C(C)Cc1ccc(O)c(O)c1,HCZKYJDFEPMADG-UHFFFAOYSA-N,1
CHEMBL6152,CHEMBL32749,COc1cc(C=CC(=O)O)ccc1O,KSEBMYQBYZTDHS-UHFFFAOYSA-N,1
CHEMBL6152,CHEMBL38,CC(C=CC1=C(C)CCCC1(C)C)=CC=CC(C)=CC(=O)O,SHGAZHPCJJPHSC-UHFFFAOYSA-N,1
CHEMBL6152,CHEMBL504937,Oc1cc(O)c2c(c1)OC(c1ccc(O)c(O)c1)C(O)C2c1c(O)cc(O)c2c1OC(c1ccc(O)c(O)c1)C(O)C2,XFZJEEAOWLFHDH-UHFFFAOYSA-N,1
CHEMBL6152,CHEMBL288114,O=C(O)c1cc(O)c(O)c(O)c1,LNTHITQWFMADLM-UHFFFAOYSA-N,1
CHEMBL6152,CHEMBL264938,O=C(OC1Cc2c(O)cc(O)cc2OC1c1cc(O)c(O)c(O)c1)c1cc(O)c(O)c(O)c1,WMBWREPUVVBILR-UHFFFAOYSA-N,1
CHEMBL6152,CHEMBL151,O=c1cc(-c2ccc(O)c(O)c2)oc2cc(O)cc(O)c12,IQPNAANSBPBGFQ-UHFFFAOYSA-N,0
CHEMBL6152,CHEMBL66953,O=c1c(O)cccc2cc(O)c(O)c(O)c12,WDGFFVCWBZVLCE-UHFFFAOYSA-N,0
CHEMBL6152,CHEMBL125743,Oc1cc(O)c2c(c1)OC(c1cc(O)c(O)c(O)c1)C(O)C2,XMOCLSLCDHWDHP-UHFFFAOYSA-N,1
CHEMBL6152,CHEMBL286494,Cc1cc(O)c2c(=O)c3c(O)cc(O)c4c5c(O)cc(O)c6c(=O)c7c(O)cc(C)c8c1c2c(c34)c(c78)c65,BTXNYTINYBABQR-UHFFFAOYSA-N,1
CHEMBL6152,CHEMBL8260,O=c1cc(-c2ccccc2)oc2cc(O)c(O)c(O)c12,FXNFHKRTJBSTCS-UHFFFAOYSA-N,1
CHEMBL6152,CHEMBL50,O=c1c(O)c(-c2ccc(O)c(O)c2)oc2cc(O)cc(O)c12,REFJWTPEDVJJIY-UHFFFAOYSA-N,0
CHEMBL6152,CHEMBL59,NCCc1ccc(O)c(O)c1,VYFYYTLLBUKUHU-UHFFFAOYSA-N,1
CHEMBL6152,CHEMBL274826,CC12CCC3C(CCC4=CC(=O)CCC43C)C1CCC2=O,AEMFNILZOJDQLW-UHFFFAOYSA-N,0
CHEMBL6152,CHEMBL531,CCCN1CC(CSC)CC2c3cccc4[nH]cc(c34)CC21,YEHCICAEULNIGD-UHFFFAOYSA-N,1
CHEMBL6152,CHEMBL493,CC(C)CC1C(=O)N2CCCC2C2(O)OC(NC(=O)C3C=C4c5cccc6[nH]c(Br)c(c56)CC4N(C)C3)(C(C)C)C(=O)N12,OZVBMTJYIDMWIL-UHFFFAOYSA-N,0
CHEMBL6152,CHEMBL1550,CC(=CCC1=C(C)C(=O)c2ccccc2C1=O)CCCC(C)CCCC(C)CCCC(C)C,MBWXNTAXLNYFJB-UHFFFAOYSA-N,0
CHEMBL6152,CHEMBL55934,O=C1C=CC(=O)c2ccccc21,FRASJONUBLZVQX-UHFFFAOYSA-N,0
CHEMBL6152,CHEMBL259223,CC(C)=CCCC(C)=CCCC(C)=CCCC(C)=CCC1=C(C)C(=O)c2ccccc2C1=O,DKHGMERMDICWDU-UHFFFAOYSA-N,0
CHEMBL6152,CHEMBL590,CC1=CC(=O)c2ccccc2C1=O,MJVAVZPDRWSRRC-UHFFFAOYSA-N,0
