target_chembl_id,compound_chembl_id,c_smiles,noiso_InChIKey,active_label
CHEMBL333,CHEMBL121188,O=c1cccccc1O,MDYOLVRUBBJPFM-UHFFFAOYSA-N,0
CHEMBL333,CHEMBL504873,CC1OC(OC2C(O)C(COC(=O)C=Cc3ccc(O)c(O)c3)OC(OCCc3ccc(O)c(O)c3)C2O)C(O)C(O)C1O,FNMHEHXNBNCPCI-UHFFFAOYSA-N,1
CHEMBL333,CHEMBL43065,Oc1cc(O)cc(C=Cc2ccc(O)cc2O)c1,PDHAOJSHSJQANO-UHFFFAOYSA-N,0
CHEMBL333,CHEMBL241405,COC(=O)C(Cc1ccc(O)c(O)c1)OC(=O)C=Cc1ccc(O)c(O)c1,XHALVRQBZGZHFE-UHFFFAOYSA-N,1
CHEMBL333,CHEMBL50,O=c1c(O)c(-c2ccc(O)c(O)c2)oc2cc(O)cc(O)c12,REFJWTPEDVJJIY-UHFFFAOYSA-N,1
CHEMBL333,CHEMBL2048505,COC(=O)C(Cc1ccc(O)c(O)c1)OC(=O)C=Cc1ccc(O)c2c1C(C(=O)OC)C(c1ccc(O)c(O)c1)O2,YAXTXMBBIHBGPZ-UHFFFAOYSA-N,0
CHEMBL333,CHEMBL2048502,COC(=O)C1(O)CC(OC(=O)C=Cc2ccc(O)c(O)c2)C(O)C(OC(=O)C=Cc2ccc(O)c(O)c2)C1,VEBNYMXKXIIGFX-UHFFFAOYSA-N,1
CHEMBL333,CHEMBL2048507,O=C1c2c(O)cc(O)cc2OC2(c3ccc(O)cc3)Oc3cc(O)c4c(c3C12O)OC(c1ccc(O)cc1)CC4,KVPJDVHJFGPPAB-UHFFFAOYSA-N,0
CHEMBL333,CHEMBL197809,CC(C)C(NS(=O)(=O)c1ccc(-c2ccc(NC(=O)c3oc4ccccc4c3-c3ccccc3)cc2)cc1)C(=O)O,SKYVAYDFIWVHPU-UHFFFAOYSA-N,1
CHEMBL333,CHEMBL790,N=C(NCCCCCCNC(=N)NC(=N)Nc1ccc(Cl)cc1)NC(=N)Nc1ccc(Cl)cc1,GHXZTYHSJHQHIJ-UHFFFAOYSA-N,1
CHEMBL333,CHEMBL490355,O=C1C(=Cc2ccc(O)c(O)c2)Oc2cc(O)ccc21,RGNXWPVNPFAADO-UHFFFAOYSA-N,0
CHEMBL333,CHEMBL148118,CC(C)Cc1ccc(C2(C)CCN(C(C)C(=O)NO)C2=O)cc1,NIUYUCAJYPRIRB-UHFFFAOYSA-N,1
CHEMBL333,CHEMBL129208,COc1ccc2c3c([nH]c2c1)C(C)NCC3,ZXLDQJLIBNPEFJ-UHFFFAOYSA-N,0
CHEMBL333,CHEMBL329617,CC1(c2ccccc2)C(=O)NC(=O)NC1=O,LSAOZCAKUIANSQ-UHFFFAOYSA-N,0
CHEMBL333,CHEMBL310555,Oc1cccc2cccnc12,MCJGNVYPOGVAJF-UHFFFAOYSA-N,0
CHEMBL333,CHEMBL93118,Nc1ccc(-c2nc3ccccc3s2)cc1,WKRCOZSCENDENK-UHFFFAOYSA-N,0
CHEMBL333,CHEMBL1650630,Nc1cccc(C(=O)O)c1O,IQGMRVWUTCYCST-UHFFFAOYSA-N,0
CHEMBL333,CHEMBL1165627,COc1ccccc1NC(=O)C=Cc1ccc(O)c(O)c1,AWFUHISUKJQLHQ-UHFFFAOYSA-N,1
CHEMBL333,CHEMBL67498,O=C(C=Cc1ccc(O)c(O)c1)NCCc1ccccc1,QOWABIXYAFJMQE-UHFFFAOYSA-N,1
CHEMBL333,CHEMBL178,COc1cccc2c1C(=O)c1c(O)c3c(c(O)c1C2=O)CC(O)(C(C)=O)CC3OC1CC(N)C(O)C(C)O1,STQGQHZAVUOBTE-UHFFFAOYSA-N,1
CHEMBL333,CHEMBL378188,COc1ccc(-c2cc(=O)c3c(O)cc(O)cc3o2)cc1-c1c(O)cc(O)c2c(=O)cc(-c3ccc(O)cc3)oc12,IWEIJEPIYMAGTH-UHFFFAOYSA-N,0
CHEMBL333,CHEMBL297453,O=C(OC1Cc2c(O)cc(O)cc2OC1c1cc(O)c(O)c(O)c1)c1cc(O)c(O)c(O)c1,WMBWREPUVVBILR-UHFFFAOYSA-N,1
CHEMBL333,CHEMBL2336361,O=C(C=Cc1ccccc1)Nc1ccc(F)cc1,FSGUMUYMSDYGOB-UHFFFAOYSA-N,1
CHEMBL333,CHEMBL451902,COc1ccc(-c2cc(=O)c3c(O)cc(O)cc3o2)cc1-c1c(O)cc2oc(-c3ccc(O)cc3)cc(=O)c2c1O,ZBOKFHZIWKIWRZ-UHFFFAOYSA-N,0
CHEMBL333,CHEMBL2336349,O=C(C=Cc1ccc(O)cc1)Nc1ccc(F)cc1,MMEMOVPZWOUUDC-UHFFFAOYSA-N,1
CHEMBL333,CHEMBL2336362,O=C(C=Cc1cccc(O)c1)Nc1ccccc1,BXDHXEGLUPHJCL-UHFFFAOYSA-N,1
CHEMBL333,CHEMBL63354,O=c1cc(-c2ccc(O)c(-c3c(O)cc(O)c4c(=O)cc(-c5ccc(O)cc5)oc34)c2)oc2cc(O)cc(O)c12,YUSWMAULDXZHPY-UHFFFAOYSA-N,0
CHEMBL333,CHEMBL63677,O=c1cc(-c2ccc(O)c(-c3c(O)cc4oc(-c5ccc(O)cc5)cc(=O)c4c3O)c2)oc2cc(O)cc(O)c12,BORWSEZUWHQTOK-UHFFFAOYSA-N,1
CHEMBL333,CHEMBL53463,COc1cccc2c1C(=O)c1c(O)c3c(c(O)c1C2=O)CC(O)(C(=O)CO)CC3OC1CC(N)C(O)C(C)O1,AOJJSUZBOXZQNB-UHFFFAOYSA-N,1
CHEMBL333,CHEMBL421295,O=C(C=Cc1ccc(O)c(O)c1)Nc1ccccc1O,REGRZFZFPDDXIW-UHFFFAOYSA-N,1
CHEMBL333,CHEMBL1165152,Cc1ccccc1NC(=O)C=Cc1ccc(O)c(O)c1,PDBFFXOPMVKXDS-UHFFFAOYSA-N,1
CHEMBL333,CHEMBL445177,CCCCCCC=CCCCCCCCc1cccc(O)c1C(=O)O,YXHVCZZLWZYHSA-UHFFFAOYSA-N,1
CHEMBL333,CHEMBL145,O=C(O)C=Cc1ccc(O)c(O)c1,QAIPRVGONGVQAS-UHFFFAOYSA-N,1
CHEMBL333,CHEMBL71482,CCCCCCC(CC(=O)NO)C(=O)NC(Cc1c[nH]c2ccccc12)C(=O)NC,YSZLQAVPFNEECF-UHFFFAOYSA-N,1
CHEMBL333,CHEMBL129795,O=C(C=Cc1ccc(O)cc1)c1ccc(O)cc1O,DXDRHHKMWQZJHT-UHFFFAOYSA-N,1
CHEMBL333,CHEMBL66,O=C1c2c(O)cc(O)cc2OC(c2ccc(O)c(O)c2)C1O,CXQWRCVTCMQVQX-UHFFFAOYSA-N,0
CHEMBL333,CHEMBL2048508,O=C1c2c(O)cc(O)cc2OC(c2cc(O)c(O)c(O)c2)C1O,KJXSIXMJHKAJOD-UHFFFAOYSA-N,0
CHEMBL333,CHEMBL151,O=c1cc(-c2ccc(O)c(O)c2)oc2cc(O)cc(O)c12,IQPNAANSBPBGFQ-UHFFFAOYSA-N,1
CHEMBL333,CHEMBL2048503,COC(=O)C1(O)CC(O)C(O)C(OC(=O)C=Cc2ccc(O)c(O)c2)C1,MZNIJRAPCCELQX-UHFFFAOYSA-N,0
CHEMBL333,CHEMBL2048510,CC1(C(=O)O)CCCC2(C)C3CCC(=O)C=C3CCC12,DXXGHDAWCPTRPU-UHFFFAOYSA-N,0
CHEMBL333,CHEMBL1532097,O=C(c1c(O)cc(O)cc1O)C1c2c(cc(O)c3c2OC(c2ccc(O)cc2)C(O)C3)OC1c1ccc(O)cc1,YXPCHLHMGOFXRA-UHFFFAOYSA-N,0
