target_chembl_id,compound_chembl_id,c_smiles,noiso_InChIKey,active_label
CHEMBL4085,CHEMBL195820,Clc1cccc2c(Cl)cccc12,ZBQZXTBAGBTUAD-UHFFFAOYSA-N,1
CHEMBL4085,CHEMBL276334,Clc1ccc(-c2ccccc2)cc1,FPWNLURCHDRMHC-UHFFFAOYSA-N,0
CHEMBL4085,CHEMBL9732,CN1CCCC1c1cccnc1,SNICXCGAKADSCV-UHFFFAOYSA-N,0
CHEMBL4085,CHEMBL195857,COc1ccc2ccccc2c1,LUZDYPLAQQGJEA-UHFFFAOYSA-N,1
CHEMBL4085,CHEMBL190927,Cc1ccc(C=O)cc1,FXLOVSHXALFLKQ-UHFFFAOYSA-N,1
CHEMBL4085,CHEMBL447481,CC(=O)c1ccc2ccc(C)cc2c1,BKIDFNNNXAJZLV-UHFFFAOYSA-N,1
CHEMBL4085,CHEMBL194711,Clc1ccc2ccc(Cl)cc2c1,DWBQZSYTSNYEEJ-UHFFFAOYSA-N,1
CHEMBL4085,CHEMBL191667,Cc1cc2ccccc2cn1,FVVXWRGARUACNW-UHFFFAOYSA-N,1
CHEMBL4085,CHEMBL191745,Clc1ccccc1-c1ccccc1,LAXBNTIAOJWAOP-UHFFFAOYSA-N,0
CHEMBL4085,CHEMBL195036,Cc1ccc2ccc(C)cc2c1,LRQYSMQNJLZKPS-UHFFFAOYSA-N,1
CHEMBL4085,CHEMBL370524,Cc1cc(C)c2ccccc2c1,QHJMFSMPSZREIF-UHFFFAOYSA-N,1
CHEMBL4085,CHEMBL383808,Cc1cccc2ccccc12,QPUYECUOLPXSFR-UHFFFAOYSA-N,0
CHEMBL4085,CHEMBL194502,Cc1ccc2nc(C)ccc2c1,JJPSZKIOGBRMHK-UHFFFAOYSA-N,0
CHEMBL4085,CHEMBL16293,c1ccc2ccccc2c1,UFWIBTONFRDIAS-UHFFFAOYSA-N,0
CHEMBL4085,CHEMBL405,CC(N)Cc1ccccc1,KWTSXDURSIMDCE-UHFFFAOYSA-N,1
CHEMBL4085,CHEMBL46730,c1ccc2c(c1)ccc1ccccc12,YNPNZTXNASCQKK-UHFFFAOYSA-N,0
CHEMBL4085,CHEMBL363803,Cc1ccc2c(C)cccc2c1,CBMXCNPQDUJNHT-UHFFFAOYSA-N,0
CHEMBL4085,CHEMBL15972,O=Cc1ccccc1,HUMNYLRZRPPJDN-UHFFFAOYSA-N,1
CHEMBL4085,CHEMBL195895,Cc1ccc2ccccc2c1,QIMMUPPBPVKWKM-UHFFFAOYSA-N,1
CHEMBL4085,CHEMBL195661,Cc1cnc2ccccc2c1,DTBDAFLSBDGPEA-UHFFFAOYSA-N,0
CHEMBL4085,CHEMBL194876,Cc1ccc2ccc(C)nc2c1,QXKPLNCZSFACPU-UHFFFAOYSA-N,0
CHEMBL4085,CHEMBL372646,Clc1ccc2ccccc2c1,CGYGETOMCSJHJU-UHFFFAOYSA-N,0
CHEMBL4085,CHEMBL435106,Cc1cccc2c(C)cccc12,SDDBCEWUYXVGCQ-UHFFFAOYSA-N,0
CHEMBL4085,CHEMBL195338,Clc1cccc2ccccc12,JTPNRXUCIXHOKM-UHFFFAOYSA-N,0
CHEMBL4085,CHEMBL364891,Clc1ccc2ccccc2c1Cl,MOXLHAPKZWTHEX-UHFFFAOYSA-N,1
CHEMBL4085,CHEMBL373024,Cc1ccc2cccc(C)c2c1,SPUWFVKLHHEKGV-UHFFFAOYSA-N,0
CHEMBL4085,CHEMBL192418,Cc1cc(C)c2ccccc2n1,ZTNANFDSJRRZRJ-UHFFFAOYSA-N,0
CHEMBL4085,CHEMBL191357,Clc1ccc(Cl)c2ccccc12,JDPKCYMVSKDOGS-UHFFFAOYSA-N,1
CHEMBL4085,CHEMBL192643,Brc1ccc2ccccc2c1,APSMUYYLXZULMS-UHFFFAOYSA-N,1
CHEMBL4085,CHEMBL664,CN1C(=O)CCC1c1cccnc1,UIKROCXWUNQSPJ-UHFFFAOYSA-N,0
CHEMBL4085,CHEMBL14126,Oc1ccc2ccccc2c1,JWAZRIHNYRIHIV-UHFFFAOYSA-N,0
CHEMBL4085,CHEMBL194983,Cc1ccc2cc(C)ccc2c1,YGYNBBAUIYTWBF-UHFFFAOYSA-N,1
CHEMBL4085,CHEMBL122617,Oc1cccc2ccccc12,KJCVRFUGPWSIIH-UHFFFAOYSA-N,0
CHEMBL4085,CHEMBL382541,Cc1ccc2ccccc2c1C,QNLZIZAQLLYXTC-UHFFFAOYSA-N,0
CHEMBL4085,CHEMBL194931,Cc1ccc2ccccc2n1,SMUQFGGVLNAIOZ-UHFFFAOYSA-N,0
CHEMBL4085,CHEMBL190982,Clc1ccc(Cl)cc1,OCJBOOLMMGQPQU-UHFFFAOYSA-N,1
CHEMBL4085,CHEMBL103299,Cc1ccc(CCN)cc1,VKJXAQYPOTYDLO-UHFFFAOYSA-N,1
CHEMBL4085,CHEMBL161598,COc1ccc(C=O)cc1,ZRSNZINYAWTAHE-UHFFFAOYSA-N,1
CHEMBL4085,CHEMBL610,NCCc1ccccc1,BHHGXPLMPWCGHP-UHFFFAOYSA-N,1
