target_chembl_id,compound_chembl_id,c_smiles,noiso_InChIKey,active_label
CHEMBL302,CHEMBL1099207,CCOC(=O)C1=C(C)NC(C)=C(C(=O)OCC)C1c1cccc([N+](=O)[O-])c1,ITAOFSSOVNYZCS-UHFFFAOYSA-N,0
CHEMBL302,CHEMBL411066,OCC1OC(n2cnc3c(NCc4ccco4)ncnc32)C(O)C1O,CAGLGYNQQSIUGX-UHFFFAOYSA-N,1
CHEMBL302,CHEMBL426110,O=C1C(=Cc2ccc(O)cc2)Oc2cc(O)ccc21,KEZLDSPIRVZOKZ-UHFFFAOYSA-N,0
CHEMBL302,CHEMBL277041,CSCC1OC(n2cnc3c(N)ncnc32)C(O)C1O,WUUGFSXJNOTRMR-UHFFFAOYSA-N,1
CHEMBL302,CHEMBL3298066,O=C1C(=Cc2ccc(O)c(O)c2)Oc2c1ccc(O)c2O,PNIFOHGQPKXLJE-UHFFFAOYSA-N,1
CHEMBL302,CHEMBL2113533,COCC1OC(n2cnc3c(NC4CCCC4)nc(Cl)nc32)C(O)C1O,BEAMUZQXJYLFAG-UHFFFAOYSA-N,1
CHEMBL302,CHEMBL2113536,COCC1OC(n2cnc3c(N)ncnc32)C(O)C1O,MLFJPVLRZZMIIP-UHFFFAOYSA-N,1
CHEMBL302,CHEMBL1256672,Nc1nc(Nc2ccccc2)nc2c1ncn2C1OC(CO)C(O)C1O,SCNILGOVBBRMBK-UHFFFAOYSA-N,1
CHEMBL302,CHEMBL3289109,Cc1ccc(-c2nc3ccccc3c(=O)[nH]2)cc1,UTEHUKGJDLVHIH-UHFFFAOYSA-N,0
CHEMBL302,CHEMBL477,Nc1ncnc2c1ncn2C1OC(CO)C(O)C1O,OIRDTQYFTABQOQ-UHFFFAOYSA-N,1
CHEMBL302,CHEMBL216750,CCCn1c(=O)c2nc(C3CC4CC3C3OC43)[nH]c2n(CCC)c1=O,OQCJPFYWFGUHIN-UHFFFAOYSA-N,1
CHEMBL302,CHEMBL510349,O=c1oc2ccccc2cc1-c1ccccc1,HWDSXZLYIKESML-UHFFFAOYSA-N,0
CHEMBL302,CHEMBL127066,Oc1nc(-c2ccccc2)nc2ccccc12,VDULOAUXSMYUMG-UHFFFAOYSA-N,0
CHEMBL302,CHEMBL1163173,O=c1[nH]c(-c2ccc(Cl)cc2)nc2ccccc12,AKHUKZJZNGHOJU-UHFFFAOYSA-N,0
CHEMBL302,CHEMBL1432395,Oc1nc(-c2cccs2)nc2ccccc12,SVVNZCGMBNAQFW-UHFFFAOYSA-N,0
CHEMBL302,CHEMBL336718,COc1ccc(-c2nc(O)c3ccccc3n2)cc1,HETSSARHFAGODR-UHFFFAOYSA-N,0
CHEMBL302,CHEMBL275084,CC(C)Cn1c(=O)n(C)c(=O)c2nc[nH]c21,APIXJSLKIYYUKG-UHFFFAOYSA-N,1
CHEMBL302,CHEMBL16807,O=c1cc(-c2ccccc2)oc2cccc(O)c12,IYBLVRRCNVHZQJ-UHFFFAOYSA-N,1
CHEMBL302,CHEMBL309490,O=c1c(O)c(-c2ccccc2)oc2cc(O)cc(O)c12,VCCRNZQBSJXYJD-UHFFFAOYSA-N,1
CHEMBL302,CHEMBL283196,O=c1cc(-c2ccccc2)oc2c1ccc1ccccc12,VFMMPHCGEFXGIP-UHFFFAOYSA-N,1
CHEMBL302,CHEMBL348436,COc1cc2oc(-c3ccc(O)cc3)cc(=O)c2c(O)c1OC,ZIIAJIWLQUVGHB-UHFFFAOYSA-N,1
CHEMBL302,CHEMBL349609,COc1cc2c(c(O)c1OC)c(=O)c1ccccc1n2C,ATBZZQPALSPNMF-UHFFFAOYSA-N,1
CHEMBL302,CHEMBL293776,COc1c(O)cc2oc(-c3ccc(O)cc3)cc(=O)c2c1O,IHFBPDAQLQOCBX-UHFFFAOYSA-N,1
CHEMBL302,CHEMBL345778,COc1ccc(-c2cc(=O)c3ccc(O)cc3o2)cc1OC,MEDOAKSPIIOKFU-UHFFFAOYSA-N,0
CHEMBL302,CHEMBL75772,COc1cc(OC)c2c(=O)c(OC)c(-c3ccccc3)oc2c1,CBTHKWVPSIGKMI-UHFFFAOYSA-N,1
CHEMBL302,CHEMBL50,O=c1c(O)c(-c2ccc(O)c(O)c2)oc2cc(O)cc(O)c12,REFJWTPEDVJJIY-UHFFFAOYSA-N,1
CHEMBL302,CHEMBL28,O=c1cc(-c2ccc(O)cc2)oc2cc(O)cc(O)c12,KZNIFHPLKGYRTM-UHFFFAOYSA-N,1
CHEMBL302,CHEMBL276915,O=c1cc(-c2ccccc2)oc2cc(O)ccc12,MQGPSCMMNJKMHQ-UHFFFAOYSA-N,1
CHEMBL302,CHEMBL275638,O=c1cc(-c2ccccc2)oc2ccccc12,VHBFFQKBGNRLFZ-UHFFFAOYSA-N,1
CHEMBL302,CHEMBL75169,COc1ccc(-c2oc3cc(OC)cc(OC)c3c(=O)c2OC)c(OC)c1,KPJGABLCRGWDRB-UHFFFAOYSA-N,0
CHEMBL302,CHEMBL148826,COc1ccc(-c2cc(=O)c3c(O)cc(C)cc3o2)cc1,BSEYWXDBSOCPQP-UHFFFAOYSA-N,0
CHEMBL302,CHEMBL44,O=c1c(-c2ccc(O)cc2)coc2cc(O)cc(O)c12,TZBJGXHYKVUXJN-UHFFFAOYSA-N,0
CHEMBL302,CHEMBL74852,COc1cc(O)c2c(c1)OC(c1ccc(O)cc1)CC2=O,DJOJDHGQRNZXQQ-UHFFFAOYSA-N,0
CHEMBL302,CHEMBL73809,CC1(O)C(O)C(CO)OC1n1cnc2c(N)ncnc21,PASOFFRBGIVJET-UHFFFAOYSA-N,1
CHEMBL302,CHEMBL178589,Nc1nc(-c2cccnc2)cc2nc(-c3ccco3)nn12,ZBJBBCUUKWBBGA-UHFFFAOYSA-N,1
