target_chembl_id,compound_chembl_id,c_smiles,noiso_InChIKey,active_label
CHEMBL1743126,CHEMBL941,Cc1ccc(NC(=O)c2ccc(CN3CCN(C)CC3)cc2)cc1Nc1nccc(-c2cccnc2)n1,KTUFNOKKBVMGRW-UHFFFAOYSA-N,1
CHEMBL1743126,CHEMBL115,CC(C)(C)NC(=O)C1CN(Cc2cccnc2)CCN1CC(O)CC(Cc1ccccc1)C(=O)NC1c2ccccc2CC1O,CBVCZFGXHXORBI-UHFFFAOYSA-N,1
CHEMBL1743126,CHEMBL163,CC(C)c1nc(CN(C)C(=O)NC(C(=O)NC(Cc2ccccc2)CC(O)C(Cc2ccccc2)NC(=O)OCc2cncs2)C(C)C)cs1,NCDNCNXCDXHOMX-UHFFFAOYSA-N,1
CHEMBL1743126,CHEMBL95,Nc1c2c(nc3ccccc13)CCCC2,YLJREFDVOIBQDA-UHFFFAOYSA-N,1
CHEMBL1743126,CHEMBL932,OCCN(CCO)c1nc(N2CCCCC2)c2nc(N(CCO)CCO)nc(N3CCCCC3)c2n1,IZEKFCXSFNUWAM-UHFFFAOYSA-N,0
CHEMBL1743126,CHEMBL517,CC(C)N(CCC(C(N)=O)(c1ccccc1)c1ccccn1)C(C)C,UVTNFZQICZKOEM-UHFFFAOYSA-N,0
CHEMBL1743126,CHEMBL11,CN(C)CCCN1c2ccccc2CCc2ccccc21,BCGWQEUPMDMJNV-UHFFFAOYSA-N,1
CHEMBL1743126,CHEMBL16073,CCOc1ccc(NC(C)=O)cc1,CPJSUEIXXCENMM-UHFFFAOYSA-N,0
CHEMBL1743126,CHEMBL49,O=C1CC2(CCCC2)CC(=O)N1CCCCN1CCN(c2ncccn2)CC1,QWCRAEMEVRGPNT-UHFFFAOYSA-N,1
CHEMBL1743126,CHEMBL625,c1ccc2[nH]c(-c3cscn3)nc2c1,WJCNZQLZVWNLKY-UHFFFAOYSA-N,0
CHEMBL1743126,CHEMBL35,NS(=O)(=O)c1cc(C(=O)O)c(NCc2ccco2)cc1Cl,ZZUFCTLCJUWOSV-UHFFFAOYSA-N,0
CHEMBL1743126,CHEMBL481,CCc1c2c(nc3ccc(OC(=O)N4CCC(N5CCCCC5)CC4)cc13)-c1cc3c(c(=O)n1C2)COC(=O)C3(O)CC,UWKQSNNFCGGAFS-UHFFFAOYSA-N,1
CHEMBL1743126,CHEMBL573,O=C(O)c1cccnc1,PVNIIMVLHYAWGP-UHFFFAOYSA-N,0
CHEMBL1743126,CHEMBL1294,C=CC1CN2CCC1CC2C(O)c1ccnc2ccc(OC)cc12,LOUPRKONTZGTKE-UHFFFAOYSA-N,1
CHEMBL1743126,CHEMBL455,CC(=O)NS(=O)(=O)c1ccc(N)cc1,SKIVFJLNDNKQPD-UHFFFAOYSA-N,0
CHEMBL1743126,CHEMBL959,CC(N)C12CC3CC(CC(C3)C1)C2,UBCHPRBFMUDMNC-UHFFFAOYSA-N,1
CHEMBL1743126,CHEMBL384467,CC1CC2C3CCC4=CC(=O)C=CC4(C)C3(F)C(O)CC2(C)C1(O)C(=O)CO,UREBDLICKHMUKA-UHFFFAOYSA-N,0
CHEMBL1743126,CHEMBL1499,CC12CCC(=O)C=C1CCC1C2C(=O)CC2(C)C1CCC2(O)C(=O)CO,MFYSYFVPBJMHGN-UHFFFAOYSA-N,0
CHEMBL1743126,CHEMBL364713,COc1ccc2c(c1OC)C(=O)OC2C1c2c(cc3c(c2OC)OCO3)CCN1C,AKNNEGZIBPJZJG-UHFFFAOYSA-N,0
CHEMBL1743126,CHEMBL902,NC(N)=Nc1nc(CSCCC(N)=NS(N)(=O)=O)cs1,XUFQPHANEAPEMJ-UHFFFAOYSA-N,1
CHEMBL1743126,CHEMBL2,COc1cc2nc(N3CCN(C(=O)c4ccco4)CC3)nc(N)c2cc1OC,IENZQIKPVFGBNW-UHFFFAOYSA-N,1
CHEMBL1743126,CHEMBL6,COc1ccc2c(c1)c(CC(=O)O)c(C)n2C(=O)c1ccc(Cl)cc1,CGIGDMFJXJATDK-UHFFFAOYSA-N,0
CHEMBL1743126,CHEMBL660,NC12CC3CC(CC(C3)C1)C2,DKNWSYNQZKUICI-UHFFFAOYSA-N,0
CHEMBL1743126,CHEMBL85,Cc1nc2n(c(=O)c1CCN1CCC(c3noc4cc(F)ccc34)CC1)CCCC2,RAPZEAPATHNIPO-UHFFFAOYSA-N,1
CHEMBL1743126,CHEMBL33,CC1COc2c(N3CCN(C)CC3)c(F)cc3c(=O)c(C(=O)O)cn1c23,GSDSWSVVBLHKDQ-UHFFFAOYSA-N,0
CHEMBL1743126,CHEMBL532,CCC1OC(=O)C(C)C(OC2CC(C)(OC)C(O)C(C)O2)C(C)C(OC2OC(C)CC(N(C)C)C2O)C(C)(O)CC(C)C(=O)C(C)C(O)C1(C)O,ULGZDMOVFRHVEP-UHFFFAOYSA-N,0
CHEMBL1743126,CHEMBL79,CCN(CC)CC(=O)Nc1c(C)cccc1C,NNJVILVZKWQKPM-UHFFFAOYSA-N,0
CHEMBL1743126,CHEMBL790,N=C(NCCCCCCNC(=N)NC(=N)Nc1ccc(Cl)cc1)NC(=N)Nc1ccc(Cl)cc1,GHXZTYHSJHQHIJ-UHFFFAOYSA-N,1
CHEMBL1743126,CHEMBL339427,COc1cc2c3cc1Oc1cc(ccc1O)CC1c4c(cc(OC)c(O)c4Oc4ccc(cc4)CC3N(C)CC2)CC[N+]1(C)C,JFJZZMVDLULRGK-UHFFFAOYSA-O,1
CHEMBL1743126,CHEMBL691,C#CC1(O)CCC2C3CCc4cc(O)ccc4C3CCC21C,BFPYWIDHMRZLRN-UHFFFAOYSA-N,0
