target_chembl_id,compound_chembl_id,c_smiles,noiso_InChIKey,active_label
CHEMBL2903,CHEMBL187292,CCOc1ccc(Br)cc1,WVUYYXUATWMVIT-UHFFFAOYSA-N,0
CHEMBL2903,CHEMBL394459,CCc1cc(=O)c2cc(O)ccc2o1,OHRPGTWRYGJEOW-UHFFFAOYSA-N,0
CHEMBL2903,CHEMBL138649,O=c1cc(-c2ccccc2)oc2ccc(O)cc12,GPZYYYGYCRFPBU-UHFFFAOYSA-N,0
CHEMBL2903,CHEMBL52,CC(Cc1ccc(O)c(O)c1)C(C)Cc1ccc(O)c(O)c1,HCZKYJDFEPMADG-UHFFFAOYSA-N,1
CHEMBL2903,CHEMBL185651,Oc1cccc(Br)c1,MNOJRWOWILAHAV-UHFFFAOYSA-N,0
CHEMBL2903,CHEMBL50,O=c1c(O)c(-c2ccc(O)c(O)c2)oc2cc(O)cc(O)c12,REFJWTPEDVJJIY-UHFFFAOYSA-N,1
CHEMBL2903,CHEMBL8260,O=c1cc(-c2ccccc2)oc2cc(O)c(O)c(O)c12,FXNFHKRTJBSTCS-UHFFFAOYSA-N,1
CHEMBL2903,CHEMBL31574,O=c1c(O)c(-c2ccc(O)c(O)c2)oc2cc(O)ccc12,XHEFDIBZLJXQHF-UHFFFAOYSA-N,1
CHEMBL2903,CHEMBL238815,CCc1oc2ccccc2c(=O)c1O,WSRQPWVZPAULML-UHFFFAOYSA-N,0
CHEMBL2903,CHEMBL276915,O=c1cc(-c2ccccc2)oc2cc(O)ccc12,MQGPSCMMNJKMHQ-UHFFFAOYSA-N,0
CHEMBL2903,CHEMBL395449,Cc1ccc(-c2coc3c(O)c(O)ccc3c2=O)cc1,OANWEBOHKLZIJJ-UHFFFAOYSA-N,1
CHEMBL2903,CHEMBL239156,O=c1c(-c2ccc(O)cc2)coc2cc(O)c(O)cc12,GYLUFQJZYAJQDI-UHFFFAOYSA-N,0
CHEMBL2903,CHEMBL3622747,c1ccn2cccc2c1,HOBCFUWDNJPFHB-UHFFFAOYSA-N,0
CHEMBL2903,CHEMBL319244,O=C(C=Cc1ccc(O)c(O)c1)OCCc1ccccc1,SWUARLUWKZWEBQ-UHFFFAOYSA-N,1
CHEMBL2903,CHEMBL307341,CC(C)=CCCC(C)=CCOc1ccc2ccc(=O)oc2c1,RSDDHGSKLOSQFK-UHFFFAOYSA-N,0
CHEMBL2903,CHEMBL116438,COc1cc(C=CC(=O)C=C(O)C=Cc2ccc(O)c(OC)c2)ccc1O,ZIUSSTSXXLLKKK-UHFFFAOYSA-N,1
CHEMBL2903,CHEMBL156127,CC(C)=CCCC(C)=CCCC(C)=CCOc1ccc2ccc(=O)oc2c1,GNMUGVNEWCZUAA-UHFFFAOYSA-N,0
CHEMBL2903,CHEMBL2018876,CC(C)=CCc1c(O)cc(-c2cc3ccc(O)cc3o2)cc1O,ZTGHWUWBQNCCOH-UHFFFAOYSA-N,1
CHEMBL2903,CHEMBL395428,CC1(C)CCC2(C)CCC3(C)C(=CCC4C5(C)CCC(O)C(C)(C(=O)O)C5CCC43C)C2C1,BZXULBWGROURAF-UHFFFAOYSA-N,1
CHEMBL2903,CHEMBL151,O=c1cc(-c2ccc(O)c(O)c2)oc2cc(O)cc(O)c12,IQPNAANSBPBGFQ-UHFFFAOYSA-N,1
CHEMBL2903,CHEMBL316139,COc1cc(CC(C)C(C)Cc2ccc(O)c(O)c2)ccc1O,QKHJBWUGXMKHAK-UHFFFAOYSA-N,1
CHEMBL2903,CHEMBL210276,O=c1c(O)c(-c2ccccc2)oc2cc(O)ccc12,UWQJWDYDYIJWKY-UHFFFAOYSA-N,0
CHEMBL2903,CHEMBL239032,O=C1c2cc(O)c(O)cc2OCC1c1ccc(O)cc1,ZAIJTQZQMCNJHG-UHFFFAOYSA-N,0
CHEMBL2903,CHEMBL239028,COc1ccc(-c2coc3cc(O)c(O)cc3c2=O)cc1,GCWOYVFHJDNKIN-UHFFFAOYSA-N,0
CHEMBL2903,CHEMBL186007,Oc1ccccc1Br,VADKRMSMGWJZCF-UHFFFAOYSA-N,0
CHEMBL2903,CHEMBL57284,Oc1ccc(Br)cc1,GZFGOTFRPZRKDS-UHFFFAOYSA-N,0
CHEMBL2903,CHEMBL294009,O=c1c(O)c(-c2ccccc2)oc2ccccc12,HVQAJTFOCKOKIN-UHFFFAOYSA-N,0
