target_chembl_id,compound_chembl_id,c_smiles,noiso_InChIKey,active_label
CHEMBL3004,CHEMBL50,O=c1c(O)c(-c2ccc(O)c(O)c2)oc2cc(O)cc(O)c12,REFJWTPEDVJJIY-UHFFFAOYSA-N,1
CHEMBL3004,CHEMBL28,O=c1cc(-c2ccc(O)cc2)oc2cc(O)cc(O)c12,KZNIFHPLKGYRTM-UHFFFAOYSA-N,1
CHEMBL3004,CHEMBL159,CCC1(O)CC2CN(CCc3c([nH]c4ccccc34)C(C(=O)OC)(c3cc4c(cc3OC)N(C)C3C(O)(C(=O)OC)C(OC(C)=O)C5(CC)C=CCN6CCC43C65)C2)C1,JXLYSJRDGCGARV-UHFFFAOYSA-N,0
CHEMBL3004,CHEMBL53463,COc1cccc2c1C(=O)c1c(O)c3c(c(O)c1C2=O)CC(O)(C(=O)CO)CC3OC1CC(N)C(O)C(C)O1,AOJJSUZBOXZQNB-UHFFFAOYSA-N,0
CHEMBL3004,CHEMBL19032,COc1cc(OC)c2c(=O)c(OC)c(-c3ccc(OC)c(OC)c3)oc2c1,ALGDHWVALRSLBT-UHFFFAOYSA-N,0
CHEMBL3004,CHEMBL150,O=c1c(O)c(-c2ccc(O)cc2)oc2cc(O)cc(O)c12,IYRMWMYZSQPJKC-UHFFFAOYSA-N,1
CHEMBL3004,CHEMBL214321,COc1cc(-c2cc(=O)c3c(O)cc(O)cc3o2)ccc1O,SCZVLDHREVKTSH-UHFFFAOYSA-N,1
CHEMBL3004,CHEMBL178,COc1cccc2c1C(=O)c1c(O)c3c(c(O)c1C2=O)CC(O)(C(C)=O)CC3OC1CC(N)C(O)C(C)O1,STQGQHZAVUOBTE-UHFFFAOYSA-N,1
CHEMBL3004,CHEMBL77966,COc1cc(O)c2c(=O)c(OC)c(-c3ccc(OC)c(OC)c3)oc2c1,HHGPYJLEJGNWJA-UHFFFAOYSA-N,0
CHEMBL3004,CHEMBL74898,COc1cc(O)c2c(=O)c(OC)c(-c3ccc(OC)c(O)c3)oc2c1,KPCRYSMUMBNTCK-UHFFFAOYSA-N,0
CHEMBL3004,CHEMBL6,COc1ccc2c(c1)c(CC(=O)O)c(C)n2C(=O)c1ccc(Cl)cc1,CGIGDMFJXJATDK-UHFFFAOYSA-N,0
CHEMBL3004,CHEMBL90568,COc1ccc(-c2cc(=O)c3c(O)cc(O)cc3o2)cc1O,MBNGWHIJMBWFHU-UHFFFAOYSA-N,1
CHEMBL3004,CHEMBL388590,CCc1oc2ccccc2c1C(=O)c1cc(Br)c(O)c(Br)c1,WHQCHUCQKNIQEC-UHFFFAOYSA-N,1
CHEMBL3004,CHEMBL38464,COc1cc(C2Oc3cc(-c4oc5cc(O)cc(O)c5c(=O)c4O)ccc3OC2CO)ccc1O,BVKQRAYKLBRNIK-UHFFFAOYSA-N,1
CHEMBL3004,CHEMBL504936,COc1ccc2cc1Oc1ccc(cc1)CC1c3cc(c(OC)cc3CCN1C)Oc1c(OC)c(OC)c(OC)c3c1C(C2)N(C)CC3,FUZMQNZACIFDBL-UHFFFAOYSA-N,0
CHEMBL3004,CHEMBL2074720,C=CC1=C(C)C(=Cc2[nH]c(Cc3[nH]c(C=C4NC(=O)C(C)=C4C=C)c(C)c3CCC(=O)OC3OC(C(=O)O)C(O)C(O)C3O)c(CCC(=O)O)c2C)NC1=O,ARBDURHEPGRPSR-UHFFFAOYSA-N,1
CHEMBL3004,CHEMBL1628111,CC12CCC3c4ccc(OS(=O)(=O)O)cc4CCC3C1CCC2O,QZIGLSSUDXBTLJ-UHFFFAOYSA-N,1
CHEMBL3004,CHEMBL139702,C=CC(C)(C)c1cc(C=CC(=O)c2ccc(O)cc2)c(OC)cc1O,KAZSKMJFUPEHHW-UHFFFAOYSA-N,0
CHEMBL3004,CHEMBL494753,CC12CCC3c4ccc(OS(=O)(=O)O)cc4CCC3C1CCC2=O,JKKFKPJIXZFSSB-UHFFFAOYSA-N,1
CHEMBL3004,CHEMBL1697724,CC12CCC3c4ccc(O)cc4CCC3C1CCC2OC1OC(C(=O)O)C(O)C(O)C1O,MTKNDAQYHASLID-UHFFFAOYSA-N,0
CHEMBL3004,CHEMBL197,COc1ccc(CCN(C)CCCC(C#N)(c2ccc(OC)c(OC)c2)C(C)C)cc1OC,SGTNSNPWRIOYBX-UHFFFAOYSA-N,1
CHEMBL3004,CHEMBL170405,O=c1c(O)c(-c2cc(O)c(O)c(O)c2)oc2cc(O)ccc12,SOEDEYVDCDYMMH-UHFFFAOYSA-N,1
CHEMBL3004,CHEMBL283196,O=c1cc(-c2ccccc2)oc2c1ccc1ccccc12,VFMMPHCGEFXGIP-UHFFFAOYSA-N,0
CHEMBL3004,CHEMBL90555,CCC1(O)CC2CN(CCc3c([nH]c4ccccc34)C(C(=O)OC)(c3cc4c(cc3OC)N(C=O)C3C(O)(C(=O)OC)C(OC(C)=O)C5(CC)C=CCN6CCC43C65)C2)C1,OGWKCGZFUXNPDA-UHFFFAOYSA-N,0
CHEMBL3004,CHEMBL253688,COc1cc2c(c(OC)c1OC)-c1c(cc(OC)c(OC)c1OC)CC(C)(O)C(C)C2,YEFOAORQXAOVJQ-UHFFFAOYSA-N,1
CHEMBL3004,CHEMBL479488,COc1cc2c(c(OC)c1OC)-c1c(cc3c(c1OC)OCO3)CC(C)C(C)C2,RTZKSTLPRTWFEV-UHFFFAOYSA-N,1
CHEMBL3004,CHEMBL565966,COc1cc2c(c(OC)c1OC)-c1c(cc3c(c1O)OCO3)CC(C)C(C)(O)C2OC(=O)c1ccccc1,VJGNXZQPNWMFAQ-UHFFFAOYSA-N,1
CHEMBL3004,CHEMBL1159658,COc1cc2c(c(OC)c1OC)-c1c(cc3c(c1OC)OCO3)CC(C)C(C)(O)C2,ZWRRJEICIPUPHZ-UHFFFAOYSA-N,1
CHEMBL3004,CHEMBL253908,COc1cc2c(c(OC)c1OC)-c1c(cc(OC)c(OC)c1OC)CC(C)C(C)C2,JEJFTTRHGBKKEI-UHFFFAOYSA-N,1
