target_chembl_id,compound_chembl_id,c_smiles,noiso_InChIKey,active_label
CHEMBL2051,CHEMBL54758,CCCOC1C=C(C(=O)O)CC(N)C1NC(C)=O,UNJFVQQPDOQFDW-UHFFFAOYSA-N,1
CHEMBL2051,CHEMBL79908,CCCCOC1C=C(C(=O)O)CC(N)C1NC(C)=O,OZPCIPJYBDQSKH-UHFFFAOYSA-N,1
CHEMBL2051,CHEMBL81159,CC(=O)NC1C(O)C=C(C(=O)O)CC1N,TTYVWILEGNYIQI-UHFFFAOYSA-N,1
CHEMBL2051,CHEMBL674,CCC(CC)OC1C=C(C(=O)O)CC(N)C1NC(C)=O,NENPYTRHICXVCS-UHFFFAOYSA-N,1
CHEMBL2051,CHEMBL461017,OC(CCC=Cc1ccccc1)CCc1ccccc1,DPRCKWANIKZGTF-UHFFFAOYSA-N,1
CHEMBL2051,CHEMBL480470,O=C(CCc1ccccc1)CC1CC(c2ccccc2)c2c(cc(C=Cc3ccccc3)oc2=O)O1,IAIGBNIWSBFKNA-UHFFFAOYSA-N,1
CHEMBL2051,CHEMBL579181,OC(C=Cc1ccccc1)CC(O)CCc1ccccc1,YSRHCYXKOMRFPK-UHFFFAOYSA-N,0
CHEMBL2051,CHEMBL52862,CCCOC1C=C(C(=O)O)CC(N)C1NS(C)(=O)=O,OEZYEYXMBIPGKG-UHFFFAOYSA-N,0
CHEMBL2051,CHEMBL53050,C=CCOC1C=C(C(=O)O)CC(N)C1NC(C)=O,CPEQXRRROPTVGA-UHFFFAOYSA-N,1
CHEMBL2051,CHEMBL4168939,COc1cc(O)cc(C2CC(=O)c3c(O)c(C)c(O)c(C)c3O2)c1,VHKDJSVNTHERMC-UHFFFAOYSA-N,0
CHEMBL2051,CHEMBL4797391,CCC(CC)OC1C=C(C(=O)O)CC(NC(N)=O)C1NC(C)=O,MGWUYSJCNMYGGP-UHFFFAOYSA-N,1
CHEMBL2051,CHEMBL4161011,COc1ccc(O)c(C2CC(=O)c3c(O)c(C)c(O)c(C)c3O2)c1,LQXKAIKFJZYCKC-UHFFFAOYSA-N,0
CHEMBL2051,CHEMBL1802147,Cc1c(O)c(C)c2c(c1O)C(=O)CC(c1ccccc1O)O2,WOGYXYDORXIAGE-UHFFFAOYSA-N,0
CHEMBL2051,CHEMBL4164421,COc1ccc(C2CC(=O)c3c(O)c(C)c(O)c(C)c3O2)cc1,DZTRDRPCROOSOG-UHFFFAOYSA-N,0
CHEMBL2051,CHEMBL295124,COc1ccc2cc3[n+](cc2c1OC)CCc1cc2c(cc1-3)OCO2,YBHILYKTIRIUTE-UHFFFAOYSA-N,0
CHEMBL2051,CHEMBL53439,Cc1c(O)c(C)c2c(c1O)C(=O)CC(c1ccccc1)O2,HAIHGFWQOPJMPV-UHFFFAOYSA-N,0
CHEMBL2051,CHEMBL111857,CCCNC1C=C(C(=O)O)CC(N)C1NC(C)=O,FNCJWVGYTHJBEJ-UHFFFAOYSA-N,1
CHEMBL2051,CHEMBL4551878,CCCC(=O)c1c(O)c(CC2=C(O)C(C)(C)C(O)=C(C(C)=O)C2=O)c(O)c(Cc2c(O)c(CC3=C(O)C(C)(C)C(O)=C(C(C)=O)C3=O)c(O)c(C(=O)CCC)c2O)c1O,SEMUQEMWTSGBEN-UHFFFAOYSA-N,0
CHEMBL2051,CHEMBL2114179,CCC(C)OC1C=C(C(=O)O)CC(N)C1NC(C)=O,SNPFQPYAZIIERE-UHFFFAOYSA-N,1
CHEMBL2051,CHEMBL309419,CCOC1C=C(C(=O)O)CC(N)C1NC(C)=O,YUHQWGSXKIGZSX-UHFFFAOYSA-N,1
CHEMBL2051,CHEMBL312047,COC1C=C(C(=O)O)CC(N)C1NC(C)=O,MMVFSYQYYBURNA-UHFFFAOYSA-N,1
CHEMBL2051,CHEMBL79524,CC(=O)NC1C(N)CC(C(=O)O)=CC1OCC(C)C,HESMZQCHCXNOIK-UHFFFAOYSA-N,1
CHEMBL2051,CHEMBL64780,O=c1cc(-c2ccc([N+](=O)[O-])cc2)oc2ccccc12,CKSVYVHLZNMXLX-UHFFFAOYSA-N,0
CHEMBL2051,CHEMBL4295229,CCC(CC)OC1C=C(C(=O)O)CC(NC(C)=O)C1NC(C)=O,IOVLJLFEXFRWGR-UHFFFAOYSA-N,1
CHEMBL2051,CHEMBL596254,O=C1C(=Cc2ccc(Cl)cc2)Oc2ccccc21,JIWJNEVCSMZRGO-UHFFFAOYSA-N,0
CHEMBL2051,CHEMBL342343,COc1cccc(-c2cc(=O)c3ccccc3o2)c1,KIEVPIBIYKKJRJ-UHFFFAOYSA-N,1
CHEMBL2051,CHEMBL611941,COc1ccc(C=C2Oc3ccccc3C2=O)cc1,WPHKUMCSOVGQCK-UHFFFAOYSA-N,0
CHEMBL2051,CHEMBL16312,COc1ccc(-c2cc(=O)c3ccccc3o2)cc1,OMICQBVLCVRFGN-UHFFFAOYSA-N,1
CHEMBL2051,CHEMBL115466,CC(=O)NC1C(N)C=C(C(=O)O)CC1N,MVAHQUAOXTZMLS-UHFFFAOYSA-N,0
CHEMBL2051,CHEMBL566790,O=C(C=C(O)C=Cc1ccccc1)CCc1ccccc1,MJCANANSGRMBIC-UHFFFAOYSA-N,1
CHEMBL2051,CHEMBL461082,O=C(C=CC=Cc1ccccc1)CCc1ccccc1,OWMJDOUOHDOUFG-UHFFFAOYSA-N,1
CHEMBL2051,CHEMBL1096690,O=c1c(OC2OC(CO)C(O)C(O)C2OC2OCC(O)C(O)C2O)c(-c2ccc(O)cc2)oc2cc(O)cc(O)c12,RXAXTTGJEMODPY-UHFFFAOYSA-N,0
CHEMBL2051,CHEMBL164,O=c1c(O)c(-c2cc(O)c(O)c(O)c2)oc2cc(O)cc(O)c12,IKMDFBPHZNJCSN-UHFFFAOYSA-N,0
CHEMBL2051,CHEMBL490355,O=C1C(=Cc2ccc(O)c(O)c2)Oc2cc(O)ccc21,RGNXWPVNPFAADO-UHFFFAOYSA-N,0
CHEMBL2051,CHEMBL151,O=c1cc(-c2ccc(O)c(O)c2)oc2cc(O)cc(O)c12,IQPNAANSBPBGFQ-UHFFFAOYSA-N,0
CHEMBL2051,CHEMBL245712,COc1c(O)cc(O)c2c(=O)cc(-c3ccc(O)cc3)oc12,OEZZJTAJYYSQKM-UHFFFAOYSA-N,0
CHEMBL2051,CHEMBL226335,CC1OC(OCC2OC(Oc3c(-c4ccc(O)c(O)c4)oc4cc(O)cc(O)c4c3=O)C(O)C(O)C2O)C(O)C(O)C1O,IKGXIBQEEMLURG-UHFFFAOYSA-N,0
CHEMBL2051,CHEMBL487417,O=c1cc(-c2ccc(O)cc2)oc2c(C3OC(CO)C(O)C(O)C3O)c(O)cc(O)c12,SGEWCQFRYRRZDC-UHFFFAOYSA-N,0
CHEMBL2051,CHEMBL117,O=c1cc(-c2ccccc2)oc2cc(O)cc(O)c12,RTIXKCRFFJGDFG-UHFFFAOYSA-N,0
CHEMBL2051,CHEMBL233929,O=c1cc(-c2ccc(O)c(O)c2)oc2cc(OC3OC(CO)C(O)C(O)C3O)cc(O)c12,PEFNSGRTCBGNAN-UHFFFAOYSA-N,0
CHEMBL2051,CHEMBL291426,O=c1cc(-c2ccc(Oc3c(O)cc4oc(-c5ccc(O)cc5)cc(=O)c4c3O)cc2)oc2cc(O)cc(O)c12,WTDHMFBJQJSTMH-UHFFFAOYSA-N,0
CHEMBL2051,CHEMBL293776,COc1c(O)cc2oc(-c3ccc(O)cc3)cc(=O)c2c1O,IHFBPDAQLQOCBX-UHFFFAOYSA-N,0
CHEMBL2051,CHEMBL502446,O=C1C(=Cc2ccc(O)cc2)Oc2cc(O)ccc21,KEZLDSPIRVZOKZ-UHFFFAOYSA-N,0
CHEMBL2051,CHEMBL28,O=c1cc(-c2ccc(O)cc2)oc2cc(O)cc(O)c12,KZNIFHPLKGYRTM-UHFFFAOYSA-N,0
CHEMBL2051,CHEMBL55415,O=c1cc(-c2ccc(O)cc2)oc2cc(O)c(O)c(O)c12,JVXZRQGOGOXCEC-UHFFFAOYSA-N,0
CHEMBL2051,CHEMBL498441,O=C(Oc1cc(O)c2c(c1)OC(c1cc(O)c(O)c(O)c1)CC2)c1cc(O)c(O)c(O)c1,XQLJWQWRTLHKGO-UHFFFAOYSA-N,0
CHEMBL2051,CHEMBL377324,COc1cc(O)c2c(=O)cc(-c3ccc(OC)c(-c4c(O)cc(O)c5c(=O)cc(-c6ccc(O)cc6)oc45)c3)oc2c1,AIFCFBUSLAEIBR-UHFFFAOYSA-N,0
CHEMBL2051,CHEMBL442289,COc1cc(O)c2c(=O)c(O)c(-c3ccc(O)cc3)oc2c1,MQSZRBPYXNEFHF-UHFFFAOYSA-N,0
CHEMBL2051,CHEMBL8145,O=c1c(-c2ccc(O)cc2)coc2cc(O)ccc12,ZQSIJRDFPHDXIC-UHFFFAOYSA-N,0
CHEMBL2051,CHEMBL150,O=c1c(O)c(-c2ccc(O)cc2)oc2cc(O)cc(O)c12,IYRMWMYZSQPJKC-UHFFFAOYSA-N,0
CHEMBL2051,CHEMBL44,O=c1c(-c2ccc(O)cc2)coc2cc(O)cc(O)c12,TZBJGXHYKVUXJN-UHFFFAOYSA-N,0
