target_chembl_id,compound_chembl_id,c_smiles,noiso_InChIKey,active_label
CHEMBL3194,CHEMBL589370,Nc1cccc2c(S(=O)(=O)O)cccc12,DQNAQOYOSRJXFZ-UHFFFAOYSA-N,0
CHEMBL3194,CHEMBL285527,O=S(=O)(O)c1cccc2cccc(Nc3ccccc3)c12,FWEOQOXTVHGIFQ-UHFFFAOYSA-N,1
CHEMBL3194,CHEMBL55960,Cc1cc(C=Cc2ccccc2)cc(C)c1O,PAHKYLUYTGBFNW-UHFFFAOYSA-N,1
CHEMBL3194,CHEMBL55814,O=C1c2ccccc2C(=O)c2c1ccc(O)c2O,RGCKGOZRHPZPFP-UHFFFAOYSA-N,0
CHEMBL3194,CHEMBL41286,CC(=O)Oc1cccc2c1C(=O)c1c(OC(C)=O)cc(C(=O)O)cc1C2=O,TYNLGDBUJLVSMA-UHFFFAOYSA-N,1
CHEMBL3194,CHEMBL260553,CC(C)=CCc1c(O)cc2oc3cc(O)c(O)c(CC=C(C)C)c3c(=O)c2c1O,VEZXFTKZUMARDU-UHFFFAOYSA-N,1
CHEMBL3194,CHEMBL1722314,Cc1ccc2oc3ccccc3c(=O)c2c1,UWHSVIYYROIHDN-UHFFFAOYSA-N,0
CHEMBL3194,CHEMBL294264,O=C1c2ccccc2C(=O)c2c(O)c(O)cc(O)c21,BBNQQADTFFCFGB-UHFFFAOYSA-N,0
CHEMBL3194,CHEMBL151,O=c1cc(-c2ccc(O)c(O)c2)oc2cc(O)cc(O)c12,IQPNAANSBPBGFQ-UHFFFAOYSA-N,1
CHEMBL3194,CHEMBL29898,O=C1c2ccc(O)c(O)c2C(=O)c2c(O)ccc(O)c21,VBHKTXLEJZIDJF-UHFFFAOYSA-N,0
CHEMBL3194,CHEMBL42624,COc1cc(O)c2c(c1)C(=O)c1cc(C)cc(O)c1C2=O,FFWOKTFYGVYKIR-UHFFFAOYSA-N,0
CHEMBL3194,CHEMBL178,COc1cccc2c1C(=O)c1c(O)c3c(c(O)c1C2=O)CC(O)(C(C)=O)CC3OC1CC(N)C(O)C(C)O1,STQGQHZAVUOBTE-UHFFFAOYSA-N,0
CHEMBL3194,CHEMBL53418,O=C1c2cccc(O)c2C(=O)c2c(O)cccc21,QBPFLULOKWLNNW-UHFFFAOYSA-N,0
CHEMBL3194,CHEMBL418068,O=C(O)c1cc(O)c2c(c1)C(=O)c1cccc(O)c1C2=O,FCDLCPWAQCPTKC-UHFFFAOYSA-N,0
CHEMBL3194,CHEMBL297453,O=C(OC1Cc2c(O)cc(O)cc2OC1c1cc(O)c(O)c(O)c1)c1cc(O)c(O)c(O)c1,WMBWREPUVVBILR-UHFFFAOYSA-N,1
CHEMBL3194,CHEMBL289277,Cc1cc(O)c2c(c1)C(=O)c1cc(O)cc(O)c1C2=O,RHMXXJGYXNZAPX-UHFFFAOYSA-N,0
CHEMBL3194,CHEMBL23760,O=C(O)c1ccc2oc3ccccc3c(=O)c2c1,JNPRWSKMJDGYAN-UHFFFAOYSA-N,0
CHEMBL3194,CHEMBL17594,O=C1c2ccccc2C(=O)c2c(O)ccc(O)c21,GUEIZVNYDFNHJU-UHFFFAOYSA-N,0
CHEMBL3194,CHEMBL455581,O=C(O)c1ccc2c(c1)C(=O)c1ccccc1C2=O,ASDLSKCKYGVMAI-UHFFFAOYSA-N,0
CHEMBL3194,CHEMBL41092,Cc1cc(O)c2c(c1)C(=O)c1cccc(O)c1C2=O,LQGUBLBATBMXHT-UHFFFAOYSA-N,0
CHEMBL3194,CHEMBL3127843,Oc1ccc(C2COc3cc(O)ccc3C2)cc1,ADFCQWZHKCXPAJ-UHFFFAOYSA-N,0
CHEMBL3194,CHEMBL480477,CC1(C)C=Cc2c(ccc3c2OCC(c2ccc(O)cc2O)C3)O1,LBQIJVLKGVZRIW-UHFFFAOYSA-N,1
CHEMBL3194,CHEMBL40275,O=C1c2cccc(O)c2C(=O)c2c(O)cc(CO)cc21,YDQWDHRMZQUTBA-UHFFFAOYSA-N,0
CHEMBL3194,CHEMBL8145,O=c1c(-c2ccc(O)cc2)coc2cc(O)ccc12,ZQSIJRDFPHDXIC-UHFFFAOYSA-N,0
CHEMBL3194,CHEMBL44,O=c1c(-c2ccc(O)cc2)coc2cc(O)cc(O)c12,TZBJGXHYKVUXJN-UHFFFAOYSA-N,1
CHEMBL3194,CHEMBL849,Oc1cc(Cl)ccc1Oc1ccc(Cl)cc1Cl,XEFQLINVKFYRCS-UHFFFAOYSA-N,0
CHEMBL3194,CHEMBL165,Oc1ccc(C=Cc2cc(O)cc(O)c2)cc1,LUKBXSAWLPMMSZ-UHFFFAOYSA-N,1
CHEMBL3194,CHEMBL3695477,O=C(NCc1cc(Br)cc(Br)c1O)c1ccccc1,OWQKOVGAVCGSTE-UHFFFAOYSA-N,1
CHEMBL3194,CHEMBL326294,O=C1Nc2ccccc2C1=O,JXDYKVIHCLTXOP-UHFFFAOYSA-N,0
CHEMBL3194,CHEMBL45068,O=C(CCc1ccc(O)cc1)c1c(O)cc(O)cc1O,VGEREEWJJVICBM-UHFFFAOYSA-N,1
CHEMBL3194,CHEMBL253896,COc1cc(O)c(CC=C(C)C)c(O)c1C(=O)C=Cc1ccc(O)cc1,ORXQGKIUCDPEAJ-UHFFFAOYSA-N,0
