target_chembl_id,compound_chembl_id,c_smiles,noiso_InChIKey,active_label
CHEMBL4685,CHEMBL107103,O=C(c1ccccc1)c1cccc(O)c1,SHULEACXTONYPS-UHFFFAOYSA-N,0
CHEMBL4685,CHEMBL572058,COc1ccc(N)c2ccccc12,JVMUPDOMGALPOW-UHFFFAOYSA-N,1
CHEMBL4685,CHEMBL456807,NNc1ccccc1,HKOOXMFOFWEVGF-UHFFFAOYSA-N,1
CHEMBL4685,CHEMBL572203,Nc1ccc(Nc2ccccc2)cc1,ATGUVEKSASEFFO-UHFFFAOYSA-N,0
CHEMBL4685,CHEMBL90039,O=C(c1ccccc1)c1ccccc1,RWCCWEUUXYIKHB-UHFFFAOYSA-N,0
CHEMBL4685,CHEMBL486817,Cc1[nH]ccc2c1[nH]c1cc(=O)ccc12,LBBJNGFCXDOYMQ-UHFFFAOYSA-N,0
CHEMBL4685,CHEMBL576321,Nc1ccc(O)c2ccccc12,ABJQKDJOYSQVFX-UHFFFAOYSA-N,1
CHEMBL4685,CHEMBL206816,Oc1ccc(O)c2ccccc12,PCILLCXFKWDRMK-UHFFFAOYSA-N,1
CHEMBL4685,CHEMBL568768,Nc1ccccc1Oc1ccccc1,NMFFUUFPJJOWHK-UHFFFAOYSA-N,0
CHEMBL4685,CHEMBL571209,Cn1cc(CC(N)C(=O)O)c2ccccc21,ZADWXFSZEAPBJS-UHFFFAOYSA-N,0
CHEMBL4685,CHEMBL477764,NCCc1ccc(Cl)cc1,SRXFXCKTIGELTI-UHFFFAOYSA-N,0
CHEMBL4685,CHEMBL66953,O=c1c(O)cccc2cc(O)c(O)c(O)c12,WDGFFVCWBZVLCE-UHFFFAOYSA-N,0
CHEMBL4685,CHEMBL1231544,NNCc1ccccc1,NHOWLEZFTHYCTP-UHFFFAOYSA-N,0
CHEMBL4685,CHEMBL6640,NCCc1c[nH]c2ccccc12,APJYDQYYACXCRM-UHFFFAOYSA-N,0
CHEMBL4685,CHEMBL91,Clc1ccc(COC(Cn2ccnc2)c2ccc(Cl)cc2Cl)c(Cl)c1,BYBLEWFAAKGYCD-UHFFFAOYSA-N,1
CHEMBL4685,CHEMBL590,CC1=CC(=O)c2ccccc2C1=O,MJVAVZPDRWSRRC-UHFFFAOYSA-N,1
CHEMBL4685,CHEMBL1330951,COc1c(O)ccc2c1CN1CCc3cc4c(cc3C1C2)OCO4,TUTLRKKYUXPDGN-UHFFFAOYSA-N,0
CHEMBL4685,CHEMBL13218,NCc1ccc(Cl)cc1,YMVFJGSXZNNUDW-UHFFFAOYSA-N,0
CHEMBL4685,CHEMBL15888,Nc1ccc(Cl)cc1,QSNSCYSYFYORTR-UHFFFAOYSA-N,0
CHEMBL4685,CHEMBL4579018,CC(C)=CCc1c(O)c(CC=C(C)C)c2c(c1O)C(=O)CC(c1ccc(O)cc1O)O2,ZTEYEFPSJPSRRA-UHFFFAOYSA-N,1
CHEMBL4685,CHEMBL1358724,Cc1cccc2c3c(ccc12)C1=C(C(=O)C3=O)C(C)CO1,HARGZZNYNSYSGJ-UHFFFAOYSA-N,1
CHEMBL4685,CHEMBL571655,O=C1c2ccccc2-c2ccccc21,YLQWCDOCJODRMT-UHFFFAOYSA-N,0
CHEMBL4685,CHEMBL310555,Oc1cccc2cccnc12,MCJGNVYPOGVAJF-UHFFFAOYSA-N,0
CHEMBL4685,CHEMBL15192,CC1(C)CCC2=C(O1)c1ccccc1C(=O)C2=O,QZPQTZZNNJUOLS-UHFFFAOYSA-N,1
CHEMBL4685,CHEMBL34657,c1ccc(-c2cccnc2)cc1,HJKGBRPNSJADMB-UHFFFAOYSA-N,0
CHEMBL4685,CHEMBL571240,CNc1ccc(O)c2ccccc12,YEJJUWPHXGQPCZ-UHFFFAOYSA-N,0
CHEMBL4685,CHEMBL510309,c1ccc2scnc2c1,IOJUPLGTWVMSFF-UHFFFAOYSA-N,0
CHEMBL4685,CHEMBL84963,c1ccc2[nH]nnc2c1,QRUDEWIWKLJBPS-UHFFFAOYSA-N,0
CHEMBL4685,CHEMBL111654,Sc1nc2ccccc2s1,YXIWHUQXZSMYRE-UHFFFAOYSA-N,0
CHEMBL4685,CHEMBL571548,OC1c2ccccc2-c2ccccc21,AFMVESZOYKHDBJ-UHFFFAOYSA-N,0
CHEMBL4685,CHEMBL328673,CC(C)=CCCc1c(C)ccc2c1C(=O)C(=O)C(C(C)C)=C2,FWJDKZSXXFWHPR-UHFFFAOYSA-N,1
CHEMBL4685,CHEMBL86795,c1ccc2[nH]ncc2c1,BAXOFTOLAUCFNW-UHFFFAOYSA-N,0
CHEMBL4685,CHEMBL52347,O=C1C=Cc2ccccc2C1=O,KETQAJRQOHHATG-UHFFFAOYSA-N,1
CHEMBL4685,CHEMBL43612,O=C1C=CC(=O)c2c(O)cccc21,KQPYUDDGWXQXHS-UHFFFAOYSA-N,1
CHEMBL4685,CHEMBL441441,CC1(C)CCC2=C(O1)C(=O)c1ccccc1C2=O,PJWHOPKRRBUSDH-UHFFFAOYSA-N,1
CHEMBL4685,CHEMBL106562,COC1=CC(=O)c2ccccc2C1=O,OBGBGHKYJAOXRR-UHFFFAOYSA-N,1
CHEMBL4685,CHEMBL240963,O=C1C=C(O)C(=O)c2ccccc21,CSFWPUWCSPOLJW-UHFFFAOYSA-N,0
CHEMBL4685,CHEMBL272253,CC1(C)C=CC2=C(O1)C(=O)c1ccccc1C2=O,OWFHAMHRUCUSRM-UHFFFAOYSA-N,1
CHEMBL4685,CHEMBL3745728,CC1(C)CCCC2(C)C1CCC1(C=O)C(O)CC(C=O)=CCC21,UDKRLAJJSYRYRU-UHFFFAOYSA-N,1
CHEMBL4685,CHEMBL2322655,Nc1c(C(=O)O)c2nc3c(C(=O)O)cccc3oc-2cc1=O,FSBKJYLVDRVPTK-UHFFFAOYSA-N,1
CHEMBL4685,CHEMBL373777,CSC(=S)NCc1c[nH]c2ccccc12,QYKQWFZDEDFELK-UHFFFAOYSA-N,0
CHEMBL4685,CHEMBL54976,NC(Cc1c[nH]c2ccccc12)C(=O)O,QIVBCDIJIAJPQS-UHFFFAOYSA-N,0
CHEMBL4685,CHEMBL301982,CC1=C(O)C(=O)C=C2C1=CC=C1C2(C)CCC2(C)C3CC(C)(C(=O)O)CCC3(C)CCC12C,KQJSQWZMSAGSHN-UHFFFAOYSA-N,1
CHEMBL4685,CHEMBL157101,CC(=O)N1CCN(c2ccc(OCC3COC(Cn4ccnc4)(c4ccc(Cl)cc4Cl)O3)cc2)CC1,XMAYWYJOQHXEEK-UHFFFAOYSA-N,0
CHEMBL4685,CHEMBL162783,CC1Oc2cc3c(-c4c(O)cc(O)c5c(O)c6c(cc45)OC(C)C(C)C6=O)c(O)cc(O)c3c(O)c2C(=O)C1C,RHNVLFNWDGWACV-UHFFFAOYSA-N,0
CHEMBL4685,CHEMBL258230,COc1c2c(c3ccc(=O)oc3c1C=CC(C)(C)O)OC(C)(C)C=C2,AXYRILDCSATJFU-UHFFFAOYSA-N,0
CHEMBL4685,CHEMBL1668397,COc1cc(OC)c2cc(C(=O)Cc3cccnc3)[nH]c2c1,HGJWHBPJAFALEV-UHFFFAOYSA-N,0
CHEMBL4685,CHEMBL1089,NNCCc1ccccc1,RMUCZJUITONUFY-UHFFFAOYSA-N,0
CHEMBL4685,CHEMBL187460,CC1COC2=C1C(=O)C(=O)c1c2ccc2c1CCCC2(C)C,GVKKJJOMQCNPGB-UHFFFAOYSA-N,1
