target_chembl_id,compound_chembl_id,c_smiles,noiso_InChIKey,active_label
CHEMBL3105,CHEMBL64780,O=c1cc(-c2ccc([N+](=O)[O-])cc2)oc2ccccc12,CKSVYVHLZNMXLX-UHFFFAOYSA-N,1
CHEMBL3105,CHEMBL449635,COc1ccc(C(N)=O)cc1,GUCPYIYFQVTFSI-UHFFFAOYSA-N,0
CHEMBL3105,CHEMBL1140,NC(=O)c1cccnc1,DFPAKSUCGFBDDF-UHFFFAOYSA-N,0
CHEMBL3105,CHEMBL63354,O=c1cc(-c2ccc(O)c(-c3c(O)cc(O)c4c(=O)cc(-c5ccc(O)cc5)oc34)c2)oc2cc(O)cc(O)c12,YUSWMAULDXZHPY-UHFFFAOYSA-N,1
CHEMBL3105,CHEMBL502330,NC(=O)c1cccc2cccnc12,HPQRQAOVNXWEEQ-UHFFFAOYSA-N,1
CHEMBL3105,CHEMBL151,O=c1cc(-c2ccc(O)c(O)c2)oc2cc(O)cc(O)c12,IQPNAANSBPBGFQ-UHFFFAOYSA-N,1
CHEMBL3105,CHEMBL147552,O=c1cc(-c2cccc(O)c2)oc2ccccc12,ISZWRZGKEWQACU-UHFFFAOYSA-N,1
CHEMBL3105,CHEMBL4453320,CC1NC(=O)C(C)NC1=O,WWISPHBAYBECQZ-UHFFFAOYSA-N,0
CHEMBL3105,CHEMBL222556,O=c1cc(-c2ccc(O)c(O)c2)oc2ccccc12,SRNPMQHYWVKBAV-UHFFFAOYSA-N,1
CHEMBL3105,CHEMBL253786,O=c1cc(-c2cccc(O)c2)oc2cc(O)ccc12,DYARIVMCYYQNNQ-UHFFFAOYSA-N,1
CHEMBL3105,CHEMBL28,O=c1cc(-c2ccc(O)cc2)oc2cc(O)cc(O)c12,KZNIFHPLKGYRTM-UHFFFAOYSA-N,0
CHEMBL3105,CHEMBL16751,COc1ccc(-c2cc(=O)c3ccc(O)cc3o2)cc1,SQVXWIUVAILQRH-UHFFFAOYSA-N,0
CHEMBL3105,CHEMBL275638,O=c1cc(-c2ccccc2)oc2ccccc12,VHBFFQKBGNRLFZ-UHFFFAOYSA-N,1
CHEMBL3105,CHEMBL301624,O=c1cc(-c2ccc(O)c(O)c2)oc2cc(O)ccc12,PVFGJHYLIHMCQD-UHFFFAOYSA-N,1
CHEMBL3105,CHEMBL3289109,Cc1ccc(-c2nc3ccccc3c(=O)[nH]2)cc1,UTEHUKGJDLVHIH-UHFFFAOYSA-N,1
CHEMBL3105,CHEMBL419424,NC(=O)c1cccc(O)c1,NGMMGKYJUWYIIG-UHFFFAOYSA-N,1
CHEMBL3105,CHEMBL123978,COc1cccc(C(N)=O)c1,VKPLPDIMEREJJF-UHFFFAOYSA-N,0
CHEMBL3105,CHEMBL121999,NC(=O)c1ccc(Cl)cc1,BLNVISNJTIRAHF-UHFFFAOYSA-N,0
CHEMBL3105,CHEMBL123572,Cc1cccc(C(N)=O)c1,WGRPQCFFBRDZFV-UHFFFAOYSA-N,0
CHEMBL3105,CHEMBL125596,NC(=O)c1ccc(F)cc1,VNDHYTGVCGVETQ-UHFFFAOYSA-N,0
CHEMBL3105,CHEMBL1163173,O=c1[nH]c(-c2ccc(Cl)cc2)nc2ccccc12,AKHUKZJZNGHOJU-UHFFFAOYSA-N,0
CHEMBL3105,CHEMBL123617,NC(=O)c1ccc(O)cc1,QXSAKPUBHTZHKW-UHFFFAOYSA-N,0
CHEMBL3105,CHEMBL125759,NC(=O)c1cccc(F)c1,YPIGHNIIXYSPKF-UHFFFAOYSA-N,0
CHEMBL3105,CHEMBL3289108,O=c1[nH]c(-c2ccc(O)cc2)nc2ccccc12,HMZVOPJPTNTGGO-UHFFFAOYSA-N,1
CHEMBL3105,CHEMBL395092,Cc1nc2ccccc2c(=O)[nH]1,FIEYHAAMDAPVCH-UHFFFAOYSA-N,1
CHEMBL3105,CHEMBL421646,O=c1[nH]c(=O)c2ccccc2[nH]1,SDQJTWBNWQABLE-UHFFFAOYSA-N,1
CHEMBL3105,CHEMBL419245,NC(=O)c1cccc(Cl)c1,MJTGQALMWUUPQM-UHFFFAOYSA-N,0
CHEMBL3105,CHEMBL336718,COc1ccc(-c2nc(O)c3ccccc3n2)cc1,HETSSARHFAGODR-UHFFFAOYSA-N,1
CHEMBL3105,CHEMBL332444,NC(=O)c1ccc(N)cc1,QIKYZXDTTPVVAC-UHFFFAOYSA-N,0
CHEMBL3105,CHEMBL311091,Oc1nc2cnccc2c2ccccc12,RGJWBNVVXDVAMV-UHFFFAOYSA-N,1
