target_chembl_id,compound_chembl_id,c_smiles,noiso_InChIKey,active_label
CHEMBL338,CHEMBL1214907,CN(C)CCCC1(c2ccc(F)cc2)OCc2cc(Br)ccc21,WOLPGGGWZDXCNM-UHFFFAOYSA-N,1
CHEMBL338,CHEMBL172482,COC(=O)C1C2CCC(CC1OC(=O)c1ccccc1)N2,AYDBLCSLKNTEJL-UHFFFAOYSA-N,1
CHEMBL338,CHEMBL273575,CN1Cc2c(N)cccc2C(c2ccccc2)C1,XXPANQJNYNUNES-UHFFFAOYSA-N,1
CHEMBL338,CHEMBL337702,NCCc1cc(O)c(O)cc1O,DIVDFFZHCJEHGG-UHFFFAOYSA-N,1
CHEMBL338,CHEMBL1253698,COC(=O)C(c1ccc(O)cc1)C1CCCCN1,XVXFNANJMMTNSO-UHFFFAOYSA-N,1
CHEMBL338,CHEMBL324339,CN1C2CCC1C(C(=O)O)C(OC(=O)c1ccccc1)C2,GVGYEFKIHJTNQZ-UHFFFAOYSA-N,0
CHEMBL338,CHEMBL3084891,CN1C2CCC1CC(OC(c1ccccc1)c1ccccc1N)C2,KZFDKINRISJFCO-UHFFFAOYSA-N,1
CHEMBL338,CHEMBL276520,c1ccc2c(CCC3CCNCC3)c[nH]c2c1,SADQVAVFGNTEOD-UHFFFAOYSA-N,0
CHEMBL338,CHEMBL464525,COc1ccc2cc1Oc1ccc(cc1)CC1c3c(cc(OC)c(OC)c3Oc3cc4c(cc3OC)CCN(C)C4C2)CCN1C,FBCXFKWMGIWMJQ-UHFFFAOYSA-N,1
CHEMBL338,CHEMBL450834,COc1ccc(CC2c3c(cc(OC)c4c3Oc3cc5c(cc3O4)CCN(C)C5=O)CCN2C)cc1-c1cc(C=O)ccc1O,IPZZJEUUDCPILE-UHFFFAOYSA-N,0
CHEMBL338,CHEMBL612,CC(N)Cc1ccccc1,KWTSXDURSIMDCE-UHFFFAOYSA-N,1
CHEMBL338,CHEMBL429771,c1ccc2c(CC3CCNCC3)c[nH]c2c1,HKYWCJOLDLYIOL-UHFFFAOYSA-N,0
CHEMBL338,CHEMBL2079591,COC(=O)C1CN(C)CCC1c1ccc(Cl)cc1,GDFVYUDIAQQDTA-UHFFFAOYSA-N,1
CHEMBL338,CHEMBL519236,COc1c(O)c2c3c(c1OC)CCN(C)C3Cc1ccccc1-2,BIIHCZLUQVXIQY-UHFFFAOYSA-N,0
CHEMBL338,CHEMBL504757,COc1ccc2cc1Oc1ccc(cc1)CC1c3cc(c(OC)cc3CCN1C)Oc1c(OC)c(OC)cc3c1C(C2)N(C)CC3,WVTKBKWTSCPRNU-UHFFFAOYSA-N,1
CHEMBL338,CHEMBL452904,COc1cc2c3cc1Oc1c(O)c(OC)cc4c1C(Cc1ccc(OC)c(c1)-c1cc(ccc1O)CC3N(C)CC2)N(C)CC4,MNNXIEANPHEHSB-UHFFFAOYSA-N,1
CHEMBL338,CHEMBL455633,COc1cc2c(cc1OC)Oc1c(O)ccc3c1C(C2)N(C)CC3,ITGZZZYNPULRNZ-UHFFFAOYSA-N,0
CHEMBL338,CHEMBL508081,COc1cc2c(cc1OC)Oc1c(O)ccc(CCN(C)C)c1C=C2,DBGGUODEECPLSS-UHFFFAOYSA-N,0
CHEMBL338,CHEMBL453038,COc1cc2c(cc1OC)C(Cc1ccc(O)cc1)NCC2,NKBBUUNAVOMVER-UHFFFAOYSA-N,0
CHEMBL338,CHEMBL455632,COc1cc2c(cc1OC)Oc1c(OC)ccc(CCN(C)C)c1C=C2,ZIEYKOGDJZHQIE-UHFFFAOYSA-N,0
CHEMBL338,CHEMBL450147,COc1cc2c(cc1OC)C(Cc1ccc(Oc3cc(CC4c5cc(OC)c(OC)cc5CCN4C)ccc3OC)cc1)N(C)CC2,UHYCXSGUNAWVBW-UHFFFAOYSA-N,1
CHEMBL338,CHEMBL37736,O=C1c2ccccc2-c2c3c(cc4ccnc1c24)OCO3,MUMCCPUVOAUBAN-UHFFFAOYSA-N,0
CHEMBL338,CHEMBL510090,COc1cc2ccnc3c2c(c1OC)-c1ccccc1C3=O,DPBMWJXWUINLQT-UHFFFAOYSA-N,0
CHEMBL338,CHEMBL509855,COc1ccc2cc1Oc1ccc(cc1)CC1c3c(cc(OC)c(O)c3Oc3cc4c(cc3OC)CCN(C)C4C2)CCN1C,YJRWQNIRFXVBRB-UHFFFAOYSA-N,1
CHEMBL338,CHEMBL446211,COc1cc2c(cc1O)C(Cc1ccc(O)cc1)NCC2,LVVKXRQZSRUVPY-UHFFFAOYSA-N,0
CHEMBL338,CHEMBL113830,CC(C(O)c1ccc(O)cc1)N1CCC(Cc2ccccc2)CC1,UYNVMODNBIQBMV-UHFFFAOYSA-N,1
CHEMBL338,CHEMBL296602,CNC1CC(c2ccc(Cl)c(Cl)c2)c2ccccc21,SVFXPTLYMIXFRX-UHFFFAOYSA-N,1
CHEMBL338,CHEMBL150045,c1ccc(C(c2ccccc2)c2ccncc2)cc1,ZWLWOTHDIGRTNE-UHFFFAOYSA-N,1
CHEMBL338,CHEMBL894,CC(NC(C)(C)C)C(=O)c1cccc(Cl)c1,SNPPWIUOZRMYNY-UHFFFAOYSA-N,1
CHEMBL338,CHEMBL130653,NCCc1cc(O)c(N)cc1O,RSBNOZFUFIGWRG-UHFFFAOYSA-N,1
CHEMBL338,CHEMBL131384,NCCc1cc(O)c(O)cc1N,JOMLIKNXFZFNRZ-UHFFFAOYSA-N,1
CHEMBL338,CHEMBL2103769,CN1C(CC(=O)c2ccccc2)CCCC1CC(O)c1ccccc1,MXYUKLILVYORSK-UHFFFAOYSA-N,0
CHEMBL338,CHEMBL130521,NCCc1cc(N)c(O)cc1O,JWELJDPOXNWIRU-UHFFFAOYSA-N,1
CHEMBL338,CHEMBL1508,CN(C)CCCC1(c2ccc(F)cc2)OCc2cc(C#N)ccc21,WSEQXVZVJXJVFP-UHFFFAOYSA-N,1
CHEMBL338,CHEMBL607,CCOC(=O)C1(c2ccccc2)CCN(C)CC1,XADCESSVHJOZHK-UHFFFAOYSA-N,0
CHEMBL338,CHEMBL95,Nc1c2c(nc3ccccc13)CCCC2,YLJREFDVOIBQDA-UHFFFAOYSA-N,0
CHEMBL338,CHEMBL282380,OC(Cc1ccccc1)CN1CCN(CCOC(c2ccccc2)c2ccccc2)CC1,ZZHKHRXDQLQSFW-UHFFFAOYSA-N,1
CHEMBL338,CHEMBL809,CNC1CCC(c2ccc(Cl)c(Cl)c2)c2ccccc21,VGKDLMBJGBXTGI-UHFFFAOYSA-N,1
CHEMBL338,CHEMBL222287,CCC1CC2CC3c4[nH]c5ccc(OC)cc5c4CCN(C2)C13,HSIBGVUMFOSJPD-UHFFFAOYSA-N,1
CHEMBL338,CHEMBL343956,CCC1CC2CC3c4[nH]c5ccc(O)cc5c4CCN(C2)C13,RAUCDOKTMDOIPF-UHFFFAOYSA-N,1
CHEMBL338,CHEMBL36050,CNC1CCC(c2ccc(Cl)c(C(F)(F)F)c2)c2ccccc21,BSEAIIVNBLDSER-UHFFFAOYSA-N,1
CHEMBL338,CHEMBL287499,CNC1CCC(c2ccc(F)c(OC)c2)c2ccccc21,OPNWBQBGQDRXPF-UHFFFAOYSA-N,1
CHEMBL338,CHEMBL39354,CN(C)C1CCC(c2ccc(Cl)c(Cl)c2)c2ccccc21,LTKRQOGLVNJKBK-UHFFFAOYSA-N,1
CHEMBL338,CHEMBL401798,c1ccc2c(c1)CC1NCCc3cc4c(c-2c31)OCO4,VZTUKBKUWSHDFM-UHFFFAOYSA-N,1
CHEMBL338,CHEMBL1492,CN1CCC(OC(c2ccccc2)c2ccccc2)CC1,OWQUZNMMYNAXSL-UHFFFAOYSA-N,1
CHEMBL338,CHEMBL197857,CN1CCC(OC(c2ccc(F)cc2)c2ccc(F)cc2)CC1,OMHQPTBUHAMDQH-UHFFFAOYSA-N,1
CHEMBL338,CHEMBL257745,COc1c2c3c(c4c1OCO4)-c1ccccc1CC3NCC2,TYZKUSBTFHNPMV-UHFFFAOYSA-N,1
CHEMBL338,CHEMBL257746,Oc1ccc2c(c1)CC1NCCc3cc4c(c-2c31)OCO4,LTSPCGWFQLHECP-UHFFFAOYSA-N,1
CHEMBL338,CHEMBL487388,COc1cc2c(cc1O)CC1NCCc3cc(O)c(OC)c-2c31,KYVJVURXKAZJRK-UHFFFAOYSA-N,0
CHEMBL338,CHEMBL508011,COc1c(O)c2c3c(c1OC)CCNC3Cc1ccccc1-2,XLXSXOHBVGWKMT-UHFFFAOYSA-N,1
CHEMBL338,CHEMBL197615,CN1CCC(OC(c2ccc(Cl)cc2)c2ccc(Cl)cc2)CC1,MFAAVSRLYJPXBW-UHFFFAOYSA-N,1
CHEMBL338,CHEMBL571548,OC1c2ccccc2-c2ccccc21,AFMVESZOYKHDBJ-UHFFFAOYSA-N,1
