target_chembl_id,compound_chembl_id,c_smiles,noiso_InChIKey,active_label
CHEMBL1743121,CHEMBL51483,Cc1cc2c(C(C)C)c(O)c(O)c(C=O)c2c(O)c1-c1c(C)cc2c(C(C)C)c(O)c(O)c(C=O)c2c1O,QBKSWRVVCFFDOT-UHFFFAOYSA-N,1
CHEMBL1743121,CHEMBL3137741,CC(C)=CCCC1(C)C=Cc2c(O)c3c(c(CC=C(C)C)c2O1)OC12C(CC4CC1C(C)(C)OC2(CC=C(C)C(=O)O)C4O)C3=O,CXFIQFGADOTDPF-UHFFFAOYSA-N,1
CHEMBL1743121,CHEMBL1751,CC1OC(OC2C(O)CC(OC3C(O)CC(OC4CCC5(C)C(CCC6C5CC(O)C5(C)C(C7=CC(=O)OC7)CCC65O)C4)OC3C)OC2C)CC(O)C1O,LTMHDMANZUZIPE-UHFFFAOYSA-N,0
CHEMBL1743121,CHEMBL230006,CC1(C(=O)O)CCC2(C)CCC3(C)C(=CC(=O)C4C5(C)CCC(O)C(C)(C)C5CCC43C)C2C1,MPDGHEJMBKOTSU-UHFFFAOYSA-N,1
CHEMBL1743121,CHEMBL71893,CC(C)C1=CC2=CCC3C(C)(C(=O)O)CCCC3(C)C2CC1,RSWGJHLUYNHPMX-UHFFFAOYSA-N,1
CHEMBL1743121,CHEMBL1171146,CC1CCC2(OC1)OC1CC3C4CCC5CC(O)CCC5(C)C4CCC3(C)C1C2C,GMBQZIIUCVWOCD-UHFFFAOYSA-N,1
CHEMBL1743121,CHEMBL169,CC1CCC2(C(=O)O)CCC3(C)C(=CCC4C5(C)CCC(O)C(C)(C)C5CCC43C)C2C1C,WCGUUGGRBIKTOS-UHFFFAOYSA-N,0
CHEMBL1743121,CHEMBL501680,C=CC1=C(C)C(=Cc2[nH]c(Cc3[nH]c(C=C4NC(=O)C(C)=C4C=C)c(C)c3CCC(=O)O)c(CCC(=O)O)c2C)NC1=O,BPYKTIZUTYGOLE-UHFFFAOYSA-N,1
CHEMBL1743121,CHEMBL1410,CCCCCCCCCc1ccc(OCCOCCOCCOCCOCCOCCOCCOCCOCCO)cc1,FBWNMEQMRUMQSO-UHFFFAOYSA-N,1
CHEMBL1743121,CHEMBL1293,CC(C=CC=C(C)C=CC1=C(C)CCCC1(C)C)=CC=CC=C(C)C=CC=C(C)C=CC1=C(C)CCCC1(C)C,OENHQHLEOONYIE-UHFFFAOYSA-N,1
CHEMBL1743121,CHEMBL159,CCC1(O)CC2CN(CCc3c([nH]c4ccccc34)C(C(=O)OC)(c3cc4c(cc3OC)N(C)C3C(O)(C(=O)OC)C(OC(C)=O)C5(CC)C=CCN6CCC43C65)C2)C1,JXLYSJRDGCGARV-UHFFFAOYSA-N,0
CHEMBL1743121,CHEMBL4802105,COc1cc(C2Oc3c(O)cc(C4Oc5cc(O)cc(O)c5C(=O)C4O)cc3C2CO)ccc1O,BMLIIPOXVWESJG-UHFFFAOYSA-N,0
CHEMBL1743121,CHEMBL592675,COc1cc(C2Oc3cc(C4Oc5cc(O)cc(O)c5C(=O)C4O)ccc3OC2CO)ccc1O,SEBFKMXJBCUCAI-UHFFFAOYSA-N,1
CHEMBL1743121,CHEMBL36327,O=C(OC1Cc2c(O)cc(O)cc2OC1c1ccc(O)c(O)c1)c1cc(O)c(O)c(O)c1,LSHVYAFMTMFKBA-UHFFFAOYSA-N,1
CHEMBL1743121,CHEMBL6,COc1ccc2c(c1)c(CC(=O)O)c(C)n2C(=O)c1ccc(Cl)cc1,CGIGDMFJXJATDK-UHFFFAOYSA-N,0
CHEMBL1743121,CHEMBL1078052,COC(=O)CCC(C)C1CCC2C3C(O)CC4CC(O)CCC4(C)C3CC(O)C12C,DLYVTEULDNMQAR-UHFFFAOYSA-N,1
CHEMBL1743121,CHEMBL1603825,COc1c(CC=C(C)C)c2c(c3oc(=O)c(-c4ccc(O)cc4)c(O)c13)C=CC(C)(C)O2,AAKJUGSASOCUFQ-UHFFFAOYSA-N,1
CHEMBL1743121,CHEMBL461101,CC1=NN(c2ccc(C)c(C)c2)C(=O)C1=NNc1cccc(-c2cccc(C(=O)O)c2)c1O,XDXWLKQMMKQXPV-UHFFFAOYSA-N,0
CHEMBL1743121,CHEMBL486400,CC1(C)CCC2(C(=O)O)CCC3(C)C(=CCC4C5(C)CCC(O)C(C)(CO)C5CCC43C)C2C1,PGOYMURMZNDHNS-UHFFFAOYSA-N,1
CHEMBL1743121,CHEMBL551842,CCCCCc1c2c(cc(O)c1C(=O)O)OC(=O)c1c(cc(OC)cc1C(=O)CCCC)O2,JHEWMLHQNRHTQX-UHFFFAOYSA-N,1
CHEMBL1743121,CHEMBL53463,COc1cccc2c1C(=O)c1c(O)c3c(c(O)c1C2=O)CC(O)(C(=O)CO)CC3OC1CC(N)C(O)C(C)O1,AOJJSUZBOXZQNB-UHFFFAOYSA-N,0
CHEMBL1743121,CHEMBL486193,CC(=O)OCC=C(C)C=CC=C(C)C=CC1=C(C)CCCC1(C)C,QGNJRVVDBSJHIZ-UHFFFAOYSA-N,1
CHEMBL1743121,CHEMBL210868,O=C1C=CC(=C(c2ccc(O)cc2)c2ccc(O)cc2)C=C1,FYEHYMARPSSOBO-UHFFFAOYSA-N,1
CHEMBL1743121,CHEMBL1456870,CC(C)=CCCC1(C)C=Cc2c(O)c3c(c(CC=C(C)C)c2O1)OC12C(=CCCC1C(C)(C)OC2(CC=C(C)C(=O)O)C(=O)O)C3=O,VDSCKSOYNLTQSY-UHFFFAOYSA-N,1
CHEMBL1743121,CHEMBL228281,Cc1cc(O)c(C=O)c2c1C(=O)Oc1c(C)c(O)c3c(c1O2)C(O)OC3=O,IEVVSJFLBYOUCJ-UHFFFAOYSA-N,1
CHEMBL1743121,CHEMBL374478,COC1C=COC2(C)Oc3c(C)c(O)c4c(O)c(c(C=NN5CCN(C)CC5)c(O)c4c3C2=O)NC(=O)C(C)=CC=CC(C)C(O)C(C)C(O)C(C)C(OC(C)=O)C1C,JQXXHWHPUNPDRT-UHFFFAOYSA-N,1
CHEMBL1743121,CHEMBL163,CC(C)c1nc(CN(C)C(=O)NC(C(=O)NC(Cc2ccccc2)CC(O)C(Cc2ccccc2)NC(=O)OCc2cncs2)C(C)C)cs1,NCDNCNXCDXHOMX-UHFFFAOYSA-N,1
CHEMBL1743121,CHEMBL44,O=c1c(-c2ccc(O)cc2)coc2cc(O)cc(O)c12,TZBJGXHYKVUXJN-UHFFFAOYSA-N,1
CHEMBL1743121,CHEMBL67,COc1ccc(C=Cc2cc(OC)c(OC)c(OC)c2)cc1O,HVXBOLULGPECHP-UHFFFAOYSA-N,0
CHEMBL1743121,CHEMBL441687,CC1(C(=O)O)CCC2(C)CCC3(C)C(=CC(=O)C4C5(C)CCC(OC6OC(C(=O)O)C(O)C(O)C6OC6OC(C(=O)O)C(O)C(O)C6O)C(C)(C)C5CCC43C)C2C1,LPLVUJXQOOQHMX-UHFFFAOYSA-N,0
CHEMBL1743121,CHEMBL515,O=C(O)CCCc1ccc(N(CCCl)CCCl)cc1,JCKYGMPEJWAADB-UHFFFAOYSA-N,0
