target_chembl_id,compound_chembl_id,c_smiles,noiso_InChIKey,active_label
CHEMBL2265,CHEMBL1271483,COC(=O)C1(C)CCC2(C)CCC3(C)C(=CC(=O)C4C5(C)CCC(O)C(C)(C)C5CCC43C)C2C1,RMIVRCBSQPCSCQ-UHFFFAOYSA-N,0
CHEMBL2265,CHEMBL3775913,CC1(C(=O)O)CCC2(C)CCC3(C)C(=CCC4C5(C)CCC(=O)C(C)(C)C5CCC43C)C2C1,CGZZFWMLSVHLFZ-UHFFFAOYSA-N,0
CHEMBL2265,CHEMBL1551302,COc1cc2c(cc1CC=C(C)C)C(=O)CC(c1ccc(O)cc1)O2,VOCGSQHKPZSIKB-UHFFFAOYSA-N,1
CHEMBL2265,CHEMBL192258,CC(=O)C(=O)c1ccccc1,BVQVLAIMHVDZEL-UHFFFAOYSA-N,1
CHEMBL2265,CHEMBL168,CC1(C)CCC2(C(=O)O)CCC3(C)C(=CCC4C5(C)CCC(O)C(C)(C)C5CCC43C)C2C1,MIJYXULNPSFWEK-UHFFFAOYSA-N,1
CHEMBL2265,CHEMBL461060,CC1(C)CCC2(C)CCC3(C)C(=CCC4C5(C)CCC(=O)C(C)(C)C5CCC43C)C2C1,LIIFBMGUDSHTOU-UHFFFAOYSA-N,1
CHEMBL2265,CHEMBL487933,CC1(C(=O)O)CCC2(C)CCC3(C)C(=CCC4C5(C)CCC(O)C(C)(C)C5CCC43C)C2C1,JZFSMVXQUWRSIW-UHFFFAOYSA-N,1
CHEMBL2265,CHEMBL251308,C=C(C)C1CCC2(C(=O)O)CCC3(C)C(CCC4C5(C)CCC(O)C(C)(CO)C5CCC43C)C12,HXWLKAXCQLXHML-UHFFFAOYSA-N,1
CHEMBL2265,CHEMBL371371,CC1CCC(=O)C1=O,OACYKCIZDVVNJL-UHFFFAOYSA-N,0
CHEMBL2265,CHEMBL363186,CC1C(=O)CCC1=O,HXZILEQYFQYQCE-UHFFFAOYSA-N,0
CHEMBL2265,CHEMBL8320,O=C1C=CC(=O)C=C1,AZQWKYJCGOJGHM-UHFFFAOYSA-N,0
CHEMBL2265,CHEMBL365982,OC(c1ccccc1)C(O)c1ccccc1,IHPDTPWNFBQHEB-UHFFFAOYSA-N,0
CHEMBL2265,CHEMBL90039,O=C(c1ccccc1)c1ccccc1,RWCCWEUUXYIKHB-UHFFFAOYSA-N,0
CHEMBL2265,CHEMBL192648,O=C(O)c1ccc(C(=O)c2ccccc2)cc1,IFQUPKAISSPFTE-UHFFFAOYSA-N,0
CHEMBL2265,CHEMBL192039,O=C(C(=O)c1ccc(O)cc1O)c1ccc(O)cc1O,NGWYJYHAFLMHNW-UHFFFAOYSA-N,0
CHEMBL2265,CHEMBL371523,O=C(CC(=O)c1ccccc1)c1ccccc1,NZZIMKJIVMHWJC-UHFFFAOYSA-N,0
CHEMBL2265,CHEMBL187460,CC1COC2=C1C(=O)C(=O)c1c2ccc2c1CCCC2(C)C,GVKKJJOMQCNPGB-UHFFFAOYSA-N,1
CHEMBL2265,CHEMBL4293626,CC1COc2c1c(=O)oc(=O)c1c3c(ccc21)C(C)(C)CCC3,ROYYPPPACDMYJY-UHFFFAOYSA-N,1
CHEMBL2265,CHEMBL227075,Cc1cccc2c3c(ccc12)C1=C(C(=O)C3=O)C(C)CO1,HARGZZNYNSYSGJ-UHFFFAOYSA-N,1
CHEMBL2265,CHEMBL187266,Cc1coc2c1C(=O)C(=O)c1c-2ccc2c1CCCC2(C)C,HYXITZLLTYIPOF-UHFFFAOYSA-N,1
CHEMBL2265,CHEMBL363535,Cc1coc2c1C(=O)C(=O)c1c-2ccc2c(C)cccc12,AIGAZQPHXLWMOJ-UHFFFAOYSA-N,0
CHEMBL2265,CHEMBL45830,CC(C)C1=Cc2ccc3c(c2C(=O)C1=O)CCCC3(C)C,FEFAIBOZOKSLJR-UHFFFAOYSA-N,1
CHEMBL2265,CHEMBL4213662,O=C1C=Cc2ccc3ccccc3c2C1=O,NKGGYWQZHFAHRK-UHFFFAOYSA-N,1
CHEMBL2265,CHEMBL326294,O=C1Nc2ccccc2C1=O,JXDYKVIHCLTXOP-UHFFFAOYSA-N,0
CHEMBL2265,CHEMBL95,Nc1c2c(nc3ccccc13)CCCC2,YLJREFDVOIBQDA-UHFFFAOYSA-N,0
CHEMBL2265,CHEMBL15192,CC1(C)CCC2=C(O1)c1ccccc1C(=O)C2=O,QZPQTZZNNJUOLS-UHFFFAOYSA-N,1
CHEMBL2265,CHEMBL52347,O=C1C=Cc2ccccc2C1=O,KETQAJRQOHHATG-UHFFFAOYSA-N,1
CHEMBL2265,CHEMBL51931,O=C1C(=O)c2ccccc2-c2ccccc21,YYVYAPXYZVYDHN-UHFFFAOYSA-N,1
CHEMBL2265,CHEMBL2367723,CC12CCC(C(=O)C1=O)C2(C)C,VNQXSTWCDUXYEZ-UHFFFAOYSA-N,0
CHEMBL2265,CHEMBL493512,CC1(C(=O)O)CCC2(C)CCC3(C)C(=CC(=O)C4C5(C)CCC(=O)C(C)(C)C5CCC43C)C2C1,QGWDYPREORDRIT-UHFFFAOYSA-N,0
CHEMBL2265,CHEMBL230006,CC1(C(=O)O)CCC2(C)CCC3(C)C(=CC(=O)C4C5(C)CCC(O)C(C)(C)C5CCC43C)C2C1,MPDGHEJMBKOTSU-UHFFFAOYSA-N,0
CHEMBL2265,CHEMBL169,CC1CCC2(C(=O)O)CCC3(C)C(=CCC4C5(C)CCC(O)C(C)(C)C5CCC43C)C2C1C,WCGUUGGRBIKTOS-UHFFFAOYSA-N,1
CHEMBL2265,CHEMBL207413,CC(=O)OC1CCC2(C)C(CCC3(C)C2C(=O)C=C2C4CC(C)(C(=O)O)CCC4(C)CCC23C)C1(C)C,FTQDJVZNPJRVPG-UHFFFAOYSA-N,0
CHEMBL2265,CHEMBL289191,C=C(C)C1CCC2(C)CCC3(C)C(CCC4C5(C)CCC(O)C(C)(C)C5CCC43C)C12,MQYXUWHLBZFQQO-UHFFFAOYSA-N,1
CHEMBL2265,CHEMBL1081326,C=C1CCC2(C(=O)O)CCC3(C)C(=CCC4C5(C)CCC(O)C(C)(CO)C5CCC43C)C2C1,FKUBIEWSGBVADJ-UHFFFAOYSA-N,1
