target_chembl_id,compound_chembl_id,c_smiles,noiso_InChIKey,active_label
CHEMBL312,CHEMBL152346,O=C(C=Cc1ccccc1)NO,UVDDFTZLVFIQFL-UHFFFAOYSA-N,0
CHEMBL312,CHEMBL485981,C=C1CCC=C(C)C(=O)C(OC(C)=O)C2C1CC2(C)C,SXWKLEULMBLXJM-UHFFFAOYSA-N,0
CHEMBL312,CHEMBL52,CC(Cc1ccc(O)c(O)c1)C(C)Cc1ccc(O)c(O)c1,HCZKYJDFEPMADG-UHFFFAOYSA-N,1
CHEMBL312,CHEMBL122451,Cc1ccc2ccccc2c1O,SRJCJJKWVSSELL-UHFFFAOYSA-N,1
CHEMBL312,CHEMBL123054,C=CCc1ccc2ccccc2c1O,ZHOKFMVXIRHAMR-UHFFFAOYSA-N,1
CHEMBL312,CHEMBL243664,COc1ccc(-c2cc(=O)c3c(O)cc(O)cc3o2)cc1,DANYIYRPLHHOCZ-UHFFFAOYSA-N,0
CHEMBL312,CHEMBL122649,Oc1ccccc1Cc1ccccc1,CDMGNVWZXRKJNS-UHFFFAOYSA-N,0
CHEMBL312,CHEMBL122544,CCOC(=O)C=Cc1ccc2ccccc2c1O,GKOQVDAGVTZSIE-UHFFFAOYSA-N,1
CHEMBL312,CHEMBL122078,Oc1ccc2ccccc2c1Cc1ccccc1,MWXRIKYCKQGVRD-UHFFFAOYSA-N,1
CHEMBL312,CHEMBL122617,Oc1cccc2ccccc12,KJCVRFUGPWSIIH-UHFFFAOYSA-N,1
CHEMBL312,CHEMBL122258,Oc1ccc(Cc2ccccc2)c2ccccc12,ZGQCBCMETLGHKP-UHFFFAOYSA-N,1
CHEMBL312,CHEMBL7568,CCN(CC)CCCC(C)Nc1c2ccc(Cl)cc2nc2ccc(OC)cc12,GPKJTRJOBQGKQK-UHFFFAOYSA-N,0
CHEMBL312,CHEMBL711,O=C1c2ccccc2C(=O)C1c1ccccc1,NFBAXHOPROOJAW-UHFFFAOYSA-N,0
CHEMBL312,CHEMBL24960,O=C1c2ccccc2C(=O)C1(F)c1ccccc1,WODHYLKBRMKQDN-UHFFFAOYSA-N,1
CHEMBL312,CHEMBL72637,COc1cc2oc(-c3ccc(O)c(O)c3)cc(=O)c2c(O)c1OC,IMEYGBIXGJLUIS-UHFFFAOYSA-N,1
CHEMBL312,CHEMBL72807,COc1cc(OC)c2c(=O)cc(-c3ccc(O)c(O)c3)oc2c1OC,ZBPNNDQNWJYZGC-UHFFFAOYSA-N,1
CHEMBL312,CHEMBL509,Cc1ccc(Cl)c(Nc2ccccc2C(=O)O)c1Cl,SBDNJUWAMKYJOX-UHFFFAOYSA-N,0
CHEMBL312,CHEMBL521,CC(C)Cc1ccc(C(C)C(=O)O)cc1,HEFNNWSXXWATRW-UHFFFAOYSA-N,0
CHEMBL312,CHEMBL284127,CC(=O)C1C(=O)C=C(C)OC1=O,PGRHXDWITVMQBC-UHFFFAOYSA-N,0
CHEMBL312,CHEMBL73016,COc1cc2oc(-c3ccc(O)c(O)c3)cc(=O)c2c(OC)c1OC,UJEJKGCTUWVBRI-UHFFFAOYSA-N,1
CHEMBL312,CHEMBL154,COc1ccc2cc(C(C)C(=O)O)ccc2c1,CMWTZPSULFXXJA-UHFFFAOYSA-N,0
CHEMBL312,CHEMBL76188,COc1cc(O)c2c(=O)cc(-c3ccc(O)c(O)c3)oc2c1OC,FWOUQLGHGBDLRO-UHFFFAOYSA-N,1
CHEMBL312,CHEMBL384467,CC1CC2C3CCC4=CC(=O)C=CC4(C)C3(F)C(O)CC2(C)C1(O)C(=O)CO,UREBDLICKHMUKA-UHFFFAOYSA-N,0
CHEMBL312,CHEMBL15770,CC1=C(CC(=O)O)c2cc(F)ccc2C1=Cc1ccc([S+](C)[O-])cc1,MLKXDPUZXIRXEP-UHFFFAOYSA-N,0
CHEMBL312,CHEMBL50,O=c1c(O)c(-c2ccc(O)c(O)c2)oc2cc(O)cc(O)c12,REFJWTPEDVJJIY-UHFFFAOYSA-N,1
CHEMBL312,CHEMBL828,c1ccc2c(c1)Nc1ccccc1S2,WJFKNYWRSNBZNX-UHFFFAOYSA-N,1
CHEMBL312,CHEMBL126804,O=C(C=Cc1ccc(O)cc1)c1ccccc1O,FGPJTMCJNPRZGF-UHFFFAOYSA-N,0
CHEMBL312,CHEMBL340244,COc1ccc(C(=O)C=Cc2ccc(O)c(O)c2)c(O)c1,IULVGTQOZKYHCS-UHFFFAOYSA-N,1
CHEMBL312,CHEMBL105310,O=C(C=Cc1ccccc1)c1ccc(O)cc1O,JUMSUVHHUVPSOY-UHFFFAOYSA-N,0
CHEMBL312,CHEMBL338066,O=C(C=Cc1ccc(O)cc1)c1c(O)cc(O)cc1O,YQHMWTPYORBCMF-UHFFFAOYSA-N,0
CHEMBL312,CHEMBL128000,O=C(C=Cc1ccc(O)c(O)c1)c1ccc(O)cc1O,AYMYWHCQALZEGT-UHFFFAOYSA-N,1
CHEMBL312,CHEMBL25207,O=C1c2ccccc2C(=O)C1C1C(=O)c2ccccc2C1=O,LRFYPSGRUORTIS-UHFFFAOYSA-N,0
CHEMBL312,CHEMBL129523,COc1ccc(C(=O)C=Cc2ccc(O)c(O)c2)c(OC)c1,XEFNHJDWTZIITP-UHFFFAOYSA-N,1
CHEMBL312,CHEMBL127409,O=C(C=Cc1ccc(O)c(O)c1)c1c(O)cc(O)cc1O,CRBYNQCDRNZCNX-UHFFFAOYSA-N,1
CHEMBL312,CHEMBL129795,O=C(C=Cc1ccc(O)cc1)c1ccc(O)cc1O,DXDRHHKMWQZJHT-UHFFFAOYSA-N,0
CHEMBL312,CHEMBL129510,O=C(C=Cc1ccc(O)c(O)c1)c1ccccc1,HHKVOYUYPYZFHJ-UHFFFAOYSA-N,1
CHEMBL312,CHEMBL129371,O=C(C=Cc1ccccc1)c1c(O)cc(O)cc1O,LOYXTWZXLWHMBX-UHFFFAOYSA-N,0
CHEMBL312,CHEMBL145,O=C(O)C=Cc1ccc(O)c(O)c1,QAIPRVGONGVQAS-UHFFFAOYSA-N,0
CHEMBL312,CHEMBL129160,COc1cc(C(=O)C=Cc2ccc(O)c(O)c2)ccc1O,AJSXSWPVSPYVGO-UHFFFAOYSA-N,1
CHEMBL312,CHEMBL309339,O=C(NO)c1ccccc1O,HBROZNQEVUILML-UHFFFAOYSA-N,0
CHEMBL312,CHEMBL2296151,CCc1ccc2ccccc2c1O,KSTGSVANFMJGGB-UHFFFAOYSA-N,1
CHEMBL312,CHEMBL157101,CC(=O)N1CCN(c2ccc(OCC3COC(Cn4ccnc4)(c4ccc(Cl)cc4Cl)O3)cc2)CC1,XMAYWYJOQHXEEK-UHFFFAOYSA-N,0
CHEMBL312,CHEMBL7976,O=C(C=Cc1ccccc1)c1ccccc1,DQFBYFPFKXHELB-UHFFFAOYSA-N,0
CHEMBL312,CHEMBL375905,Cc1ccc(C=CC(=O)c2ccccc2)cc1,XNLFHCPVTULKIV-UHFFFAOYSA-N,0
CHEMBL312,CHEMBL104732,COc1ccccc1C=CC(=O)c1ccccc1,ZWTRSTWJBWJEFR-UHFFFAOYSA-N,0
CHEMBL312,CHEMBL105496,COc1ccc(C=CC(=O)c2ccccc2)cc1,XUFXKBJMCRJATM-UHFFFAOYSA-N,0
CHEMBL312,CHEMBL17347,CCOC(=O)C=Cc1ccc(O)c(O)c1,WDKYDMULARNCIS-UHFFFAOYSA-N,1
CHEMBL312,CHEMBL3144583,Cn1[nH]c2ccccc2c1=O,FPNXGZRMUROVNY-UHFFFAOYSA-N,1
CHEMBL312,CHEMBL122058,O=C1C=C(Cc2ccccc2)C(=O)c2ccccc21,NRKPHAPQMRHQNY-UHFFFAOYSA-N,1
