target_chembl_id,compound_chembl_id,c_smiles,noiso_InChIKey,active_label
CHEMBL3622,CHEMBL1390,CC(=O)C1(O)CCC2C3CC(C)C4=CC(=O)CCC4(C)C3CCC21C,FRQMUZJSZHZSGN-UHFFFAOYSA-N,1
CHEMBL3622,CHEMBL456807,NNc1ccccc1,HKOOXMFOFWEVGF-UHFFFAOYSA-N,1
CHEMBL3622,CHEMBL894,CC(NC(C)(C)C)C(=O)c1cccc(Cl)c1,SNPPWIUOZRMYNY-UHFFFAOYSA-N,1
CHEMBL3622,CHEMBL4128999,Cc1ccccc1CN1CCc2sccc2C1,MQZTYXPSOUASNZ-UHFFFAOYSA-N,1
CHEMBL3622,CHEMBL3989843,NC1CC1c1ccccc1,AELCINSCMGFISI-UHFFFAOYSA-N,1
CHEMBL3622,CHEMBL147806,CC(C)(C)NCc1ccc(Nc2ccnc3cc(Cl)ccc23)cc1O,ZVMMVSSEAMUNGI-UHFFFAOYSA-N,0
CHEMBL3622,CHEMBL6966,COc1ccc(CCN(C)CCCC(C#N)(c2ccc(OC)c(OC)c2)C(C)C)cc1OC,SGTNSNPWRIOYBX-UHFFFAOYSA-N,0
CHEMBL3622,CHEMBL193,COC(=O)C1=C(C)NC(C)=C(C(=O)OC)C1c1ccccc1[N+](=O)[O-],HYIMSNHJOBLJNT-UHFFFAOYSA-N,1
CHEMBL3622,CHEMBL42,CN1CCN(C2=Nc3cc(Cl)ccc3Nc3ccccc32)CC1,QZUDBNBUXVUHMW-UHFFFAOYSA-N,0
CHEMBL3622,CHEMBL3114713,CC(C)c1nc(CN(C)C(=O)NC(C(=O)NC(CCC(Cc2ccccc2)NC(=O)OCc2cncs2)Cc2ccccc2)C(C)C)cs1,ABUAEJMNHRQEPP-UHFFFAOYSA-N,1
CHEMBL3622,CHEMBL9,CCn1cc(C(=O)O)c(=O)c2cc(F)c(N3CCNCC3)cc21,OGJPXUAPXNRGGI-UHFFFAOYSA-N,0
CHEMBL3622,CHEMBL1451,CC12C=CC(=O)C=C1CCC1C3CC(O)C(O)(C(=O)CO)C3(C)CC(O)C12F,GFNANZIMVAIWHM-UHFFFAOYSA-N,0
CHEMBL3622,CHEMBL64,NNC(=O)c1ccncc1,QRXWMOHMRWLFEY-UHFFFAOYSA-N,1
CHEMBL3622,CHEMBL13,COCCc1ccc(OCC(O)CNC(C)C)cc1,IUBSYMUCCVWXPE-UHFFFAOYSA-N,0
CHEMBL3622,CHEMBL106,OC(Cn1cncn1)(Cn1cncn1)c1ccc(F)cc1F,RFHAOTPXVQNOHP-UHFFFAOYSA-N,1
CHEMBL3622,CHEMBL71,CN(C)CCCN1c2ccccc2Sc2ccc(Cl)cc21,ZPEIMTDSQAKGNT-UHFFFAOYSA-N,0
CHEMBL3622,CHEMBL163,CC(C)c1nc(CN(C)C(=O)NC(C(=O)NC(Cc2ccccc2)CC(O)C(Cc2ccccc2)NC(=O)OCc2cncs2)C(C)C)cs1,NCDNCNXCDXHOMX-UHFFFAOYSA-N,0
CHEMBL3622,CHEMBL364713,COc1ccc2c(c1OC)C(=O)OC2C1c2c(cc3c(c2OC)OCO3)CCN1C,AKNNEGZIBPJZJG-UHFFFAOYSA-N,1
CHEMBL3622,CHEMBL165,Oc1ccc(C=Cc2cc(O)cc(O)c2)cc1,LUKBXSAWLPMMSZ-UHFFFAOYSA-N,1
CHEMBL3622,CHEMBL2079587,CC12Cc3c[nH]nc3CC1CCC1C2CCC2(C)C1CCC2(C)O,LKAJKIOFIWVMDJ-UHFFFAOYSA-N,1
CHEMBL3622,CHEMBL429023,C=C(C)C1Cc2c(ccc3c2OC2COc4cc(OC)c(OC)cc4C2C3=O)O1,JUVIOZPCNVVQFO-UHFFFAOYSA-N,1
CHEMBL3622,CHEMBL445,CNCCC=C1c2ccccc2CCc2ccccc21,PHVGLTMQBUFIQQ-UHFFFAOYSA-N,1
CHEMBL3622,CHEMBL1089,NNCCc1ccccc1,RMUCZJUITONUFY-UHFFFAOYSA-N,1
CHEMBL3622,CHEMBL998,CCOC(=O)N1CCC(=C2c3ccc(Cl)cc3CCc3cccnc32)CC1,JCCNYMKQOSZNPW-UHFFFAOYSA-N,1
CHEMBL3622,CHEMBL19224,COc1ccc(Cc2nccc3cc(OC)c(OC)cc23)cc1OC,XQYZDYMELSJDRZ-UHFFFAOYSA-N,1
CHEMBL3622,CHEMBL61,COc1cc(C2c3cc4c(cc3C(O)C3COC(=O)C23)OCO4)cc(OC)c1OC,YJGVMLPVUAXIQN-UHFFFAOYSA-N,1
CHEMBL3622,CHEMBL496,Oc1c(Cl)cc(Cl)c(Cl)c1Cc1c(O)c(Cl)cc(Cl)c1Cl,ACGUYXCXAPNIKK-UHFFFAOYSA-N,1
CHEMBL3622,CHEMBL104,Clc1ccccc1C(c1ccccc1)(c1ccccc1)n1ccnc1,VNFPBHJOKIVQEB-UHFFFAOYSA-N,1
CHEMBL3622,CHEMBL447955,CC(OC1CCC2CN(C3=CC(=O)CC3)CC2C1c1ccc(F)cc1)c1cc(C(F)(F)F)cc(C(F)(F)F)c1,FLNYCRJBCNNHRH-UHFFFAOYSA-N,0
CHEMBL3622,CHEMBL1064,CCC(C)(C)C(=O)OC1CC(C)C=C2C=CC(C)C(CCC3CC(O)CC(=O)O3)C21,RYMZZMVNJRMUDD-UHFFFAOYSA-N,0
CHEMBL3622,CHEMBL224279,Cc1oc2ccccc2c1C(=O)c1cc(Br)c(O)c(Br)c1,AXXXUMWURVOUSY-UHFFFAOYSA-N,1
CHEMBL3622,CHEMBL413529,CCc1oc2ccccc2c1C(=O)c1cc(Br)c(OC)c(Br)c1,BFNPMHRTUYWBIA-UHFFFAOYSA-N,1
CHEMBL3622,CHEMBL224133,CCc1oc2ccccc2c1C(=O)c1cc(C)c(OC)c(C)c1,OIJBSUIRLBECOE-UHFFFAOYSA-N,1
CHEMBL3622,CHEMBL1648,COC(=O)C1=C(C)NC(C)=C(C(=O)OC(C)C)C1c1cccc2nonc12,HMJIYCCIJYRONP-UHFFFAOYSA-N,0
CHEMBL3622,CHEMBL50,O=c1c(O)c(-c2ccc(O)c(O)c2)oc2cc(O)cc(O)c12,REFJWTPEDVJJIY-UHFFFAOYSA-N,1
CHEMBL3622,CHEMBL1479,C#CC1(O)CCC2C3CCC4=Cc5oncc5CC4(C)C3CCC21C,POZRVZJJTULAOH-UHFFFAOYSA-N,0
CHEMBL3622,CHEMBL41,CNCCC(Oc1ccc(C(F)(F)F)cc1)c1ccccc1,RTHCYVBBDHJXIQ-UHFFFAOYSA-N,1
CHEMBL3622,CHEMBL83,CCC(=C(c1ccccc1)c1ccc(OCCN(C)C)cc1)c1ccccc1,NKANXQFJJICGDU-UHFFFAOYSA-N,0
CHEMBL3622,CHEMBL225481,CCc1oc2ccccc2c1C(=O)c1cc(C)c(O)c(C)c1,QDFXYZHYSUTYPW-UHFFFAOYSA-N,1
CHEMBL3622,CHEMBL385023,NCCCc1cccnc1,CORPZWBVJRCLMW-UHFFFAOYSA-N,0
CHEMBL3622,CHEMBL8,O=C(O)c1cn(C2CC2)c2cc(N3CCNCC3)c(F)cc2c1=O,MYSWGUAQZAJSOK-UHFFFAOYSA-N,0
CHEMBL3622,CHEMBL453384,CC(C)(C)NCc1cc(Nc2ccnc3cc(Cl)ccc23)ccc1F,OKGGBPZMSDNNFA-UHFFFAOYSA-N,0
CHEMBL3622,CHEMBL1314943,CCC1(c2ccc(O)cc2)NC(=O)N(C)C1=O,OQPLORUDZLXXPD-UHFFFAOYSA-N,0
CHEMBL3622,CHEMBL385517,N#CC1CC2CC2N1C(=O)C(N)C12CC3CC(CC(O)(C3)C1)C2,QGJUIPDUBHWZPV-UHFFFAOYSA-N,0
CHEMBL3622,CHEMBL2152522,c1ccc(C(C(c2ccccc2)N2CCCCC2)N2CCCCC2)cc1,MTYFDEYZRYWPAI-UHFFFAOYSA-N,0
CHEMBL3622,CHEMBL25948,CCCCCC=CC(=O)CCc1ccc(O)c(OC)c1,OQWKEEOHDMUXEO-UHFFFAOYSA-N,0
CHEMBL3622,CHEMBL577397,COc1c(-c2ccc3c(c2)OCO3)oc2c(ccc3occc32)c1=O,IGFBIJDAWSAJIF-UHFFFAOYSA-N,0
CHEMBL3622,CHEMBL1771,COC(=O)C(c1ccccc1Cl)N1CCc2sccc2C1,GKTWGGQPFAXNFI-UHFFFAOYSA-N,0
CHEMBL3622,CHEMBL110,O=C(Cn1ccnc1[N+](=O)[O-])NCc1ccccc1,CULUWZNBISUWAS-UHFFFAOYSA-N,0
CHEMBL3622,CHEMBL190461,C=C(C)C1CCC(C)=CC1c1c(O)cc(CCCCC)cc1O,QHMBSVQNZZTUGM-UHFFFAOYSA-N,1
