target_chembl_id,compound_chembl_id,c_smiles,noiso_InChIKey,active_label
CHEMBL5189,CHEMBL260553,CC(C)=CCc1c(O)cc2oc3cc(O)c(O)c(CC=C(C)C)c3c(=O)c2c1O,VEZXFTKZUMARDU-UHFFFAOYSA-N,1
CHEMBL5189,CHEMBL478960,C=CC(C)(C)c1c2c(c(O)c3c(=O)c4ccc(O)c(O)c4oc13)C=CC(C)(C)O2,XRVLGJCHUWXTDX-UHFFFAOYSA-N,1
CHEMBL5189,CHEMBL151,O=c1cc(-c2ccc(O)c(O)c2)oc2cc(O)cc(O)c12,IQPNAANSBPBGFQ-UHFFFAOYSA-N,1
CHEMBL5189,CHEMBL596258,CC1OC(Oc2cc(O)c3c(=O)c(O)c(-c4ccc(O)cc4)oc3c2O)C(O)C(O)C1O,CIAXXTSXVCLEJK-UHFFFAOYSA-N,0
CHEMBL5189,CHEMBL462879,COc1c(O)cc2oc3cc(O)c(CC=C(C)C)c(O)c3c(=O)c2c1CCC(C)(C)O,TYALNCRUIKOKGP-UHFFFAOYSA-N,1
CHEMBL5189,CHEMBL226335,CC1OC(OCC2OC(Oc3c(-c4ccc(O)c(O)c4)oc4cc(O)cc(O)c4c3=O)C(O)C(O)C2O)C(O)C(O)C1O,IKGXIBQEEMLURG-UHFFFAOYSA-N,0
CHEMBL5189,CHEMBL454849,COc1ccc2c(c1CC=C(C)C)OC1c3ccc(O)cc3OCC21O,ZHPYEBFYLDGZKF-UHFFFAOYSA-N,1
CHEMBL5189,CHEMBL1096407,CC(C)=CCc1cc2c(cc1O)OCC1c3ccc(O)cc3OC21,CYXCYFYWIZXENQ-UHFFFAOYSA-N,1
CHEMBL5189,CHEMBL1097045,COc1ccc2c3c(oc2c1CC=C(C)C)-c1ccc(O)cc1OC3,BYZVMAQRPFEPSV-UHFFFAOYSA-N,1
CHEMBL5189,CHEMBL1098413,Oc1ccc2c(c1)OC1c3ccc(O)cc3OCC21,ODMIEGVTNZNSLD-UHFFFAOYSA-N,1
CHEMBL5189,CHEMBL455372,CC(C)=CCc1cc2c(cc1O)OCC1c3ccc(O)c(CC=C(C)C)c3OC21,LDKAMVCGTURXMH-UHFFFAOYSA-N,1
CHEMBL5189,CHEMBL480158,CC(C)=CCCC(C)=CCc1c(O)cc2oc3c(O)ccc(O)c3c(=O)c2c1O,TWEXJIOSYZXWGT-UHFFFAOYSA-N,1
CHEMBL5189,CHEMBL401566,COc1c(CC=C(C)C)c(O)cc2c1C1Oc3c(ccc(O)c3CC=C(C)C)C1CO2,SHSISVOIQZYVQR-UHFFFAOYSA-N,1
CHEMBL5189,CHEMBL1835792,CC(C)=CCc1cc2c(cc1O)OCC1c3cc(C)c(O)c(CC=C(C)C)c3OC21,RBWZJDQLHCNCDG-UHFFFAOYSA-N,1
CHEMBL5189,CHEMBL261706,COc1cc2oc3cc(O)c(OC)c(CC=C(C)C)c3c(=O)c2c(O)c1CC=C(C)C,YRKKJHJIWCRNCW-UHFFFAOYSA-N,0
CHEMBL5189,CHEMBL488606,CC(C)=CCc1c(O)c(CC=C(C)C)c2oc3c(O)cccc3c(=O)c2c1O,GVQOVMKBYJKZSY-UHFFFAOYSA-N,0
CHEMBL5189,CHEMBL1224332,COc1cc2oc3c(O)cccc3c(=O)c2c(O)c1CC=C(C)C,INFMYEMPDJIILH-UHFFFAOYSA-N,0
CHEMBL5189,CHEMBL1835717,COc1cc(O)c(CC=C(C)CCC=C(C)C)c2c1C1Oc3cc(O)ccc3C1CO2,KQOZBCGTGONGDN-UHFFFAOYSA-N,1
CHEMBL5189,CHEMBL1835715,COc1c(CC=C(C)C)c(O)cc2c1C1Oc3c(cc(C)c(O)c3CC=C(C)C)C1CO2,KDEQNCVCQDEWGJ-UHFFFAOYSA-N,1
CHEMBL5189,CHEMBL487992,CC(C)=CCc1c(O)c(CC=C(C)C)c2oc3c(O)ccc(O)c3c(=O)c2c1O,OJXQLGQIDIPMTE-UHFFFAOYSA-N,1
CHEMBL5189,CHEMBL1835716,CC(C)=CCCC(C)=CCc1cc2c(cc1O)OCC1c3cc(C)c(O)c(CC=C(C)C)c3OC21,HIFJVFRJNUZYGI-UHFFFAOYSA-N,1
CHEMBL5189,CHEMBL233930,O=c1c(OC2OC(CO)C(O)C(O)C2O)c(-c2ccc(O)cc2)oc2cc(O)cc(O)c12,JPUKWEQWGBDDQB-UHFFFAOYSA-N,0
CHEMBL5189,CHEMBL464825,O=c1c2cc(O)c(O)cc2oc2cc(O)c(C3OC(CO)C(O)C(O)C3O)c(O)c12,AEDDIBAIWPIIBD-UHFFFAOYSA-N,0
CHEMBL5189,CHEMBL611029,O=c1c(O)c(-c2ccc(O)cc2)oc2c(O)c(O)cc(O)c12,ZDOTZEDNGNPOEW-UHFFFAOYSA-N,1
CHEMBL5189,CHEMBL498879,CC1OC(OCC2OC(Oc3c(-c4ccc(O)cc4)oc4cc(O)cc(O)c4c3=O)C(O)C(O)C2O)C(O)C(O)C1O,RTATXGUCZHCSNG-UHFFFAOYSA-N,0
CHEMBL5189,CHEMBL28,O=c1cc(-c2ccc(O)cc2)oc2cc(O)cc(O)c12,KZNIFHPLKGYRTM-UHFFFAOYSA-N,0
CHEMBL5189,CHEMBL487017,O=c1cc(-c2ccc(O)cc2)oc2cc(OC3OC(CO)C(O)C(O)C3O)cc(O)c12,KMOUJOKENFFTPU-UHFFFAOYSA-N,0
CHEMBL5189,CHEMBL253570,O=c1c(O)c(-c2ccc(O)c(O)c2)oc2c(O)c(O)cc(O)c12,YRRAGUMVDQQZIY-UHFFFAOYSA-N,1
CHEMBL5189,CHEMBL150,O=c1c(O)c(-c2ccc(O)cc2)oc2cc(O)cc(O)c12,IYRMWMYZSQPJKC-UHFFFAOYSA-N,1
CHEMBL5189,CHEMBL2442950,CC(C)=CCc1cc(-c2coc3cc(O)cc(O)c3c2=O)c(CC=C(C)C)c(O)c1O,RWGZXUWGOARVDQ-UHFFFAOYSA-N,1
CHEMBL5189,CHEMBL2442951,CC(C)=CCc1c(-c2coc3cc(O)cc(O)c3c2=O)cc2c(c1O)OC(C)(C)C=C2,MXRSYAGBZPTIHM-UHFFFAOYSA-N,0
CHEMBL5189,CHEMBL2442947,CC(C)=CCc1c(O)c(CC=C(C)C)c2occ(-c3ccc(O)c(O)c3)c(=O)c2c1O,OAUIRSVJXOFAOO-UHFFFAOYSA-N,1
CHEMBL5189,CHEMBL494252,CC(C)=CCc1c(O)c(CC=C(C)C)c2occ(-c3ccc(O)cc3)c(=O)c2c1O,UCHYSPNEUSDFQR-UHFFFAOYSA-N,1
CHEMBL5189,CHEMBL238188,CC(C)=CCc1c2c(c3occ(-c4ccc(O)cc4)c(=O)c3c1O)C=CC(C)(C)O2,DCTLJGWMHPGCOS-UHFFFAOYSA-N,1
CHEMBL5189,CHEMBL44,O=c1c(-c2ccc(O)cc2)coc2cc(O)cc(O)c12,TZBJGXHYKVUXJN-UHFFFAOYSA-N,0
CHEMBL5189,CHEMBL111857,CCCNC1C=C(C(=O)O)CC(N)C1NC(C)=O,FNCJWVGYTHJBEJ-UHFFFAOYSA-N,1
CHEMBL5189,CHEMBL1229,CCOC(=O)C1=CC(OC(CC)CC)C(NC(C)=O)C(N)C1,VSZGPKBBMSAYNT-UHFFFAOYSA-N,0
CHEMBL5189,CHEMBL674,CCC(CC)OC1C=C(C(=O)O)CC(N)C1NC(C)=O,NENPYTRHICXVCS-UHFFFAOYSA-N,1
CHEMBL5189,CHEMBL3220444,CCC(C)OC1C=C(C(=O)O)CC(N)C1NC(C)=O,SNPFQPYAZIIERE-UHFFFAOYSA-N,1
CHEMBL5189,CHEMBL79524,CC(=O)NC1C(N)CC(C(=O)O)=CC1OCC(C)C,HESMZQCHCXNOIK-UHFFFAOYSA-N,1
CHEMBL5189,CHEMBL3220446,CC(=O)NC1C(N)CC(C(=O)O)=CC1OC(C)C,ANOPVQJRFFHSAA-UHFFFAOYSA-N,1
CHEMBL5189,CHEMBL139702,C=CC(C)(C)c1cc(C=CC(=O)c2ccc(O)cc2)c(OC)cc1O,KAZSKMJFUPEHHW-UHFFFAOYSA-N,0
CHEMBL5189,CHEMBL129795,O=C(C=Cc1ccc(O)cc1)c1ccc(O)cc1O,DXDRHHKMWQZJHT-UHFFFAOYSA-N,0
CHEMBL5189,CHEMBL141530,COc1cc(O)ccc1C=CC(=O)c1ccc(O)cc1,QJKMIJNRNRLQSS-UHFFFAOYSA-N,0
CHEMBL5189,CHEMBL229885,CC(C)=CCc1cc(C=CC(=O)c2ccc(O)cc2O)ccc1O,TVUGLERLRIQATC-UHFFFAOYSA-N,1
CHEMBL5189,CHEMBL1644933,CC(C)=CCc1cc(C=CC(=O)c2ccc(O)c(CC=C(C)C)c2O)ccc1O,CBGDCCSHOGQUSW-UHFFFAOYSA-N,1
CHEMBL5189,CHEMBL1644931,C=CC(C)(C)c1cc(C=CC(=O)c2ccc(O)cc2O)c(OC)cc1O,UYRRMZSSCNIGNC-UHFFFAOYSA-N,1
CHEMBL5189,CHEMBL1644932,COc1c(C=CC(=O)c2ccc(O)c(CC=C(C)C)c2)ccc(O)c1O,RETRVWFVEFCGOK-UHFFFAOYSA-N,1
