target_chembl_id,compound_chembl_id,c_smiles,noiso_InChIKey,active_label
CHEMBL205,CHEMBL454808,O=C(O)c1c(O)cccc1O,AKEUNCKRJATALU-UHFFFAOYSA-N,1
CHEMBL205,CHEMBL375927,COc1cc(CC(C)C(C)Cc2ccc(O)c(OC)c2)ccc1O,ADFOLUXMYYCTRR-UHFFFAOYSA-N,0
CHEMBL205,CHEMBL447310,NC(=O)Cc1ccc(O)cc1,YBPAYPRLUDCSEY-UHFFFAOYSA-N,1
CHEMBL205,CHEMBL146816,COC(=O)C=Cc1ccc(O)cc1,NITWSHWHQAQBAW-UHFFFAOYSA-N,1
CHEMBL205,CHEMBL325372,COC(=O)c1ccc(O)cc1,LXCFILQKKLGQFO-UHFFFAOYSA-N,1
CHEMBL205,CHEMBL486026,COC(=O)c1ccc(O)cc1O,IIFCLXHRIYTHPV-UHFFFAOYSA-N,1
CHEMBL205,CHEMBL53566,OCCc1ccc(O)cc1,YCCILVSKPBXVIP-UHFFFAOYSA-N,1
CHEMBL205,CHEMBL14060,Oc1ccccc1,ISWSIDIOOBJBQZ-UHFFFAOYSA-N,1
CHEMBL205,CHEMBL449635,COc1ccc(C(N)=O)cc1,GUCPYIYFQVTFSI-UHFFFAOYSA-N,1
CHEMBL205,CHEMBL486027,COC(=O)c1ccc(O)c(O)c1,CUFLZUDASVUNOE-UHFFFAOYSA-N,1
CHEMBL205,CHEMBL1762668,COC(=O)c1ccc(OC)cc1,DDIZAANNODHTRB-UHFFFAOYSA-N,1
CHEMBL205,CHEMBL1978880,COC(=O)c1cc(O)ccc1O,XGDPKUKRQHHZTH-UHFFFAOYSA-N,1
CHEMBL205,CHEMBL70020,Nc1c(Cl)cc(S(N)(=O)=O)cc1Cl,DVZMRTJKNJKEGV-UHFFFAOYSA-N,1
CHEMBL205,CHEMBL592140,NC(=O)Cc1ccc(O)c(Cl)c1,ORFVLZDPZCEXSD-UHFFFAOYSA-N,0
CHEMBL205,CHEMBL306195,Nc1c(Br)cc(S(N)(=O)=O)cc1Br,DLXJPWSYRLLYSV-UHFFFAOYSA-N,1
CHEMBL205,CHEMBL1169,Nc1ccc(C(=O)O)c(O)c1,WUBBRNOQWQTFEX-UHFFFAOYSA-N,0
CHEMBL205,CHEMBL303648,Nc1c(F)cc(S(N)(=O)=O)cc1Br,GKYQTYGVQVABPW-UHFFFAOYSA-N,1
CHEMBL205,CHEMBL170988,N=C(N)NC(=N)NCCc1ccccc1,ICFJFFQQTFMIBG-UHFFFAOYSA-N,0
CHEMBL205,CHEMBL810,Cn1nnc2c(C(N)=O)ncn2c1=O,BPEGJWRSRHCHSN-UHFFFAOYSA-N,0
CHEMBL205,CHEMBL4175740,NC(=O)c1cc(S(N)(=O)=O)c(Cl)cc1Cl,IPRGYSAYIGOGMN-UHFFFAOYSA-N,1
CHEMBL205,CHEMBL276915,O=c1cc(-c2ccccc2)oc2cc(O)ccc12,MQGPSCMMNJKMHQ-UHFFFAOYSA-N,1
CHEMBL205,CHEMBL275638,O=c1cc(-c2ccccc2)oc2ccccc12,VHBFFQKBGNRLFZ-UHFFFAOYSA-N,1
CHEMBL205,CHEMBL2019155,Oc1ccc(C=Cc2cc(O)cc(O)c2)cc1,LUKBXSAWLPMMSZ-UHFFFAOYSA-N,1
CHEMBL205,CHEMBL220492,CC1(C)OC2COC3(COS(N)(=O)=O)OC(C)(C)OC3C2O1,KJADKKWYZYXHBB-UHFFFAOYSA-N,1
CHEMBL205,CHEMBL144006,NC(=O)CC(N=C(S)Nc1ccc(S(N)(=O)=O)cc1)C(=O)O,ODCTUBPUHXFKPX-UHFFFAOYSA-N,1
CHEMBL205,CHEMBL151,O=c1cc(-c2ccc(O)c(O)c2)oc2cc(O)cc(O)c12,IQPNAANSBPBGFQ-UHFFFAOYSA-N,1
CHEMBL205,CHEMBL2262641,CC1OC(Oc2c(-c3ccc(O)c(O)c3)oc3cc(O)cc(O)c3c2=O)C(O)C(O)C1O,OXGUCUVFOIWWQJ-UHFFFAOYSA-N,1
CHEMBL205,CHEMBL233930,O=c1c(OC2OC(CO)C(O)C(O)C2O)c(-c2ccc(O)cc2)oc2cc(O)cc(O)c12,JPUKWEQWGBDDQB-UHFFFAOYSA-N,1
CHEMBL205,CHEMBL24147,Oc1cccc(O)c1,GHMLBKRAJCXXBS-UHFFFAOYSA-N,1
CHEMBL205,CHEMBL3628129,O=C(C=Cc1ccc(O)cc1)OCC1OC(Oc2c(-c3ccc(O)cc3)oc3cc(O)cc(O)c3c2=O)C(OC(=O)C=Cc2ccc(O)cc2)C(O)C1O,YXXQUJGFZPLXJV-UHFFFAOYSA-N,1
CHEMBL205,CHEMBL11470,Cn1ccc(=O)n(C)c1=O,JSDBKAHWADVXFU-UHFFFAOYSA-N,0
CHEMBL205,CHEMBL83294,O=C(O)c1cc2ccccc2oc1=O,ACMLKANOGIVEPB-UHFFFAOYSA-N,0
CHEMBL205,CHEMBL12567,COc1ccc2c(C(=O)O)cc(=O)oc2c1,IHHLDCASADSHEG-UHFFFAOYSA-N,0
CHEMBL205,CHEMBL902,NC(N)=Nc1nc(CSCCC(N)=NS(N)(=O)=O)cs1,XUFQPHANEAPEMJ-UHFFFAOYSA-N,1
CHEMBL205,CHEMBL941,Cc1ccc(NC(=O)c2ccc(CN3CCN(C)CC3)cc2)cc1Nc1nccc(-c2cccnc2)n1,KTUFNOKKBVMGRW-UHFFFAOYSA-N,1
CHEMBL205,CHEMBL145256,NS(=O)(=O)c1ccc(NC(S)=Nc2ccc(C(=O)O)cc2)cc1,JOCZIEBABSKQNG-UHFFFAOYSA-N,1
CHEMBL205,CHEMBL95770,COc1ccc(C=CC(=O)O)cc1,AFDXODALSZRGIH-UHFFFAOYSA-N,0
CHEMBL205,CHEMBL571738,O=c1ccc2cc(CO)ccc2o1,BPTGMUVORRVIEP-UHFFFAOYSA-N,0
CHEMBL205,CHEMBL49732,COc1ccc2ccc(=O)oc2c1,LIIALPBMIOVAHH-UHFFFAOYSA-N,0
CHEMBL205,CHEMBL457077,O=C(C=Cc1ccc(O)c(O)c1C=Cc1ccc(O)c(O)c1)OC(Cc1ccc(O)c(O)c1)C(=O)O,YMGFTDKNIWPMGF-UHFFFAOYSA-N,1
CHEMBL205,CHEMBL3628130,CC(=O)OC1C(COC(=O)C=Cc2ccc(O)cc2)OC(Oc2c(-c3ccc(O)cc3)oc3cc(O)cc(O)c3c2=O)C(OC(=O)C=Cc2ccc(O)cc2)C1OC(C)=O,IFLHDGGEJKVLAF-UHFFFAOYSA-N,1
CHEMBL205,CHEMBL448399,Cc1cccc(C(=O)O)c1O,WHSXTWFYRGOBGO-UHFFFAOYSA-N,0
CHEMBL205,CHEMBL250450,O=c1c(OC2OC(CO)C(O)C(O)C2O)c(-c2ccc(O)c(O)c2)oc2cc(O)cc(O)c12,OVSQVDMCBVZWGM-UHFFFAOYSA-N,1
CHEMBL205,CHEMBL191528,CCOc1ccc2ccc(=O)oc2c1,LIFAQMGORKPVDH-UHFFFAOYSA-N,0
CHEMBL205,CHEMBL122708,CC12CCC3c4ccc(OS(N)(=O)=O)cc4CCC3C1CCC2=O,RVKFQAJIXCZXQY-UHFFFAOYSA-N,1
CHEMBL205,CHEMBL1375,O=C(O)c1cc(Cl)ccc1O,NKBASRXWGAGQDP-UHFFFAOYSA-N,1
CHEMBL205,CHEMBL150,O=c1c(O)c(-c2ccc(O)cc2)oc2cc(O)cc(O)c12,IYRMWMYZSQPJKC-UHFFFAOYSA-N,1
CHEMBL205,CHEMBL687,CC(=O)Nc1ccc(S(N)(=O)=O)cc1,PKOFBDHYTMYVGJ-UHFFFAOYSA-N,1
CHEMBL205,CHEMBL1288594,COc1ccc2ccc(=O)oc2c1C(C)=O,OTYBDEHZHXKGBO-UHFFFAOYSA-N,0
CHEMBL205,CHEMBL4079998,Nc1ccc(O)c(Cl)c1,ZYZQSCWSPFLAFM-UHFFFAOYSA-N,0
CHEMBL205,CHEMBL1288558,COc1cc2oc(=O)ccc2cc1C(C)=O,QDWMZGNQFSIPKO-UHFFFAOYSA-N,0
CHEMBL205,CHEMBL1288559,CCOc1cc2oc(=O)ccc2cc1C(C)=O,YPWNHEXIUIFWSP-UHFFFAOYSA-N,0
CHEMBL205,CHEMBL67676,CNC(=O)c1ccc(S(N)(=O)=O)cc1,CTDFBRMMEMHBEO-UHFFFAOYSA-N,1
CHEMBL205,CHEMBL268809,NS(=O)(=O)c1cccc2cccnc12,ZTYZEUXZHGOXRT-UHFFFAOYSA-N,1
CHEMBL205,CHEMBL590825,NS(=O)(=O)c1cc(C(=O)O)c(Cl)cc1Cl,ZSHHRBYVHTVRFK-UHFFFAOYSA-N,1
CHEMBL205,CHEMBL3092389,Oc1ccc(O)c(O)c1,GGNQRNBDZQJCCN-UHFFFAOYSA-N,0
CHEMBL205,CHEMBL280998,Oc1ccccc1O,YCIMNLLNPGFGHC-UHFFFAOYSA-N,1
CHEMBL205,CHEMBL294009,O=c1c(O)c(-c2ccccc2)oc2ccccc12,HVQAJTFOCKOKIN-UHFFFAOYSA-N,1
CHEMBL205,CHEMBL446518,CC(=O)c1c(O)ccc2ccc(=O)oc12,XWYMACPLPPQCHC-UHFFFAOYSA-N,0
CHEMBL205,CHEMBL2164730,NS(=O)(=O)NCc1ccc(S(N)(=O)=O)cc1,WEYGZQQLPVXLMS-UHFFFAOYSA-N,1
CHEMBL205,CHEMBL67797,NC(=O)c1ccc(S(N)(=O)=O)cc1,MWFFIRCXGDGFQB-UHFFFAOYSA-N,1
CHEMBL205,CHEMBL1288534,CC(=O)c1cc2ccc(=O)oc2cc1O,MYJIZBGGFRMXEM-UHFFFAOYSA-N,0
CHEMBL205,CHEMBL1142,Nc1ccc(O)cc1,PLIKAWJENQZMHA-UHFFFAOYSA-N,0
CHEMBL205,CHEMBL441343,O=C(O)c1ccc(O)cc1,FJKROLUGYXJWQN-UHFFFAOYSA-N,1
CHEMBL205,CHEMBL23832,O=C(O)c1ccccc1Nc1ccccc1,ZWJINEZUASEZBH-UHFFFAOYSA-N,1
CHEMBL205,CHEMBL2164729,NS(=O)(=O)Nc1ccc(S(N)(=O)=O)cc1,VORWCQRDADUXEU-UHFFFAOYSA-N,1
CHEMBL205,CHEMBL116438,COc1cc(C=CC(=O)C=C(O)C=Cc2ccc(O)c(OC)c2)ccc1O,ZIUSSTSXXLLKKK-UHFFFAOYSA-N,1
CHEMBL205,CHEMBL1946184,NS(=O)(=O)c1ccccc1Br,YSFGGXNLZUSHHS-UHFFFAOYSA-N,1
CHEMBL205,CHEMBL537,Oc1ccc(O)cc1,QIGBRXMKCJKVMJ-UHFFFAOYSA-N,1
CHEMBL205,CHEMBL1288595,CCOc1ccc2ccc(=O)oc2c1C(C)=O,KWMPAFCHEJYQEQ-UHFFFAOYSA-N,0
CHEMBL205,CHEMBL206452,Oc1cc(O)c2c(c1)OC(c1ccc(O)c(O)c1)C(O)C2,PFTAWBLQPZVEMU-UHFFFAOYSA-N,1
CHEMBL205,CHEMBL224292,NS(=O)(=O)c1ccc(O)cc1,DIRCLGLKRZLKHG-UHFFFAOYSA-N,1
CHEMBL205,CHEMBL430810,Nc1c(Cl)cc(S(N)(=O)=O)cc1Br,YJUGISJKPREUNY-UHFFFAOYSA-N,1
CHEMBL205,CHEMBL590883,COc1cc(CO)cc2oc3ccc(O)c(C(=O)O)c3c(=O)c12,WKVDGQDBUCFWBJ-UHFFFAOYSA-N,1
CHEMBL205,CHEMBL310671,O=C1NS(=O)(=O)c2ccccc21,CVHZOJJKTDOEJC-UHFFFAOYSA-N,1
CHEMBL205,CHEMBL486218,COC(=O)c1cc(O)cc(O)c1,RNVFYQUEEMZKLR-UHFFFAOYSA-N,1
CHEMBL205,CHEMBL2333586,COC(=O)c1c(O)cccc1O,WCQZCKUNZVMBDC-UHFFFAOYSA-N,1
CHEMBL205,CHEMBL897,CCCN(CCC)S(=O)(=O)c1ccc(C(=O)O)cc1,DBABZHXKTCFAPX-UHFFFAOYSA-N,1
CHEMBL205,CHEMBL307145,Oc1cccc(O)c1O,WQGWDDDVZFFDIG-UHFFFAOYSA-N,1
CHEMBL205,CHEMBL21932,COc1ccc(C(=O)O)cc1,ZEYHEAKUIGZSGI-UHFFFAOYSA-N,1
CHEMBL205,CHEMBL269755,Nc1cccc(O)c1,CWLKGDAVCFYWJK-UHFFFAOYSA-N,1
CHEMBL205,CHEMBL2324868,NS(=O)(=O)c1cccc(S(N)(=O)=O)c1,HUYYFHGIHVULSU-UHFFFAOYSA-N,1
CHEMBL205,CHEMBL12208,Cc1cc(=O)oc2cc(O)ccc12,HSHNITRMYYLLCV-UHFFFAOYSA-N,0
CHEMBL205,CHEMBL486216,CCOC(=O)c1ccc(O)c(O)c1,KBPUBCVJHFXPOC-UHFFFAOYSA-N,1
CHEMBL205,CHEMBL70873,Nc1c(F)cc(S(N)(=O)=O)cc1Cl,XFMRTCFRRBAJHW-UHFFFAOYSA-N,1
CHEMBL205,CHEMBL301141,O=c1cc(O)c2ccccc2o1,VXIXUWQIVKSKSA-UHFFFAOYSA-N,0
CHEMBL205,CHEMBL2333962,CC(C)OC(=O)c1ccc(O)cc1,CMHMMKSPYOOVGI-UHFFFAOYSA-N,1
CHEMBL205,CHEMBL15841,CCOC(=O)c1ccc(O)cc1,NUVBSKCKDOMJSU-UHFFFAOYSA-N,1
CHEMBL205,CHEMBL266540,O=c1[nH]cnc2ccccc12,QMNUDYFKZYBWQX-UHFFFAOYSA-N,0
CHEMBL205,CHEMBL406,CC1Cc2ccccc2N1NC(=O)c1ccc(Cl)c(S(N)(=O)=O)c1,NDDAHWYSQHTHNT-UHFFFAOYSA-N,1
CHEMBL205,CHEMBL1772,O=C(O)Cc1ccc(O)cc1,XQXPVVBIMDBYFF-UHFFFAOYSA-N,1
CHEMBL205,CHEMBL2324869,NS(=O)(=O)c1cc(Cl)cc(Cl)c1O,ZJLNEJARVJZSHY-UHFFFAOYSA-N,1
CHEMBL205,CHEMBL25,CC(=O)Oc1ccccc1C(=O)O,BSYNRYMUTXBXSQ-UHFFFAOYSA-N,0
CHEMBL205,CHEMBL2333959,Nc1cc(O)ccc1Cl,FWUALUHYKLDYAN-UHFFFAOYSA-N,1
CHEMBL205,CHEMBL328910,O=C(O)c1ccc(O)cc1O,UIAFKZKHHVMJGS-UHFFFAOYSA-N,1
CHEMBL205,CHEMBL421646,O=c1[nH]c(=O)c2ccccc2[nH]1,SDQJTWBNWQABLE-UHFFFAOYSA-N,0
CHEMBL205,CHEMBL592384,COc1cc(C)cc2oc3ccc(O)c(C(=O)O)c3c(=O)c12,BQOVQGSBHRLTFG-UHFFFAOYSA-N,1
CHEMBL205,CHEMBL2074640,CCOC(=O)C=Cc1ccc(O)cc1,ZOQCEVXVQCPESC-UHFFFAOYSA-N,1
CHEMBL205,CHEMBL421,O=C(O)c1cc(N=Nc2ccc(S(=O)(=O)Nc3ccccn3)cc2)ccc1O,NCEXYHBECQHGNR-UHFFFAOYSA-N,1
CHEMBL205,CHEMBL3120743,Nc1cccnc1Nc1ccc(S(N)(=O)=O)cc1,FOQMMQGYNDRZCQ-UHFFFAOYSA-N,1
CHEMBL205,CHEMBL35,NS(=O)(=O)c1cc(C(=O)O)c(NCc2ccco2)cc1Cl,ZZUFCTLCJUWOSV-UHFFFAOYSA-N,1
CHEMBL205,CHEMBL215916,NS(=O)(=O)c1cc2c(cc1S)NCNS2(=O)=O,GODDFNDSOAANHO-UHFFFAOYSA-N,1
CHEMBL205,CHEMBL23922,NS(=O)(=O)c1ccc(NS(=O)(=O)c2ccc(F)cc2)cc1,USGGSIVMQBZIHX-UHFFFAOYSA-N,1
CHEMBL205,CHEMBL259068,Oc1cc(F)cc(F)c1,HJSSBIMVTMYKPD-UHFFFAOYSA-N,0
CHEMBL205,CHEMBL1356,O=C([O-])c1ccccc1,WPYMKLBDIGXBTP-UHFFFAOYSA-M,0
CHEMBL205,CHEMBL1335,O=C1NC(=O)C(c2ccccc2)O1,SBYYYVAMWBVIIX-UHFFFAOYSA-N,1
CHEMBL205,CHEMBL402794,CCCCC(CC)COC(=O)c1ccccc1C(=O)OCC(CC)CCCC,BJQHLKABXJIVAM-UHFFFAOYSA-N,0
CHEMBL205,CHEMBL1668603,COc1ccccc1OC,ABDKAPXRBAPSQN-UHFFFAOYSA-N,1
CHEMBL205,CHEMBL4209613,NS(=O)(=O)c1ccc(NC(=S)Nc2ccc(F)cc2)cc1,VUDOFEJVAFMLEC-UHFFFAOYSA-N,1
CHEMBL205,CHEMBL15844,c1ccc2[nH]ccc2c1,SIKJAQJRHWYJAI-UHFFFAOYSA-N,0
CHEMBL205,CHEMBL1914996,O=C1NC(=O)C(Cc2ccccc2)N1,DBOMTIHROGSFTI-UHFFFAOYSA-N,0
CHEMBL205,CHEMBL595,CCc1ccc(CCOc2ccc(CC3SC(=O)NC3=O)cc2)nc1,HYAFETHFCAUJAY-UHFFFAOYSA-N,1
CHEMBL205,CHEMBL3764182,NS(=O)(=O)c1ccc(-c2ccccc2)cc1,JVFCCRJSBNUDDU-UHFFFAOYSA-N,1
CHEMBL205,CHEMBL121,CN(CCOc1ccc(CC2SC(=O)NC2=O)cc1)c1ccccn1,YASAKCUCGLMORW-UHFFFAOYSA-N,1
CHEMBL205,CHEMBL156406,O=C1NC(=O)C(c2ccccc2)N1,NXQJDVBMMRCKQG-UHFFFAOYSA-N,0
CHEMBL205,CHEMBL104,Clc1ccccc1C(c1ccccc1)(c1ccccc1)n1ccnc1,VNFPBHJOKIVQEB-UHFFFAOYSA-N,0
CHEMBL205,CHEMBL146,Cc1cc(C(C)(C)C)c(O)c(C(C)(C)C)c1,NLZUEZXRPGMBCV-UHFFFAOYSA-N,1
CHEMBL205,CHEMBL1668605,COc1ccc(OC)c(OC)c1,AGIQIOSHSMJYJP-UHFFFAOYSA-N,1
CHEMBL205,CHEMBL2334354,COc1cc2c(=O)oc3c(OC)c(OC)cc4c(=O)oc(c1O)c2c34,NDXSDWFOYZXARW-UHFFFAOYSA-N,0
CHEMBL205,CHEMBL457076,COc1cc(C=CC(=O)OCc2ccccc2)ccc1O,DZAPHTCUSDTZAT-UHFFFAOYSA-N,0
CHEMBL205,CHEMBL68590,CC(=O)Nc1ccc(OS(N)(=O)=O)cc1,ALXUQOFCHVUEPV-UHFFFAOYSA-N,1
CHEMBL205,CHEMBL1934663,O=c1cccco1,ZPSJGADGUYYRKE-UHFFFAOYSA-N,0
CHEMBL205,CHEMBL37537,O=C(O)c1ccc(O)c(O)c1,YQUVCSBJEUQKSH-UHFFFAOYSA-N,1
CHEMBL205,CHEMBL6946,Nc1ccc(S(=O)(=O)Nc2ccccc2S(N)(=O)=O)cc1,MTYAYRDXCSXATC-UHFFFAOYSA-N,1
CHEMBL205,CHEMBL54909,COc1cc2ccc(=O)oc2c(O)c1O,HAVWRBANWNTOJX-UHFFFAOYSA-N,0
CHEMBL205,CHEMBL6648,NS(=O)(=O)c1cccc2ccccc12,ZFIFHAKCBWOSRN-UHFFFAOYSA-N,1
CHEMBL205,CHEMBL288114,O=C(O)c1cc(O)c(O)c(O)c1,LNTHITQWFMADLM-UHFFFAOYSA-N,1
CHEMBL205,CHEMBL1668604,COc1ccc(OC)cc1,OHBQPCCCRFSCAX-UHFFFAOYSA-N,1
CHEMBL205,CHEMBL166223,O=C1C=CCO1,VIHAEDVKXSOUAT-UHFFFAOYSA-N,0
CHEMBL205,CHEMBL52564,O=C(O)C=Cc1ccccc1O,PMOWTIHVNWZYFI-UHFFFAOYSA-N,1
CHEMBL205,CHEMBL26915,COc1ccc(-n2nc(C(F)(F)F)cc2-c2ccc(Cl)cc2)cc1,PQUGCKBLVKJMNT-UHFFFAOYSA-N,0
CHEMBL205,CHEMBL481245,COc1cc(C=CC(=O)OCCc2ccc(O)cc2)ccc1O,JMSFLLZUCIXALN-UHFFFAOYSA-N,0
CHEMBL205,CHEMBL479462,COc1cc2oc(=O)ccc2c2c1C=CC(C)(C)O2,WTBVBNPZXAQTHI-UHFFFAOYSA-N,0
CHEMBL205,CHEMBL258230,COc1c2c(c3ccc(=O)oc3c1C=CC(C)(C)O)OC(C)(C)C=C2,AXYRILDCSATJFU-UHFFFAOYSA-N,0
CHEMBL205,CHEMBL13766,COc1ccccc1O,LHGVFZTZFXWLCP-UHFFFAOYSA-N,1
CHEMBL205,CHEMBL2334350,COc1c2c(c(OC)c3oc(=O)ccc13)OC(C)(C)C=C2,QZUNAFWZEXJWGD-UHFFFAOYSA-N,0
CHEMBL205,CHEMBL452383,O=C1CCCCO1,OZJPLYNZGCXSJM-UHFFFAOYSA-N,0
CHEMBL205,CHEMBL596221,COc1cc(OC)c2ccc(=O)oc2c1OC,MSFXSDYNQKVMTJ-UHFFFAOYSA-N,1
CHEMBL205,CHEMBL1095574,O=C(C=Cc1ccc(O)cc1)OCc1ccccc1,RGZZCZQQPNJCPO-UHFFFAOYSA-N,0
CHEMBL205,CHEMBL372284,Cc1cc(C)oc(=O)c1,IXYLIUKQQQXXON-UHFFFAOYSA-N,0
CHEMBL205,CHEMBL3628211,O=C(C=Cc1ccc(O)cc1)OCCc1ccc(O)cc1,ZCFLGZLKECDZFW-UHFFFAOYSA-N,0
CHEMBL205,CHEMBL50,O=c1c(O)c(-c2ccc(O)c(O)c2)oc2cc(O)cc(O)c12,REFJWTPEDVJJIY-UHFFFAOYSA-N,1
CHEMBL205,CHEMBL71851,COc1cc2ccc(=O)oc2cc1O,RODXRVNMMDRFIK-UHFFFAOYSA-N,0
CHEMBL205,CHEMBL195593,CC1CCC(=O)O1,GAEKPEKOJKCEMS-UHFFFAOYSA-N,0
CHEMBL205,CHEMBL30106,Cc1cccc(C)c1O,NXXYKOUNUYWIHA-UHFFFAOYSA-N,0
CHEMBL205,CHEMBL7121,CCCc1cc(=O)oc2c3c(c4c(c12)OC(C)(C)C=C4)OC(C)C(C)C3O,NIDRYBLTWYFCFV-UHFFFAOYSA-N,0
CHEMBL205,CHEMBL293864,COc1cc2ccc(=O)oc2c(OC2OC(CO)C(O)C(O)C2O)c1O,CRSFLLTWRCYNNX-UHFFFAOYSA-N,0
CHEMBL205,CHEMBL32749,COc1cc(C=CC(=O)O)ccc1O,KSEBMYQBYZTDHS-UHFFFAOYSA-N,1
CHEMBL205,CHEMBL1098016,COc1ccc2ccc(=O)oc2c1C(C=O)=C(C)C,PBAZKMWQUBDDLZ-UHFFFAOYSA-N,0
CHEMBL205,CHEMBL66879,O=C(O)C=Cc1ccc(O)cc1,NGSWKAQJJWESNS-UHFFFAOYSA-N,1
CHEMBL205,CHEMBL65369,O=C(O)c1cccc(O)c1,IJFXRHURBJZNAO-UHFFFAOYSA-N,1
CHEMBL205,CHEMBL71371,CC12CCC3C(CC=C4CC(OS(N)(=O)=O)CCC43C)C1CCC2=O,PGZGPYMGHNIKHG-UHFFFAOYSA-N,1
CHEMBL205,CHEMBL2334004,C=C(C)C=Cc1c(OC)c2c(c3ccc(=O)oc13)OC(C)(C)C=C2,AKGXRWOSGJLLNQ-UHFFFAOYSA-N,0
CHEMBL205,CHEMBL526,CC(C)c1cccc(C(C)C)c1O,OLBCVFGFOZPWHH-UHFFFAOYSA-N,0
CHEMBL205,CHEMBL2331585,COc1c(O)ccc2ccc(=O)oc12,HAQWEMHXSIRYBE-UHFFFAOYSA-N,0
CHEMBL205,CHEMBL253551,COc1cc2ccc(=O)oc2c(OC)c1OC,RAYQKHLZHPFYEJ-UHFFFAOYSA-N,0
CHEMBL205,CHEMBL281071,CC(C)(C)c1cccc(C(C)(C)C)c1O,DKCPKDPYUFEZCP-UHFFFAOYSA-N,1
CHEMBL205,CHEMBL303846,CC1(C)C=Cc2cc3ccc(=O)oc3cc2O1,QOTBQNVNUBKJMS-UHFFFAOYSA-N,0
CHEMBL205,CHEMBL118903,COc1ccc(C(=O)O)cc1OC,DAUAQNGYDSHRET-UHFFFAOYSA-N,1
CHEMBL205,CHEMBL95308,O=C(O)c1cc(O)cc(O)c1,UYEMGAFJOZZIFP-UHFFFAOYSA-N,1
CHEMBL205,CHEMBL488609,COc1cccc(OC)c1C(=O)O,MBIZFBDREVRUHY-UHFFFAOYSA-N,1
CHEMBL205,CHEMBL501358,COc1c2c(cc3oc(=O)ccc13)OC(C)(C)C=C2,JSJIIHRNDMLJGK-UHFFFAOYSA-N,0
CHEMBL205,CHEMBL1414,COc1cc(C(=O)O)cc(OC)c1O,JMSVCTWVEWCHDZ-UHFFFAOYSA-N,1
CHEMBL205,CHEMBL303942,NS(=O)(=O)Oc1c(Cl)cc(Cl)cc1Cl,YZGYKEJWCZUPMT-UHFFFAOYSA-N,1
CHEMBL205,CHEMBL507918,COc1c(O)cccc1C=O,GRIWJVSWLJHHEM-UHFFFAOYSA-N,1
CHEMBL205,CHEMBL2334353,CC(=CCc1cc2ccc(=O)oc2cc1O)CO,JUOLTTLEQHQQED-UHFFFAOYSA-N,0
CHEMBL205,CHEMBL390320,COc1cc2oc(=O)ccc2cc1O,SYTYLPHCLSSCOJ-UHFFFAOYSA-N,0
CHEMBL205,CHEMBL145,O=C(O)C=Cc1ccc(O)c(O)c1,QAIPRVGONGVQAS-UHFFFAOYSA-N,1
CHEMBL205,CHEMBL2334351,COc1cc2ccc(=O)oc2c(O)c1OC,QNFBKOHHLAWWTC-UHFFFAOYSA-N,0
CHEMBL205,CHEMBL225024,COc1cc2ccc(=O)oc2cc1OC1OC(CO)C(O)C(O)C1O,SGTCGCCQZOUMJJ-UHFFFAOYSA-N,0
CHEMBL205,CHEMBL253582,OCC1OC(OC2(CO)OC(CO)C(O)C2O)C(O)C(O)C1O,CZMRCDWAGMRECN-UHFFFAOYSA-N,0
CHEMBL205,CHEMBL112,CC(=O)Nc1ccc(O)cc1,RZVAJINKPMORJF-UHFFFAOYSA-N,1
CHEMBL205,CHEMBL1221925,O=C1c2ccccc2C(=O)C1(O)O,FEMOMIGRRWSMCU-UHFFFAOYSA-N,0
CHEMBL205,CHEMBL3402958,CCOc1ccc(S(N)(=O)=O)cc1,ILKGEOVHANZEFC-UHFFFAOYSA-N,1
CHEMBL205,CHEMBL515,O=C(O)CCCc1ccc(N(CCCl)CCCl)cc1,JCKYGMPEJWAADB-UHFFFAOYSA-N,0
