target_chembl_id,compound_chembl_id,c_smiles,noiso_InChIKey,active_label
CHEMBL1914,CHEMBL13045,COc1ccc2c(c[n+](C)c3c4cc5c(cc4ccc23)OCO5)c1OC,LLEJIEBFSOEYIV-UHFFFAOYSA-N,1
CHEMBL1914,CHEMBL332935,CC[N+](C)(CC)CCC[n+]1c(-c2ccccc2)c2cc(N)ccc2c2ccc(N)cc21,ZDWVWKDAWBGPDN-UHFFFAOYSA-O,1
CHEMBL1914,CHEMBL208599,CCC1=CC2Cc3nc4cc(Cl)ccc4c(N)c3C(C1)C2,QTPHSDHUHXUYFE-UHFFFAOYSA-N,1
CHEMBL1914,CHEMBL228999,O=C(OCCCCN1CCC(OC(c2ccccc2)c2ccccc2)CC1)c1ccccc1,SUQKPOGAPWZPRM-UHFFFAOYSA-N,0
CHEMBL1914,CHEMBL518543,CC(C)=CCc1c(-c2ccc(O)cc2O)oc2c(CC=C(C)C)c(O)cc(O)c2c1=O,UWQYBLOHTQWSQD-UHFFFAOYSA-N,1
CHEMBL1914,CHEMBL1915763,CC(CCC(O)C(C)(O)CO)C1CCC2(C)C3=CCC4C(C)(C)C(=O)CCC4(C)C3=CCC12C,KASALCUNLBTNAA-UHFFFAOYSA-N,0
CHEMBL1914,CHEMBL240972,CC(=CCCC(C)C1CCC2(C)C3=CCC4C(C)(CCC(O)C4(C)C)C3=CCC12C)CO,AOXXVRDKZLRGTJ-UHFFFAOYSA-N,0
CHEMBL1914,CHEMBL140476,CC1=CC2Cc3nc4cc(Cl)ccc4c(N)c3C(C1)C2,UKCBMHDZLYYTMI-UHFFFAOYSA-N,1
CHEMBL1914,CHEMBL460969,CC(CCC(=O)O)C1CC(=O)C2(C)C3=C(C(=O)CC12C)C1(C)CCC(=O)C(C)(C)C1CC3O,INIPQDKLXQHEAJ-UHFFFAOYSA-N,0
CHEMBL1914,CHEMBL1206,CCN(CC)C(C)CN1c2ccccc2Sc2ccccc21,CDOZDBSBBXSXLB-UHFFFAOYSA-N,1
CHEMBL1914,CHEMBL465487,CC(CCC(=O)O)C1CC(=O)C2(C)C3=C(C(=O)CC12C)C1(C)CCC(O)C(C)(C)C1CC3O,YBGBNHHXOJXFNM-UHFFFAOYSA-N,0
CHEMBL1914,CHEMBL1915762,CC(CCC(O)C(C)(C)O)C1CCC2(C)C3=CCC4C(C)(CCC(O)C4(C)C)C3=CCC12C,BLTRPNNWBNKAEH-UHFFFAOYSA-N,0
CHEMBL1914,CHEMBL465514,CC(CC(=O)CC(C)C1CC(=O)C2(C)C3=C(C(=O)CC12C)C1(C)CCC(=O)C(C)(C)C1CC3=O)C(=O)O,VBGDQDJVTLQGNO-UHFFFAOYSA-N,0
CHEMBL1914,CHEMBL1915760,CC(=CCCC(C)C1CCC2(C)C3=CCC4C(C)(CCC(O)C4(C)C)C3=CCC12C)C(=O)O,HUTCYUJPLOTDMX-UHFFFAOYSA-N,0
CHEMBL1914,CHEMBL828,c1ccc2c(c1)Nc1ccccc1S2,WJFKNYWRSNBZNX-UHFFFAOYSA-N,1
CHEMBL1914,CHEMBL1915758,COC(=O)C(C)CC(=O)CC(C)C1CC2OC(C)(C)OC3CC4C(C)(C)C(=O)CCC4(C)C4=C3C2(C)C1(C)CC4=O,UPFROXHCAPHGNO-UHFFFAOYSA-N,0
CHEMBL1914,CHEMBL512830,COC(=O)CCC(C)C1CC(=O)C2(C)C3=C(C(=O)C(OC(C)=O)C12C)C1(C)CCC(O)C(C)(C)C1CC3=O,GWCYTRLXOGOLBZ-UHFFFAOYSA-N,0
CHEMBL1914,CHEMBL371371,CC1CCC(=O)C1=O,OACYKCIZDVVNJL-UHFFFAOYSA-N,0
CHEMBL1914,CHEMBL363186,CC1C(=O)CCC1=O,HXZILEQYFQYQCE-UHFFFAOYSA-N,0
CHEMBL1914,CHEMBL8320,O=C1C=CC(=O)C=C1,AZQWKYJCGOJGHM-UHFFFAOYSA-N,1
CHEMBL1914,CHEMBL4649430,COc1c2c(cc3c1OCO3)C13C=CC(OC)CC1N(C2)CC3O,QAHZAHIPKNLGAS-UHFFFAOYSA-N,0
CHEMBL1914,CHEMBL365982,OC(c1ccccc1)C(O)c1ccccc1,IHPDTPWNFBQHEB-UHFFFAOYSA-N,0
CHEMBL1914,CHEMBL90039,O=C(c1ccccc1)c1ccccc1,RWCCWEUUXYIKHB-UHFFFAOYSA-N,0
CHEMBL1914,CHEMBL192648,O=C(O)c1ccc(C(=O)c2ccccc2)cc1,IFQUPKAISSPFTE-UHFFFAOYSA-N,0
CHEMBL1914,CHEMBL1689799,CC(C)=CCc1c(O)c(C=O)cc2c1[nH]c1ccccc12,ICYHRFZZQCYWNF-UHFFFAOYSA-N,0
CHEMBL1914,CHEMBL362378,CC1(C)C=Cc2c(ccc(C(=O)C=Cc3ccc(O)cc3)c2O)O1,IQHPDUUSMBMDGN-UHFFFAOYSA-N,1
CHEMBL1914,CHEMBL464275,COc1ccc2c(c1)[nH]c1c(CC=C(C)C)c(O)c(C=O)cc12,RJWKVZMWLOWCMX-UHFFFAOYSA-N,0
CHEMBL1914,CHEMBL76640,CNC(=O)Oc1ccc2c(c1)C1(C)CCN(C)C1N2C,PIJVFDBKTWXHHD-UHFFFAOYSA-N,1
CHEMBL1914,CHEMBL4634473,COc1c2c(cc3c1OCO3)C13C=CC(OC)CC1N(C2)CC3OC(C)=O,DZXAUWNEDZVVNU-UHFFFAOYSA-N,0
CHEMBL1914,CHEMBL192039,O=C(C(=O)c1ccc(O)cc1O)c1ccc(O)cc1O,NGWYJYHAFLMHNW-UHFFFAOYSA-N,0
CHEMBL1914,CHEMBL401114,COC1C=CC23c4cc5c(cc4CN(CC2O)C3C1)OCO5,YGPRSGKVLATIHT-UHFFFAOYSA-N,0
CHEMBL1914,CHEMBL307721,C=CCN1CCC2(C)c3cc(OC(=O)NC)ccc3N(C)C12,AKAKQLGKPNQEPO-UHFFFAOYSA-N,1
CHEMBL1914,CHEMBL371523,O=C(CC(=O)c1ccccc1)c1ccccc1,NZZIMKJIVMHWJC-UHFFFAOYSA-N,0
CHEMBL1914,CHEMBL11531,COc1ccc2cc3n(c(=O)c2c1OC)CCc1cc2c(cc1-3)OCO2,ZHYQCBCBTQWPLC-UHFFFAOYSA-N,0
CHEMBL1914,CHEMBL355821,c1ccc2c(c1)CN1CCCC1=N2,WUFQLZTXIWKION-UHFFFAOYSA-N,1
CHEMBL1914,CHEMBL496255,CC(C1CCC2C3CCC4CC(N(C)C)CCC4(C)C3CCC21C)N(C)C,IHGKQRLXUYWOQB-UHFFFAOYSA-N,1
CHEMBL1914,CHEMBL606338,CNC(=O)N1c2ccccc2Sc2ccccc21,VBZPZJCWSNLVCY-UHFFFAOYSA-N,0
CHEMBL1914,CHEMBL4293626,CC1COc2c1c(=O)oc(=O)c1c3c(ccc21)C(C)(C)CCC3,ROYYPPPACDMYJY-UHFFFAOYSA-N,1
CHEMBL1914,CHEMBL4210016,COC1CC2C(=CC1O)C1CN2Cc2cc3c(cc21)OCO3,ZSCIOAUFGUNSQT-UHFFFAOYSA-N,0
CHEMBL1914,CHEMBL592185,CC(C)NC(=O)N1c2ccccc2Sc2ccccc21,DIHZRSIYRBANNR-UHFFFAOYSA-N,1
CHEMBL1914,CHEMBL1221863,COC1C=C2C3CN(Cc4cc5c(cc43)OCO5)C2CC1O,MKYLOMHWHWEFCT-UHFFFAOYSA-N,0
CHEMBL1914,CHEMBL418068,O=C(O)c1cc(O)c2c(c1)C(=O)c1cccc(O)c1C2=O,FCDLCPWAQCPTKC-UHFFFAOYSA-N,0
CHEMBL1914,CHEMBL504924,CC=C(C)C(=O)NC1CCC2(C)C3CCC4(C)C(C(C)NC)CCC4C3CCC2C1OC(C)=O,JGVUURLOQKRQKQ-UHFFFAOYSA-N,1
CHEMBL1914,CHEMBL43065,Oc1cc(O)cc(C=Cc2ccc(O)cc2O)c1,PDHAOJSHSJQANO-UHFFFAOYSA-N,1
CHEMBL1914,CHEMBL592432,CC(C)(C)CNC(=O)N1c2ccccc2Sc2ccccc21,IOIGXILMSZNTOC-UHFFFAOYSA-N,1
CHEMBL1914,CHEMBL463296,COc1cc(OC)c(CC=C(C)C)c(-c2cc3ccc(O)cc3o2)c1CC=C(C)C,CHDJBHWCUVZCGP-UHFFFAOYSA-N,0
CHEMBL1914,CHEMBL504323,COc1cc2c3cc1Oc1c(OC)c(OC)cc4c1C(Cc1ccc(O)c(c1)Oc1ccc(cc1)CC3N(C)CC2)N(C)CC4,DFOCUWZXJBAUSQ-UHFFFAOYSA-N,0
CHEMBL1914,CHEMBL1186527,OC1CCN2Cc3ccccc3N=C12,YIICVSCAKJMMDJ-UHFFFAOYSA-N,1
CHEMBL1914,CHEMBL496488,CC(C1CC=C2C3CCC4=CC(N(C)C)CCC4(C)C3CCC21C)N(C)C,JLDLXPZTQHZTBT-UHFFFAOYSA-N,1
CHEMBL1914,CHEMBL206106,COc1cc2c(cc1OC)-c1cc3ccc(OC)c(OC)c3c[n+]1CC2,QUCQEUCGKKTEBI-UHFFFAOYSA-N,0
CHEMBL1914,CHEMBL592674,CN(C)C(=O)N1c2ccccc2Sc2ccccc21,JVEMOBBCUXTLCS-UHFFFAOYSA-N,1
CHEMBL1914,CHEMBL422098,CC(=O)NC1CCC2(C)C(CCC3C2CCC2(C)C3CCC2C(C)N(C)C)C1,AIEKUSBFLBFTIU-UHFFFAOYSA-N,1
CHEMBL1914,CHEMBL465156,CC(C)=CCCC(C)=CCc1c(O)cc(O)c(CC=C(C)C)c1-c1cc2ccc(O)cc2o1,SYIDABHGIYOYPG-UHFFFAOYSA-N,1
CHEMBL1914,CHEMBL4210192,O=c1[nH]c(CCCO)nc2ccccc12,PVVTWNMXEHROIA-UHFFFAOYSA-N,0
CHEMBL1914,CHEMBL395280,CC=C1C2C=C(C)CC1(N)c1ccc(=O)[nH]c1C2,ZRJBHWIHUMBLCN-UHFFFAOYSA-N,0
CHEMBL1914,CHEMBL1864065,O=c1c2ccccc2nc2n1CCC2O,SDIVYZXRQHWCKF-UHFFFAOYSA-N,1
CHEMBL1914,CHEMBL449947,O=C(OCC1OC(OC(=O)c2cc(O)c(O)c(O)c2)C(OC(=O)c2cc(O)c(O)c(O)c2)C(OC(=O)c2cc(O)c(O)c(O)c2)C1O)c1cc(O)c(O)c(O)c1,RATQVALKDAUZBW-UHFFFAOYSA-N,0
CHEMBL1914,CHEMBL452895,COc1cc2c3cc1Oc1c(O)c(OC)cc4c1C(Cc1ccc(O)c(c1)Oc1ccc(cc1)CC3N(C)CC2)N(C)CC4,XGEAUXVPBXUBKN-UHFFFAOYSA-N,0
CHEMBL1914,CHEMBL421920,CC=C(C)C(=O)NC1C(O)CC2(C)C3CCC4(C)C(CCC4C(C)N(C)C)C3CCC2C1OC(C)=O,QDWARQARJPJBNM-UHFFFAOYSA-N,0
CHEMBL1914,CHEMBL456881,O=c1c2ccccc2nc2n1CCC2,VARHXCYGZKSOOO-UHFFFAOYSA-N,0
CHEMBL1914,CHEMBL362444,CNC(=O)Oc1ccc2c(c1)C1(C)CCOC1N2C,LXTKNVLLWOLCOV-UHFFFAOYSA-N,1
CHEMBL1914,CHEMBL1719948,CC(C)(O)CCc1c(-c2ccc(O)cc2O)oc2c3c(cc(O)c2c1=O)OC(C)(C)C=C3,AFOKZNPZDXHDHD-UHFFFAOYSA-N,1
CHEMBL1914,CHEMBL50,O=c1c(O)c(-c2ccc(O)c(O)c2)oc2cc(O)cc(O)c12,REFJWTPEDVJJIY-UHFFFAOYSA-N,0
CHEMBL1914,CHEMBL2297276,COc1cc(O)c(C2CC(=O)c3c(O)cc(O)cc3O2)cc1CC=C(C)CCC=C(C)C,CZVSHXUUSIQWSO-UHFFFAOYSA-N,1
CHEMBL1914,CHEMBL510363,COc1cc2c(cc1OC)C(Cc1ccc(O)cc1)NCC2,NKBBUUNAVOMVER-UHFFFAOYSA-N,0
CHEMBL1914,CHEMBL1096939,CC(C)=CCCC(C)=CCc1cc(C2CC(=O)c3c(O)cc(O)cc3O2)c(O)cc1O,GJFHZVPRFLHEBR-UHFFFAOYSA-N,1
CHEMBL1914,CHEMBL1770313,CC(C)=CC1Oc2cc(O)ccc2-c2oc3c4c(cc(O)c3c(=O)c21)OC(C)(C)C=C4,GDQXJMLXEYSICD-UHFFFAOYSA-N,1
CHEMBL1914,CHEMBL417799,C[n+]1cc2c3c(ccc2c2ccc4cc5c(cc4c21)OCO5)OCO3,INVGWHRKADIJHF-UHFFFAOYSA-N,1
CHEMBL1914,CHEMBL1770314,CC1(C)C=Cc2c(cc(O)c3c(=O)c4c(oc23)-c2ccc(O)cc2OC(C(C)(C)O)C4)O1,BKIVBOLDWRIFMA-UHFFFAOYSA-N,1
CHEMBL1914,CHEMBL464006,CC(C)=CCc1c(-c2ccc(O)cc2O)oc2c3c(cc(O)c2c1=O)OC(C)(C)C=C3,XFFOMNJIDRDDLQ-UHFFFAOYSA-N,1
CHEMBL1914,CHEMBL21,Nc1ccc(S(N)(=O)=O)cc1,FDDDEECHVMSUSB-UHFFFAOYSA-N,0
CHEMBL1914,CHEMBL1115,CN(C)C(=O)Oc1ccc[n+](C)c1,RVOLLAQWKVFTGE-UHFFFAOYSA-N,1
CHEMBL1914,CHEMBL123248,CNC(=O)Oc1ccc2c(c1)C1(C)CCN(C)OC1N2C,CNBHDDBNEKKMJH-UHFFFAOYSA-N,1
CHEMBL1914,CHEMBL110077,CC1=CC2Cc3nc4cc(F)ccc4c(N)c3C(C1)C2,CPGLYAIYMGVIIO-UHFFFAOYSA-N,1
CHEMBL1914,CHEMBL381926,CCNC(=O)Oc1ccc2c(c1)C1(C)CCOC1N2C,DSQSAHYPEXEBHJ-UHFFFAOYSA-N,1
CHEMBL1914,CHEMBL7976,O=C(C=Cc1ccccc1)c1ccccc1,DQFBYFPFKXHELB-UHFFFAOYSA-N,0
CHEMBL1914,CHEMBL164,O=c1c(O)c(-c2cc(O)c(O)c(O)c2)oc2cc(O)cc(O)c12,IKMDFBPHZNJCSN-UHFFFAOYSA-N,0
CHEMBL1914,CHEMBL2163793,CCC1=CC2CN3CCc4c([nH]c5ccccc45)C(C(=O)OC)(C2)C13,CMKFQVZJOWHHDV-UHFFFAOYSA-N,1
CHEMBL1914,CHEMBL309490,O=c1c(O)c(-c2ccccc2)oc2cc(O)cc(O)c12,VCCRNZQBSJXYJD-UHFFFAOYSA-N,1
CHEMBL1914,CHEMBL1294,C=CC1CN2CCC1CC2C(O)c1ccnc2ccc(OC)cc12,LOUPRKONTZGTKE-UHFFFAOYSA-N,1
CHEMBL1914,CHEMBL151,O=c1cc(-c2ccc(O)c(O)c2)oc2cc(O)cc(O)c12,IQPNAANSBPBGFQ-UHFFFAOYSA-N,0
CHEMBL1914,CHEMBL327134,CCC1CN2CCc3c([nH]c4ccccc34)C2CC1C(=COC)C(=O)OC,NMLUOJBSAYAYEM-UHFFFAOYSA-N,1
CHEMBL1914,CHEMBL226335,CC1OC(OCC2OC(Oc3c(-c4ccc(O)c(O)c4)oc4cc(O)cc(O)c4c3=O)C(O)C(O)C2O)C(O)C(O)C1O,IKGXIBQEEMLURG-UHFFFAOYSA-N,0
CHEMBL1914,CHEMBL104732,COc1ccccc1C=CC(=O)c1ccccc1,ZWTRSTWJBWJEFR-UHFFFAOYSA-N,0
CHEMBL1914,CHEMBL464724,Cc1c(C(C)C2NCC(C)CC2O)ccc2c1CC1C2CC=C2CC(O)CCC21C,MALFODICFSIXPO-UHFFFAOYSA-N,0
CHEMBL1914,CHEMBL2236848,Nc1ccc(C(=O)C=Cc2ccccc2Br)cc1,OXKOESDFXQODMU-UHFFFAOYSA-N,0
CHEMBL1914,CHEMBL190677,O=C(c1ccccc1)C(O)c1ccccc1,ISAOCJYIOMOJEB-UHFFFAOYSA-N,0
CHEMBL1914,CHEMBL31574,O=c1c(O)c(-c2ccc(O)c(O)c2)oc2cc(O)ccc12,XHEFDIBZLJXQHF-UHFFFAOYSA-N,0
CHEMBL1914,CHEMBL28,O=c1cc(-c2ccc(O)cc2)oc2cc(O)cc(O)c12,KZNIFHPLKGYRTM-UHFFFAOYSA-N,0
CHEMBL1914,CHEMBL32749,COc1cc(C=CC(=O)O)ccc1O,KSEBMYQBYZTDHS-UHFFFAOYSA-N,0
CHEMBL1914,CHEMBL147067,O=C(C=Cc1ccccc1O)c1ccccc1,UDOOPSJCRMKSGL-UHFFFAOYSA-N,0
CHEMBL1914,CHEMBL322343,CCC1=CC2Cc3nc4cc(C)ccc4c(N)c3C(C1)C2,FWOPZBFHVIAVRG-UHFFFAOYSA-N,1
CHEMBL1914,CHEMBL32147,O=C(C=Cc1ccccc1)c1ccccc1O,AETKQQBRKSELEL-UHFFFAOYSA-N,0
CHEMBL1914,CHEMBL109870,CC1=CC2Cc3nc4cc(C)ccc4c(N)c3C(C1)C2,CPLWNEHDSYQUBC-UHFFFAOYSA-N,1
CHEMBL1914,CHEMBL105496,COc1ccc(C=CC(=O)c2ccccc2)cc1,XUFXKBJMCRJATM-UHFFFAOYSA-N,0
CHEMBL1914,CHEMBL2165578,OC1c2ccccc2N=C2CCCN21,RDWJAMWCGSWTQS-UHFFFAOYSA-N,0
CHEMBL1914,CHEMBL405686,COc1cc2c3cc1Oc1c(OC)c(OC)cc4c1C(Cc1ccc(OC(=O)c5ccc([N+](=O)[O-])cc5)c(c1)Oc1ccc(cc1)CC3N(C)CC2)N(C)CC4,PUAVTDKYTXNVBU-UHFFFAOYSA-N,1
CHEMBL1914,CHEMBL150,O=c1c(O)c(-c2ccc(O)cc2)oc2cc(O)cc(O)c12,IYRMWMYZSQPJKC-UHFFFAOYSA-N,0
CHEMBL1914,CHEMBL3586206,CC12CCC3C(C)(CCC(O)C3(C)C(=O)O)C1CCC1C(=CC(=O)C3C(C)(C)C(O)CCC13C)C2,PZUQEBIOBVCCSP-UHFFFAOYSA-N,0
CHEMBL1914,CHEMBL3586205,CC12CCC3C(C)(C)C(O)CCC3(C)C1CCC1C(O)(CCC3C(C)(C)C(O)CCC13C)C2,BLPHPSBSZGKMLY-UHFFFAOYSA-N,0
CHEMBL1914,CHEMBL52347,O=C1C=Cc2ccccc2C1=O,KETQAJRQOHHATG-UHFFFAOYSA-N,1
CHEMBL1914,CHEMBL51931,O=C1C(=O)c2ccccc2-c2ccccc21,YYVYAPXYZVYDHN-UHFFFAOYSA-N,1
CHEMBL1914,CHEMBL376434,COc1ccc2[nH]c3c[n+](C)ccc3c2c1,UXIBWQLCPYHBSH-UHFFFAOYSA-O,0
CHEMBL1914,CHEMBL561846,C=C1CC23CC1CCC2C1(C)CCCC(C)(CO)C1CC3O,AMOBKAMJSKCUFH-UHFFFAOYSA-N,0
CHEMBL1914,CHEMBL326294,O=C1Nc2ccccc2C1=O,JXDYKVIHCLTXOP-UHFFFAOYSA-N,0
CHEMBL1914,CHEMBL556939,CC1(CO)CCCC2(C)C1CC(O)C13CC(CCC21)C1(C)OC13,BDWKHKXSYDEDRO-UHFFFAOYSA-N,0
CHEMBL1914,CHEMBL192258,CC(=O)C(=O)c1ccccc1,BVQVLAIMHVDZEL-UHFFFAOYSA-N,0
CHEMBL1914,CHEMBL506258,COC(=O)C1(C)C(O)CCC2(C)C3CCC4C(=CC(=O)C5C(C)(CO)C(O)CCC45C)CC3(C)CCC21,WWVFRAVFOHSRSP-UHFFFAOYSA-N,0
CHEMBL1914,CHEMBL2367723,CC12CCC(C(=O)C1=O)C2(C)C,VNQXSTWCDUXYEZ-UHFFFAOYSA-N,0
CHEMBL1914,CHEMBL369768,COc1ccc(C=CC(=O)c2ccc3c(c2O)C=CC(C)(C)O3)cc1,XEVCTBKORYCFCZ-UHFFFAOYSA-N,0
CHEMBL1914,CHEMBL1424,O=c1[nH]c(=O)c2nc[nH]c2[nH]1,LRFVTYWOQMYALW-UHFFFAOYSA-N,0
CHEMBL1914,CHEMBL469289,CC(C1CCC2(C)C3CCC4C(O)(CCC(NC(=O)c5ccccc5)C4(C)C)CC3=CCC12C)N(C)C,QYYVJMYMRMHFOG-UHFFFAOYSA-N,0
CHEMBL1914,CHEMBL113,Cn1c(=O)c2c(ncn2C)n(C)c1=O,RYYVLZVUVIJVGH-UHFFFAOYSA-N,0
CHEMBL1914,CHEMBL310671,O=C1NS(=O)(=O)c2ccccc21,CVHZOJJKTDOEJC-UHFFFAOYSA-N,1
CHEMBL1914,CHEMBL134342,O=C(O)CCCCC1CCSS1,AGBQKNBQESQNJD-UHFFFAOYSA-N,0
CHEMBL1914,CHEMBL3311038,COc1cc(OC)c(-c2coc3c4c(ccc3c2=O)OC(C)(C)C=C4)cc1OC,OBIUGMGQVQMVSK-UHFFFAOYSA-N,0
CHEMBL1914,CHEMBL466169,CC=C(C)C(=O)NC1CCC2(O)CC3=CCC4(C)C(C(C)N(C)C)CCC4(C)C3CCC2C1(C)C,NYZKFMALHZMJAX-UHFFFAOYSA-N,0
CHEMBL1914,CHEMBL517605,CC(C)C(=O)NC1CCC2(O)CC3=CCC4(C)C(C(C)N(C)C)CCC4(C)C3CCC2C1(C)C,UVQXQFGAJCSURO-UHFFFAOYSA-N,0
CHEMBL1914,CHEMBL4760427,CC1=CC2Cc3[nH]c(=O)ccc3C3(C1)NCCCC23,YYWGABLTRMRUIT-UHFFFAOYSA-N,0
CHEMBL1914,CHEMBL1087180,CC(CC(=O)CC(C)C1CC(=O)C2(C)C3=C(C(=O)CC12C)C1(C)CCC(O)C(C)(C)C1CC3O)C(=O)O,LWPLEHFGBRFRKI-UHFFFAOYSA-N,0
CHEMBL1914,CHEMBL1086927,COC(=O)C(C)CC(=O)CC(C)C1CC(O)C2(C)C3=C(C(=O)CC12C)C1(C)CCC(=O)C(C)(C)C1CC3O,GBFBBVYGZAABTI-UHFFFAOYSA-N,0
CHEMBL1914,CHEMBL3764305,COc1ccc2c3c1OC1CC(O)CCC31CCN(C)C2,GJRMHIXYLGOZSE-UHFFFAOYSA-N,1
CHEMBL1914,CHEMBL1098479,CC(CCC(O)C(C)(C)O)C1CCC2(C)C3=CCC4C(C)(C)C(=O)CCC4(C)C3=CCC12C,AAJIHHYEPHRIET-UHFFFAOYSA-N,0
CHEMBL1914,CHEMBL1915761,CC(CCC=C(CO)CO)C1CCC2(C)C3=CCC4C(C)(C)C(=O)CCC4(C)C3=CCC12C,JVGJXXNUVVQEIG-UHFFFAOYSA-N,0
CHEMBL1914,CHEMBL341658,CCC1=CC2Cc3nc4cc(F)ccc4c(N)c3C(C1)C2,XDJOJDHEYDJBLQ-UHFFFAOYSA-N,1
CHEMBL1914,CHEMBL1087131,CC(CC(=O)CC(C)C1CC(O)C2(C)C3=C(C(=O)CC12C)C1(C)CCC(=O)C(C)(C)C1CC3)C(=O)O,XRXBNTYHQXKSAO-UHFFFAOYSA-N,0
CHEMBL1914,CHEMBL224128,CC(C)(O)CCC(O)C(C)(O)C1CCC2(O)C3=CC(=O)C4CC(O)C(O)CC4(C)C3CCC12C,NKDFYOWSKOHCCO-UHFFFAOYSA-N,0
