target_chembl_id,compound_chembl_id,c_smiles,noiso_InChIKey,active_label
CHEMBL3356,CHEMBL128729,COc1cc(C=CC(=O)C=Cc2ccc(O)c(OC)c2)ccc1O,ISIMGBQRFXXNON-UHFFFAOYSA-N,0
CHEMBL3356,CHEMBL485818,O=C(O)C1OC(Oc2cc3oc(-c4ccccc4)cc(=O)c3c(O)c2O)C(O)C(O)C1O,IKIIZLYTISPENI-UHFFFAOYSA-N,0
CHEMBL3356,CHEMBL1648,COC(=O)C1=C(C)NC(C)=C(C(=O)OC(C)C)C1c1cccc2nonc12,HMJIYCCIJYRONP-UHFFFAOYSA-N,0
CHEMBL3356,CHEMBL289277,Cc1cc(O)c2c(c1)C(=O)c1cc(O)cc(O)c1C2=O,RHMXXJGYXNZAPX-UHFFFAOYSA-N,1
CHEMBL3356,CHEMBL998,CCOC(=O)N1CCC(=C2c3ccc(Cl)cc3CCc3cccnc32)CC1,JCCNYMKQOSZNPW-UHFFFAOYSA-N,0
CHEMBL3356,CHEMBL1479,C#CC1(O)CCC2C3CCC4=Cc5oncc5CC4(C)C3CCC21C,POZRVZJJTULAOH-UHFFFAOYSA-N,0
CHEMBL3356,CHEMBL74415,CCCCCc1cc(O)c2c(c1)OC(C)(C)c1ccc(C)cc1-2,VBGLYOIFKLUMQG-UHFFFAOYSA-N,1
CHEMBL3356,CHEMBL26260,O=c1cc(-c2ccccc2)oc2ccc3ccccc3c12,OUGIDAPQYNCXRA-UHFFFAOYSA-N,1
CHEMBL3356,CHEMBL83,CCC(=C(c1ccccc1)c1ccc(OCCN(C)C)cc1)c1ccccc1,NKANXQFJJICGDU-UHFFFAOYSA-N,0
CHEMBL3356,CHEMBL157101,CC(=O)N1CCN(c2ccc(OCC3COC(Cn4ccnc4)(c4ccc(Cl)cc4Cl)O3)cc2)CC1,XMAYWYJOQHXEEK-UHFFFAOYSA-N,0
CHEMBL3356,CHEMBL104,Clc1ccccc1C(c1ccccc1)(c1ccccc1)n1ccnc1,VNFPBHJOKIVQEB-UHFFFAOYSA-N,1
CHEMBL3356,CHEMBL163,CC(C)c1nc(CN(C)C(=O)NC(C(=O)NC(Cc2ccccc2)CC(O)C(Cc2ccccc2)NC(=O)OCc2cncs2)C(C)C)cs1,NCDNCNXCDXHOMX-UHFFFAOYSA-N,0
CHEMBL3356,CHEMBL214321,COc1cc(-c2cc(=O)c3c(O)cc(O)cc3o2)ccc1O,SCZVLDHREVKTSH-UHFFFAOYSA-N,1
CHEMBL3356,CHEMBL16807,O=c1cc(-c2ccccc2)oc2cccc(O)c12,IYBLVRRCNVHZQJ-UHFFFAOYSA-N,1
CHEMBL3356,CHEMBL16073,CCOc1ccc(NC(C)=O)cc1,CPJSUEIXXCENMM-UHFFFAOYSA-N,1
CHEMBL3356,CHEMBL388590,CCc1oc2ccccc2c1C(=O)c1cc(Br)c(O)c(Br)c1,WHQCHUCQKNIQEC-UHFFFAOYSA-N,0
CHEMBL3356,CHEMBL4076052,O=c1c2ccccc2nc2n1CCc1c-2[nH]c2ccc(O)cc12,OLMHRSLUDJARDO-UHFFFAOYSA-N,1
CHEMBL3356,CHEMBL54,O=C(CCCN1CCC(O)(c2ccc(Cl)cc2)CC1)c1ccc(F)cc1,LNEPOXFFQSENCJ-UHFFFAOYSA-N,0
CHEMBL3356,CHEMBL309490,O=c1c(O)c(-c2ccccc2)oc2cc(O)cc(O)c12,VCCRNZQBSJXYJD-UHFFFAOYSA-N,1
CHEMBL3356,CHEMBL6966,COc1ccc(CCN(C)CCCC(C#N)(c2ccc(OC)c(OC)c2)C(C)C)cc1OC,SGTNSNPWRIOYBX-UHFFFAOYSA-N,0
CHEMBL3356,CHEMBL151,O=c1cc(-c2ccc(O)c(O)c2)oc2cc(O)cc(O)c12,IQPNAANSBPBGFQ-UHFFFAOYSA-N,1
CHEMBL3356,CHEMBL193,COC(=O)C1=C(C)NC(C)=C(C(=O)OC)C1c1ccccc1[N+](=O)[O-],HYIMSNHJOBLJNT-UHFFFAOYSA-N,1
CHEMBL3356,CHEMBL379064,COc1cc(-c2oc3cc(O)cc(O)c3c(=O)c2O)ccc1O,IZQSVPBOUDKVDZ-UHFFFAOYSA-N,1
CHEMBL3356,CHEMBL42,CN1CCN(C2=Nc3cc(Cl)ccc3Nc3ccccc32)CC1,QZUDBNBUXVUHMW-UHFFFAOYSA-N,0
CHEMBL3356,CHEMBL117,O=c1cc(-c2ccccc2)oc2cc(O)cc(O)c12,RTIXKCRFFJGDFG-UHFFFAOYSA-N,1
CHEMBL3356,CHEMBL399121,COc1ccc(C2CC(=O)c3c(O)cc(O)cc3O2)cc1O,AIONOLUJZLIMTK-UHFFFAOYSA-N,0
CHEMBL3356,CHEMBL833,Clc1ccccc1CN1CCc2sccc2C1,PHWBOXQYWZNQIN-UHFFFAOYSA-N,1
CHEMBL3356,CHEMBL226034,COc1ccc(-c2oc3cc(O)cc(O)c3c(=O)c2O)cc1O,FPLMIPQZHHQWHN-UHFFFAOYSA-N,1
CHEMBL3356,CHEMBL809,CNC1CCC(c2ccc(Cl)c(Cl)c2)c2ccccc21,VGKDLMBJGBXTGI-UHFFFAOYSA-N,0
CHEMBL3356,CHEMBL9,CCn1cc(C(=O)O)c(=O)c2cc(F)c(N3CCNCC3)cc21,OGJPXUAPXNRGGI-UHFFFAOYSA-N,0
CHEMBL3356,CHEMBL28,O=c1cc(-c2ccc(O)cc2)oc2cc(O)cc(O)c12,KZNIFHPLKGYRTM-UHFFFAOYSA-N,1
CHEMBL3356,CHEMBL1451,CC12C=CC(=O)C=C1CCC1C3CC(O)C(O)(C(=O)CO)C3(C)CC(O)C12F,GFNANZIMVAIWHM-UHFFFAOYSA-N,0
CHEMBL3356,CHEMBL243664,COc1ccc(-c2cc(=O)c3c(O)cc(O)cc3o2)cc1,DANYIYRPLHHOCZ-UHFFFAOYSA-N,1
CHEMBL3356,CHEMBL64,NNC(=O)c1ccncc1,QRXWMOHMRWLFEY-UHFFFAOYSA-N,0
CHEMBL3356,CHEMBL40919,COc1ccc(-c2oc3cc(O)cc(O)c3c(=O)c2O)cc1,SQFSKOYWJBQGKQ-UHFFFAOYSA-N,1
CHEMBL3356,CHEMBL9352,O=C1CC(c2ccc(O)cc2)Oc2cc(O)cc(O)c21,FTVWIRXFELQLPI-UHFFFAOYSA-N,0
CHEMBL3356,CHEMBL8996,O=C1CC(c2ccc(O)c(O)c2)Oc2cc(O)cc(O)c21,SBHXYTNGIZCORC-UHFFFAOYSA-N,0
CHEMBL3356,CHEMBL90568,COc1ccc(-c2cc(=O)c3c(O)cc(O)cc3o2)cc1O,MBNGWHIJMBWFHU-UHFFFAOYSA-N,1
CHEMBL3356,CHEMBL13,COCCc1ccc(OCC(O)CNC(C)C)cc1,IUBSYMUCCVWXPE-UHFFFAOYSA-N,0
CHEMBL3356,CHEMBL447955,CC(OC1CCC2CN(C3=CC(=O)CC3)CC2C1c1ccc(F)cc1)c1cc(C(F)(F)F)cc(C(F)(F)F)c1,FLNYCRJBCNNHRH-UHFFFAOYSA-N,0
CHEMBL3356,CHEMBL71,CN(C)CCCN1c2ccccc2Sc2ccc(Cl)cc21,ZPEIMTDSQAKGNT-UHFFFAOYSA-N,1
CHEMBL3356,CHEMBL150,O=c1c(O)c(-c2ccc(O)cc2)oc2cc(O)cc(O)c12,IYRMWMYZSQPJKC-UHFFFAOYSA-N,1
CHEMBL3356,CHEMBL470266,COc1ccc(C2CC(=O)c3c(O)cc(O)cc3O2)cc1,HMUJXQRRKBLVOO-UHFFFAOYSA-N,1
CHEMBL3356,CHEMBL399910,O=C1CC(c2ccccc2)Oc2cc(O)cc(O)c21,URFCJEUYXNAHFI-UHFFFAOYSA-N,1
CHEMBL3356,CHEMBL45,COc1ccc2[nH]cc(CCNC(C)=O)c2c1,DRLFMBDRBRZALE-UHFFFAOYSA-N,0
CHEMBL3356,CHEMBL112,CC(=O)Nc1ccc(O)cc1,RZVAJINKPMORJF-UHFFFAOYSA-N,0
CHEMBL3356,CHEMBL116438,COc1cc(C=CC(=O)C=C(O)C=Cc2ccc(O)c(OC)c2)ccc1O,ZIUSSTSXXLLKKK-UHFFFAOYSA-N,0
CHEMBL3356,CHEMBL276915,O=c1cc(-c2ccccc2)oc2cc(O)ccc12,MQGPSCMMNJKMHQ-UHFFFAOYSA-N,1
CHEMBL3356,CHEMBL147806,CC(C)(C)NCc1ccc(Nc2ccnc3cc(Cl)ccc23)cc1O,ZVMMVSSEAMUNGI-UHFFFAOYSA-N,0
CHEMBL3356,CHEMBL4078418,CC(C)=CCc1cc(C2CC(=O)c3ccc(O)c(CC=C(C)C)c3O2)ccc1O,CUFAXDWQDQQKFF-UHFFFAOYSA-N,0
CHEMBL3356,CHEMBL625,c1ccc2[nH]c(-c3cscn3)nc2c1,WJCNZQLZVWNLKY-UHFFFAOYSA-N,1
CHEMBL3356,CHEMBL960,Cc1oncc1C(=O)Nc1ccc(C(F)(F)F)cc1,VHOGYURTWQBHIL-UHFFFAOYSA-N,1
CHEMBL3356,CHEMBL3132929,COc1ccc(C=Cc2ccc(OC)c(OC)c2OC)cc1OC,VBMOJZPXLYHFBT-UHFFFAOYSA-N,0
CHEMBL3356,CHEMBL242273,C=CCc1ccc2c(c1)OCO2,ZMQAAUBTXCXRIC-UHFFFAOYSA-N,1
CHEMBL3356,CHEMBL456807,NNc1ccccc1,HKOOXMFOFWEVGF-UHFFFAOYSA-N,1
CHEMBL3356,CHEMBL9419,CC(=O)Nc1cccc(O)c1,QLNWXBAGRTUKKI-UHFFFAOYSA-N,1
CHEMBL3356,CHEMBL3132924,COc1ccccc1C=Cc1ccc(OC)c(OC)c1,QIDRNDIVTIDSSU-UHFFFAOYSA-N,1
CHEMBL3356,CHEMBL327223,COc1ccc(C=Cc2ccccc2)cc1OC,BSHIPXLJHQKYFU-UHFFFAOYSA-N,1
CHEMBL3356,CHEMBL190461,C=C(C)C1CCC(C)=CC1c1c(O)cc(CCCCC)cc1O,QHMBSVQNZZTUGM-UHFFFAOYSA-N,1
CHEMBL3356,CHEMBL294199,COc1cc(CNC(=O)CCCCC=CC(C)C)ccc1O,YKPUWZUDDOIDPM-UHFFFAOYSA-N,1
CHEMBL3356,CHEMBL1455,CN(C)c1nc(N(C)C)nc(N(C)C)n1,UUVWYPNAQBNQJQ-UHFFFAOYSA-N,1
CHEMBL3356,CHEMBL31184,c1ccc2c(c1)cc1ccc3cccc4ccc2c1c34,FMMWHPNWAFZXNH-UHFFFAOYSA-N,1
CHEMBL3356,CHEMBL165,Oc1ccc(C=Cc2cc(O)cc(O)c2)cc1,LUKBXSAWLPMMSZ-UHFFFAOYSA-N,1
CHEMBL3356,CHEMBL3132925,COc1ccc(C=Cc2cccc(OC)c2OC)cc1OC,NDXGNBBSRNNYTQ-UHFFFAOYSA-N,0
CHEMBL3356,CHEMBL728,CN1CCN(CCCN2c3ccccc3Sc3ccc(Cl)cc32)CC1,WIKYUJGCLQQFNW-UHFFFAOYSA-N,1
CHEMBL3356,CHEMBL828,c1ccc2c(c1)Nc1ccccc1S2,WJFKNYWRSNBZNX-UHFFFAOYSA-N,1
CHEMBL3356,CHEMBL496,Oc1c(Cl)cc(Cl)c(Cl)c1Cc1c(O)c(Cl)cc(Cl)c1Cl,ACGUYXCXAPNIKK-UHFFFAOYSA-N,1
CHEMBL3356,CHEMBL416,COc1c2occc2cc2ccc(=O)oc12,QXKHYNVANLEOEG-UHFFFAOYSA-N,1
CHEMBL3356,CHEMBL567597,CC1CCC2C(C)C(=O)OC3OC4(C)CCC1C32OO4,BLUAFEHZUWYNDE-UHFFFAOYSA-N,1
CHEMBL3356,CHEMBL98350,O=c1cc(N2CCOCC2)oc2c(-c3ccccc3)cccc12,CZQHHVNHHHRRDU-UHFFFAOYSA-N,1
CHEMBL3356,CHEMBL46909,COc1cc(C=Cc2ccc(OC)cc2OC)cc(OC)c1,JDBCWSHYEQUBLW-UHFFFAOYSA-N,1
CHEMBL3356,CHEMBL95,Nc1c2c(nc3ccccc13)CCCC2,YLJREFDVOIBQDA-UHFFFAOYSA-N,1
CHEMBL3356,CHEMBL452751,COc1c2ccoc2c(OCC=C(C)C)c2oc(=O)ccc12,BMLZFLQMBMYVHG-UHFFFAOYSA-N,1
CHEMBL3356,CHEMBL2152522,c1ccc(C(C(c2ccccc2)N2CCCCC2)N2CCCCC2)cc1,MTYFDEYZRYWPAI-UHFFFAOYSA-N,0
CHEMBL3356,CHEMBL296411,COc1ccc(C=Cc2cc(OC)cc(OC)c2)cc1,GDHNBPHYVRHYCC-UHFFFAOYSA-N,1
CHEMBL3356,CHEMBL274056,O=C1C=CC(=O)c2c(O)ccc(O)c21,RQNVIKXOOKXAJQ-UHFFFAOYSA-N,1
CHEMBL3356,CHEMBL3422028,CCC(=C(c1ccc(O)cc1)c1ccc(OCCN)cc1)c1ccc(O)cc1,VYSGWFCGFKTGQC-UHFFFAOYSA-N,1
CHEMBL3356,CHEMBL441035,COc1cc(C=Cc2cc(OC)cc(OC)c2)cc(OC)c1,PVCLRSRSMZBWMF-UHFFFAOYSA-N,0
CHEMBL3356,CHEMBL44509,COc1cc(C=Cc2ccc(OC)c(OC)c2)cc(OC)c1,PTVAOGIYBMTHSN-UHFFFAOYSA-N,0
CHEMBL3356,CHEMBL43065,Oc1cc(O)cc(C=Cc2ccc(O)cc2O)c1,PDHAOJSHSJQANO-UHFFFAOYSA-N,0
CHEMBL3356,CHEMBL1095671,CCCCCCCC(O)CC(=O)CCc1ccc(O)c(OC)c1,BCIWKKMTBRYQJU-UHFFFAOYSA-N,0
CHEMBL3356,CHEMBL43741,COc1cc(C=Cc2cc(OC)c(OC)c(OC)c2)cc(OC)c1,PYSIIZCKWCWZPP-UHFFFAOYSA-N,1
CHEMBL3356,CHEMBL44746,COc1c2occc2c(OC)c2c(=O)cc(C)oc12,HSMPDPBYAYSOBC-UHFFFAOYSA-N,1
CHEMBL3356,CHEMBL226508,COc1ccc(-c2cc(=O)c3c(O)c(OC)c(OC)cc3o2)cc1OC,QEWSAPKRFOFQIU-UHFFFAOYSA-N,1
CHEMBL3356,CHEMBL295316,CC1=CC(=O)c2c(O)cccc2C1=O,VCMMXZQDRFWYSE-UHFFFAOYSA-N,1
CHEMBL3356,CHEMBL453384,CC(C)(C)NCc1cc(Nc2ccnc3cc(Cl)ccc23)ccc1F,OKGGBPZMSDNNFA-UHFFFAOYSA-N,1
CHEMBL3356,CHEMBL140796,COc1c2ccoc2c(OC)c2oc(=O)ccc12,DFMAXQKDIGCMTL-UHFFFAOYSA-N,1
CHEMBL3356,CHEMBL402978,CCCCCC(O)CC(=O)CCc1ccc(O)c(OC)c1,NLDDIKRKFXEWBK-UHFFFAOYSA-N,0
CHEMBL3356,CHEMBL43395,COc1cc(C=Cc2ccc(OC)cc2O)cc(OC)c1,IBVZKTRMHHMIIS-UHFFFAOYSA-N,0
CHEMBL3356,CHEMBL4294195,COc1ccc2c(c1OC)C(OC)N(C)c1c-2ccc2cc3c(cc12)OCO3,LVWAKZBZWYHYCJ-UHFFFAOYSA-N,1
CHEMBL3356,CHEMBL24171,COc1c2ccoc2cc2oc(=O)ccc12,BGEBZHIAGXMEMV-UHFFFAOYSA-N,1
CHEMBL3356,CHEMBL3115180,CC(C)c1nc(CN(C)C(=O)NC(CCN2CCOCC2)C(=O)NC(CCC(Cc2ccccc2)NC(=O)OCc2cncs2)Cc2ccccc2)cs1,ZCIGNRJZKPOIKD-UHFFFAOYSA-N,0
CHEMBL3356,CHEMBL81923,C[n+]1c2n(c(=O)c3ccccc31)CCc1c-2[nH]c2ccccc12,VXHNSVKJHXSKKM-UHFFFAOYSA-O,1
CHEMBL3356,CHEMBL3219852,COc1ccc(C=Cc2ccccc2)c(OC)c1,FQUPCEHJCVWBRZ-UHFFFAOYSA-N,1
CHEMBL3356,CHEMBL314132,COc1cccc2c(=O)n3c(nc12)-c1[nH]c2ccccc2c1CC3,HUQHSJJIKVPMHA-UHFFFAOYSA-N,1
CHEMBL3356,CHEMBL486598,CN1c2ccccc2C(=O)N2CCc3c([nH]c4ccccc34)C21,TXDUTHBFYKGSAH-UHFFFAOYSA-N,0
CHEMBL3356,CHEMBL85826,COc1ccc2[nH]c3c(c2c1)CCn1c-3nc2ccccc2c1=O,JNHSRGXMKPJTEV-UHFFFAOYSA-N,1
CHEMBL3356,CHEMBL85139,O=c1c2ccccc2nc2n1CCc1c-2[nH]c2ccccc12,ACVGWSKVRYFWRP-UHFFFAOYSA-N,1
CHEMBL3356,CHEMBL8,O=C(O)c1cn(C2CC2)c2cc(N3CCNCC3)c(F)cc2c1=O,MYSWGUAQZAJSOK-UHFFFAOYSA-N,0
CHEMBL3356,CHEMBL195820,Clc1cccc2c(Cl)cccc12,ZBQZXTBAGBTUAD-UHFFFAOYSA-N,0
CHEMBL3356,CHEMBL276334,Clc1ccc(-c2ccccc2)cc1,FPWNLURCHDRMHC-UHFFFAOYSA-N,0
CHEMBL3356,CHEMBL14092,c1ccc(-c2ccccc2)cc1,ZUOUZKKEUPVFJK-UHFFFAOYSA-N,0
CHEMBL3356,CHEMBL195857,COc1ccc2ccccc2c1,LUZDYPLAQQGJEA-UHFFFAOYSA-N,0
CHEMBL3356,CHEMBL365740,CCCCCCC1CCC(=O)O1,IFYYFLINQYPWGJ-UHFFFAOYSA-N,0
CHEMBL3356,CHEMBL191935,CCCCCC1CCC(=O)O1,OALYTRUKMRCXNH-UHFFFAOYSA-N,0
CHEMBL3356,CHEMBL191667,Cc1cc2ccccc2cn1,FVVXWRGARUACNW-UHFFFAOYSA-N,0
CHEMBL3356,CHEMBL195036,Cc1ccc2ccc(C)cc2c1,LRQYSMQNJLZKPS-UHFFFAOYSA-N,0
CHEMBL3356,CHEMBL191745,Clc1ccccc1-c1ccccc1,LAXBNTIAOJWAOP-UHFFFAOYSA-N,0
CHEMBL3356,CHEMBL370524,Cc1cc(C)c2ccccc2c1,QHJMFSMPSZREIF-UHFFFAOYSA-N,1
CHEMBL3356,CHEMBL383808,Cc1cccc2ccccc12,QPUYECUOLPXSFR-UHFFFAOYSA-N,0
CHEMBL3356,CHEMBL191989,O=C1CCC(c2ccccc2)O1,AEUULUMEYIPECD-UHFFFAOYSA-N,0
CHEMBL3356,CHEMBL194502,Cc1ccc2nc(C)ccc2c1,JJPSZKIOGBRMHK-UHFFFAOYSA-N,1
CHEMBL3356,CHEMBL16293,c1ccc2ccccc2c1,UFWIBTONFRDIAS-UHFFFAOYSA-N,0
CHEMBL3356,CHEMBL577397,COc1c(-c2ccc3c(c2)OCO3)oc2c(ccc3occc32)c1=O,IGFBIJDAWSAJIF-UHFFFAOYSA-N,1
CHEMBL3356,CHEMBL195215,CCCCCCCCC1CCC(=O)O1,WGPCZPLRVAWXPW-UHFFFAOYSA-N,0
CHEMBL3356,CHEMBL363803,Cc1ccc2c(C)cccc2c1,CBMXCNPQDUJNHT-UHFFFAOYSA-N,0
CHEMBL3356,CHEMBL194876,Cc1ccc2ccc(C)nc2c1,QXKPLNCZSFACPU-UHFFFAOYSA-N,1
CHEMBL3356,CHEMBL195661,Cc1cnc2ccccc2c1,DTBDAFLSBDGPEA-UHFFFAOYSA-N,0
CHEMBL3356,CHEMBL195895,Cc1ccc2ccccc2c1,QIMMUPPBPVKWKM-UHFFFAOYSA-N,0
CHEMBL3356,CHEMBL192820,CCCCC1CCCCC1,GGBJHURWWWLEQH-UHFFFAOYSA-N,0
CHEMBL3356,CHEMBL195827,CCCCCCCC1CCC(=O)O1,PHXATPHONSXBIL-UHFFFAOYSA-N,0
CHEMBL3356,CHEMBL370687,c1ccc2c(c1)CCC2,PQNFLJBBNBOBRQ-UHFFFAOYSA-N,0
CHEMBL3356,CHEMBL280323,O=c1[nH]c2ccccc2o1,ASSKVPFEZFQQNQ-UHFFFAOYSA-N,0
CHEMBL3356,CHEMBL435106,Cc1cccc2c(C)cccc12,SDDBCEWUYXVGCQ-UHFFFAOYSA-N,0
CHEMBL3356,CHEMBL279564,c1cc2ccc3cccc4ccc(c1)c2c34,BBEAQIROQSPTKN-UHFFFAOYSA-N,1
CHEMBL3356,CHEMBL195338,Clc1cccc2ccccc12,JTPNRXUCIXHOKM-UHFFFAOYSA-N,0
CHEMBL3356,CHEMBL372284,Cc1cc(C)oc(=O)c1,IXYLIUKQQQXXON-UHFFFAOYSA-N,0
CHEMBL3356,CHEMBL284584,O=C1Cc2ccccc2O1,ACZGCWSMSTYWDQ-UHFFFAOYSA-N,0
CHEMBL3356,CHEMBL373024,Cc1ccc2cccc(C)c2c1,SPUWFVKLHHEKGV-UHFFFAOYSA-N,1
CHEMBL3356,CHEMBL91,Clc1ccc(COC(Cn2ccnc2)c2ccc(Cl)cc2Cl)c(Cl)c1,BYBLEWFAAKGYCD-UHFFFAOYSA-N,1
CHEMBL3356,CHEMBL192418,Cc1cc(C)c2ccccc2n1,ZTNANFDSJRRZRJ-UHFFFAOYSA-N,1
CHEMBL3356,CHEMBL362076,Cc1ccc(C)c2ccccc12,APQSQLNWAIULLK-UHFFFAOYSA-N,1
CHEMBL3356,CHEMBL191357,Clc1ccc(Cl)c2ccccc12,JDPKCYMVSKDOGS-UHFFFAOYSA-N,1
CHEMBL3356,CHEMBL192458,CCC1CCC(=O)O1,JBFHTYHTHYHCDJ-UHFFFAOYSA-N,0
CHEMBL3356,CHEMBL373123,O=C1CCCCCO1,PAPBSGBWRJIAAV-UHFFFAOYSA-N,0
CHEMBL3356,CHEMBL195593,CC1CCC(=O)O1,GAEKPEKOJKCEMS-UHFFFAOYSA-N,0
CHEMBL3356,CHEMBL3,CN1CCCC1c1cccnc1,SNICXCGAKADSCV-UHFFFAOYSA-N,0
CHEMBL3356,CHEMBL14126,Oc1ccc2ccccc2c1,JWAZRIHNYRIHIV-UHFFFAOYSA-N,0
CHEMBL3356,CHEMBL103299,Cc1ccc(CCN)cc1,VKJXAQYPOTYDLO-UHFFFAOYSA-N,0
CHEMBL3356,CHEMBL365316,CCCC1CCC(=O)O1,VLSVVMPLPMNWBH-UHFFFAOYSA-N,0
CHEMBL3356,CHEMBL370688,c1ccc2c(c1)CCO2,HBEDSQVIWPRPAY-UHFFFAOYSA-N,0
CHEMBL3356,CHEMBL578211,CN1C(=O)CCC1c1cccnc1,UIKROCXWUNQSPJ-UHFFFAOYSA-N,0
CHEMBL3356,CHEMBL161598,COc1ccc(C=O)cc1,ZRSNZINYAWTAHE-UHFFFAOYSA-N,0
CHEMBL3356,CHEMBL195441,CCCCc1ccccc1,OCKPCBLVNKHBMX-UHFFFAOYSA-N,0
CHEMBL3356,CHEMBL194983,Cc1ccc2cc(C)ccc2c1,YGYNBBAUIYTWBF-UHFFFAOYSA-N,0
CHEMBL3356,CHEMBL122617,Oc1cccc2ccccc12,KJCVRFUGPWSIIH-UHFFFAOYSA-N,1
CHEMBL3356,CHEMBL382541,Cc1ccc2ccccc2c1C,QNLZIZAQLLYXTC-UHFFFAOYSA-N,1
CHEMBL3356,CHEMBL194931,Cc1ccc2ccccc2n1,SMUQFGGVLNAIOZ-UHFFFAOYSA-N,0
CHEMBL3356,CHEMBL110,O=C(Cn1ccnc1[N+](=O)[O-])NCc1ccccc1,CULUWZNBISUWAS-UHFFFAOYSA-N,0
CHEMBL3356,CHEMBL1064,CCC(C)(C)C(=O)OC1CC(C)C=C2C=CC(C)C(CCC3CC(O)CC(=O)O3)C21,RYMZZMVNJRMUDD-UHFFFAOYSA-N,0
CHEMBL3356,CHEMBL385517,N#CC1CC2CC2N1C(=O)C(N)C12CC3CC(CC(O)(C3)C1)C2,QGJUIPDUBHWZPV-UHFFFAOYSA-N,0
CHEMBL3356,CHEMBL4089401,Cc1cc(Cl)c2c(c1N)C(=O)c1ccccc1C2=O,XHWWVXZEALFXQA-UHFFFAOYSA-N,1
