target_chembl_id,compound_chembl_id,c_smiles,noiso_InChIKey,active_label
CHEMBL1900,CHEMBL602899,CC(CC(=O)CC(C)C1CC(O)C2(C)C3=C(C(=O)CC12C)C1(C)CCC(=O)C(C)(C)C1CC3O)C(=O)O,DYOKDAQBNHPJFD-UHFFFAOYSA-N,0
CHEMBL1900,CHEMBL150372,O=c1oc2ccccc2cc1O,MJKVTPMWOKAVMS-UHFFFAOYSA-N,0
CHEMBL1900,CHEMBL1087180,CC(CC(=O)CC(C)C1CC(=O)C2(C)C3=C(C(=O)CC12C)C1(C)CCC(O)C(C)(C)C1CC3O)C(=O)O,LWPLEHFGBRFRKI-UHFFFAOYSA-N,0
CHEMBL1900,CHEMBL1255818,O=c1cc(-c2ccccc2)c2cc(O)c(O)cc2o1,TZRNJQYCOSMOJS-UHFFFAOYSA-N,0
CHEMBL1900,CHEMBL1922174,CC(CC(=O)CC(C)C1CC(O)C2(C)C3=C(C(=O)CC12C)C1(C)CCC(O)C(C)(C)C1CC3O)C(=O)O,RERVSJVGWKIGTJ-UHFFFAOYSA-N,0
CHEMBL1900,CHEMBL1086927,COC(=O)C(C)CC(=O)CC(C)C1CC(O)C2(C)C3=C(C(=O)CC12C)C1(C)CCC(=O)C(C)(C)C1CC3O,GBFBBVYGZAABTI-UHFFFAOYSA-N,0
CHEMBL1900,CHEMBL1922182,COC(=O)C(C)CC(=O)CC(C)C1CC(O)C2(C)C3=C(C(=O)CC12C)C1(C)CCC(O)C(C)(C)C1CC3O,UEEGPTLRKRDHLY-UHFFFAOYSA-N,0
CHEMBL1900,CHEMBL313244,Cc1cc(=O)oc2cc(O)c(O)cc12,KVOJTUXGYQVLAJ-UHFFFAOYSA-N,0
CHEMBL1900,CHEMBL1922176,CC(CC(=O)CC(C)C1CC(O)C2(C)C3=C(C(=O)CC12C)C1(C)CCC(O)C(C)(C)C1CC3)C(=O)O,YPYHGMCHNBTMDB-UHFFFAOYSA-N,0
CHEMBL1900,CHEMBL244743,O=c1ccc2cc(O)c(O)cc2o1,ILEDWLMCKZNDJK-UHFFFAOYSA-N,0
CHEMBL1900,CHEMBL1922173,COC(=O)C(C)CC(=O)C=C(C)C1CC(O)C2(C)C3=C(C(=O)CC12C)C1(C)CCC(=O)C(C)(C)C1CC3O,VLILOXNRSPUUFE-UHFFFAOYSA-N,0
CHEMBL1900,CHEMBL2205002,CC(CC(=O)CC(C)C1CC(=O)C2(C)C3=C(C(=O)CC12C)C1(C)CCC(=O)C(C)(C)C1CC3O)C(=O)O,YTVGSCZIHGRVAV-UHFFFAOYSA-N,0
CHEMBL1900,CHEMBL51483,Cc1cc2c(C(C)C)c(O)c(O)c(C=O)c2c(O)c1-c1c(C)cc2c(C(C)C)c(O)c(O)c(C=O)c2c1O,QBKSWRVVCFFDOT-UHFFFAOYSA-N,1
CHEMBL1900,CHEMBL230006,CC1(C(=O)O)CCC2(C)CCC3(C)C(=CC(=O)C4C5(C)CCC(O)C(C)(C)C5CCC43C)C2C1,MPDGHEJMBKOTSU-UHFFFAOYSA-N,0
CHEMBL1900,CHEMBL466844,CC(C)=CCCC(C)(O)C1CCC2(C)C1C(O)CC1C3(C)CCC(O)C(C)(C)C3C(OC3OC(CO)C(O)C(O)C3O)CC12C,RAQNTCRNSXYLAH-UHFFFAOYSA-N,0
CHEMBL1900,CHEMBL269277,C=C(C)C1CCC2(C(=O)O)CCC3(C)C(CCC4C5(C)CCC(O)C(C)(C)C5CCC43C)C12,QGJZLNKBHJESQX-UHFFFAOYSA-N,1
CHEMBL1900,CHEMBL169,CC1CCC2(C(=O)O)CCC3(C)C(=CCC4C5(C)CCC(O)C(C)(C)C5CCC43C)C2C1C,WCGUUGGRBIKTOS-UHFFFAOYSA-N,0
CHEMBL1900,CHEMBL117,O=c1cc(-c2ccccc2)oc2cc(O)cc(O)c12,RTIXKCRFFJGDFG-UHFFFAOYSA-N,1
CHEMBL1900,CHEMBL404313,CC1CCC2(C(=O)O)CCC3(C)C(=CCC4C5(C)CC(O)C(O)C(C)(CO)C5CCC43C)C2C1C,JXSVIVRDWWRQRT-UHFFFAOYSA-N,0
CHEMBL1900,CHEMBL15770,CC1=C(CC(=O)O)c2cc(F)ccc2C1=Cc1ccc([S+](C)[O-])cc1,MLKXDPUZXIRXEP-UHFFFAOYSA-N,1
CHEMBL1900,CHEMBL480283,O=C(OC1OC(CO)C(O)C(O)C1O)c1cc(O)c(O)c(O)c1,GDVRUDXLQBVIKP-UHFFFAOYSA-N,1
CHEMBL1900,CHEMBL1783835,CC(C)=CCCC(C)(O)C1CCC2(C)C1C(O)CC1C3(C)CCC(OC4OC(CO)C(O)C(O)C4O)C(C)(C)C3CCC12C,CKUVNOCSBYYHIS-UHFFFAOYSA-N,0
CHEMBL1900,CHEMBL201515,CC1(C)CCC2(C(=O)O)CCC3(C)C(=CCC4C5(C)CC(O)C(O)C(C)(C)C5CCC43C)C2C1,MDZKJHQSJHYOHJ-UHFFFAOYSA-N,0
CHEMBL1900,CHEMBL50,O=c1c(O)c(-c2ccc(O)c(O)c2)oc2cc(O)cc(O)c12,REFJWTPEDVJJIY-UHFFFAOYSA-N,1
CHEMBL1900,CHEMBL168,CC1(C)CCC2(C(=O)O)CCC3(C)C(=CCC4C5(C)CCC(O)C(C)(C)C5CCC43C)C2C1,MIJYXULNPSFWEK-UHFFFAOYSA-N,0
CHEMBL1900,CHEMBL3355096,CC(C)=CCCC(C)(OC1OC(CO)C(O)C(O)C1O)C1CCC2(C)C1C(O)CC1C3(C)CCC(O)C(C)(C)C3CCC12C,FVIZARNDLVOMSU-UHFFFAOYSA-N,0
CHEMBL1900,CHEMBL3355095,CC(C)=CCCC(C)(O)C1CCC2(C)C1C(O)CC1C3(C)CCC(O)C(C)(C)C3C(OC3OC(CO)C(O)C(O)C3OC3OC(CO)C(O)C(O)C3O)CC12C,UZIOUZHBUYLDHW-UHFFFAOYSA-N,0
CHEMBL1900,CHEMBL270067,CC(CCC(=O)O)C1CCC2C3CCC4CC(O)CCC4(C)C3CCC12C,SMEROWZSTRWXGI-UHFFFAOYSA-N,1
CHEMBL1900,CHEMBL398412,CC(C)=CCCC(C)(O)C1CCC2(C)C1C(O)CC1C3(C)CCC(OC4OC(CO)C(O)C(O)C4OC4OC(CO)C(O)C(O)C4O)C(C)(C)C3CCC12C,RWXIFXNRCLMQCD-UHFFFAOYSA-N,0
CHEMBL1900,CHEMBL400074,CC1(C)CCC2(CO)CCC3(C)C(=CCC4C5(C)CCC(O)C(C)(C)C5CCC43C)C2C1,PSZDOEIIIJFCFE-UHFFFAOYSA-N,0
CHEMBL1900,CHEMBL112743,COc1c(O)c(C=O)c2c(O)c(-c3c(C)cc4c(C(C)C)c(OC)c(O)c(C=O)c4c3O)c(C)cc2c1C(C)C,OUHOXIPLBJIWEG-UHFFFAOYSA-N,1
CHEMBL1900,CHEMBL319244,O=C(C=Cc1ccc(O)c(O)c1)OCCc1ccccc1,SWUARLUWKZWEBQ-UHFFFAOYSA-N,1
CHEMBL1900,CHEMBL239559,O=c1cc(-c2ccc(O)c(O)c2)oc2cc(O)c(C3OC(CO)C(O)C(O)C3O)c(O)c12,ODBRNZZJSYPIDI-UHFFFAOYSA-N,1
CHEMBL1900,CHEMBL454320,COc1cc(-c2cc(=O)c3c(O)cc(O)cc3o2)cc(OC)c1O,HRGUSFBJBOKSML-UHFFFAOYSA-N,1
CHEMBL1900,CHEMBL2263318,O=C(C=Cc1ccc(O)c(O)c1)OCC1OC(Oc2c(-c3ccc(O)c(O)c3)oc3cc(O)cc(O)c3c2=O)C(O)C(O)C1O,IHBVMUCQCZEAPW-UHFFFAOYSA-N,1
CHEMBL1900,CHEMBL289277,Cc1cc(O)c2c(c1)C(=O)c1cc(O)cc(O)c1C2=O,RHMXXJGYXNZAPX-UHFFFAOYSA-N,1
CHEMBL1900,CHEMBL1044,O=C(O)Cc1ccccc1,WLJVXDMOQOGPHL-UHFFFAOYSA-N,0
CHEMBL1900,CHEMBL240714,O=C(O)Cc1ccccc1O,CCVYRRGZDBSHFU-UHFFFAOYSA-N,1
CHEMBL1900,CHEMBL6466,O=c1ccc2ccccc2o1,ZYGHJZDHTFUPRJ-UHFFFAOYSA-N,0
CHEMBL1900,CHEMBL325841,O=c1cc(-c2ccccc2)c2ccc(O)cc2o1,IVJMJRRORVMRJJ-UHFFFAOYSA-N,1
CHEMBL1900,CHEMBL1922171,CC(=CC(=O)CC(C)C(=O)O)C1CC(O)C2(C)C3=C(C(=O)CC12C)C1(C)CCC(=O)C(C)(C)C1CC3O,OVUOUFPIPZJGME-UHFFFAOYSA-N,0
CHEMBL1900,CHEMBL1922169,CC(CC(=O)CC(C)C1CC(=O)C2(C)C3=C(C(O)CC12C)C1(C)CCC(=O)C(C)(C)C1CC3O)C(=O)O,MFIBBDYLQUDECT-UHFFFAOYSA-N,0
CHEMBL1900,CHEMBL105350,O=C(C=Cc1ccc(O)cc1)CC(=O)C=Cc1ccc(O)cc1,PREBVFJICNPEKM-UHFFFAOYSA-N,1
CHEMBL1900,CHEMBL1922178,CC(=O)OC1C(=O)C2=C(C(=O)CC3C2(C)CCC(O)C3(C)C)C2(C)C(=O)CC(C(C)CC(=O)CC(C)C(=O)O)C12C,YCXUCEXEMJPDRZ-UHFFFAOYSA-N,0
CHEMBL1900,CHEMBL12208,Cc1cc(=O)oc2cc(O)ccc12,HSHNITRMYYLLCV-UHFFFAOYSA-N,0
CHEMBL1900,CHEMBL1922175,CC(CC(=O)CC(C)C1CC(=O)C2(C)C3=C(C(=O)C(O)C12C)C1(C)CCC(O)C(C)(C)C1CC3O)C(=O)O,BPJPBLZKOVIJQD-UHFFFAOYSA-N,0
CHEMBL1900,CHEMBL243263,O=c1ccc2cc(O)ccc2o1,CJIJXIFQYOPWTF-UHFFFAOYSA-N,0
CHEMBL1900,CHEMBL301141,O=c1cc(O)c2ccccc2o1,VXIXUWQIVKSKSA-UHFFFAOYSA-N,0
CHEMBL1900,CHEMBL71851,COc1cc2ccc(=O)oc2cc1O,RODXRVNMMDRFIK-UHFFFAOYSA-N,0
CHEMBL1900,CHEMBL1922170,CC(CC(=O)CC(C)C1CC(=O)C2(C)C3=C(C(=O)C(O)C12C)C1(C)CCC(O)C(C)(C)C1CC3=O)C(=O)O,BTYTWXWAFWKSTA-UHFFFAOYSA-N,0
CHEMBL1900,CHEMBL49732,COc1ccc2ccc(=O)oc2c1,LIIALPBMIOVAHH-UHFFFAOYSA-N,0
CHEMBL1900,CHEMBL51628,O=c1ccc2ccc(O)cc2o1,ORHBXUUXSCNDEV-UHFFFAOYSA-N,0
CHEMBL1900,CHEMBL1922172,CC(CC(=O)CC(C)C1CC(O)C2(C)C3=C(C(=O)CC12C)C1(C)CCC(=O)C(C)(C)C1CC3=O)C(=O)O,KIJCKCLHIXLFEW-UHFFFAOYSA-N,0
CHEMBL1900,CHEMBL1922177,CC(=O)OC1C(=O)C2=C(C(O)CC3C2(C)CCC(O)C3(C)C)C2(C)C(=O)CC(C(C)CC(=O)CC(C)C(=O)O)C12C,OEHYQHPDUCRLMW-UHFFFAOYSA-N,0
CHEMBL1900,CHEMBL1622,Nc1nc(=O)c2nc(CNc3ccc(C(=O)NC(CCC(=O)O)C(=O)O)cc3)cnc2[nH]1,OVBPIULPVIDEAO-UHFFFAOYSA-N,0
CHEMBL1900,CHEMBL193569,O=C(O)Cn1cc(Cc2nc3cc(F)ccc3s2)c2ccccc21,UXEQTQLGTPBEQZ-UHFFFAOYSA-N,1
CHEMBL1900,CHEMBL390320,COc1cc2oc(=O)ccc2cc1O,SYTYLPHCLSSCOJ-UHFFFAOYSA-N,0
CHEMBL1900,CHEMBL6,COc1ccc2c(c1)c(CC(=O)O)c(C)n2C(=O)c1ccc(Cl)cc1,CGIGDMFJXJATDK-UHFFFAOYSA-N,1
CHEMBL1900,CHEMBL549472,CCCCCCCCCC(O)CC(=O)CCc1ccc(O)c(OC)c1,AIULWNKTYPZYAN-UHFFFAOYSA-N,0
CHEMBL1900,CHEMBL424,O=C(O)c1ccccc1O,YGSDEFSMJLZEOE-UHFFFAOYSA-N,0
CHEMBL1900,CHEMBL571,CC(C(=O)O)c1cccc(C(=O)c2ccccc2)c1,DKYWVDODHFEZIM-UHFFFAOYSA-N,0
CHEMBL1900,CHEMBL284616,O=C(C=Cc1ccc(O)c(O)c1)OC1CC(O)(C(=O)O)CC(O)C1O,CWVRJTMFETXNAD-UHFFFAOYSA-N,1
CHEMBL1900,CHEMBL151,O=c1cc(-c2ccc(O)c(O)c2)oc2cc(O)cc(O)c12,IQPNAANSBPBGFQ-UHFFFAOYSA-N,1
CHEMBL1900,CHEMBL82242,CC1OC(Oc2c(-c3ccc(O)c(O)c3)oc3cc(O)cc(O)c3c2=O)C(O)C(O)C1O,OXGUCUVFOIWWQJ-UHFFFAOYSA-N,1
CHEMBL1900,CHEMBL131921,COc1ccc(-c2coc3cc(O)cc(O)c3c2=O)cc1,WUADCCWRTIWANL-UHFFFAOYSA-N,0
CHEMBL1900,CHEMBL233930,O=c1c(OC2OC(CO)C(O)C(O)C2O)c(-c2ccc(O)cc2)oc2cc(O)cc(O)c12,JPUKWEQWGBDDQB-UHFFFAOYSA-N,0
CHEMBL1900,CHEMBL487417,O=c1cc(-c2ccc(O)cc2)oc2c(C3OC(CO)C(O)C(O)C3O)c(O)cc(O)c12,SGEWCQFRYRRZDC-UHFFFAOYSA-N,0
CHEMBL1900,CHEMBL251254,O=c1c(OC2OC(CO)C(O)C(O)C2O)c(-c2ccc(O)c(O)c2)oc2cc(O)cc(O)c12,OVSQVDMCBVZWGM-UHFFFAOYSA-N,1
CHEMBL1900,CHEMBL1940910,O=C(C=Cc1ccc(O)cc1)c1ccc(OC2OC(CO)C(O)C(O)C2OC2OCC(O)(CO)C2O)cc1O,NIZFPXZQERMCLE-UHFFFAOYSA-N,1
CHEMBL1900,CHEMBL471282,O=c1c(OC2OC(CO)C(O)C2O)c(-c2ccc(O)c(O)c2)oc2cc(O)cc(O)c12,BDCDNTVZSILEOY-UHFFFAOYSA-N,0
CHEMBL1900,CHEMBL129795,O=C(C=Cc1ccc(O)cc1)c1ccc(O)cc1O,DXDRHHKMWQZJHT-UHFFFAOYSA-N,1
CHEMBL1900,CHEMBL187266,Cc1coc2c1C(=O)C(=O)c1c-2ccc2c1CCCC2(C)C,HYXITZLLTYIPOF-UHFFFAOYSA-N,1
CHEMBL1900,CHEMBL28,O=c1cc(-c2ccc(O)cc2)oc2cc(O)cc(O)c12,KZNIFHPLKGYRTM-UHFFFAOYSA-N,0
CHEMBL1900,CHEMBL312163,COc1cc(O)c2c(=O)c(O)c(-c3ccc(O)c(O)c3)oc2c1,JGUZGNYPMHHYRK-UHFFFAOYSA-N,1
CHEMBL1900,CHEMBL402947,O=c1c(O)c(-c2ccc(OC3OC(CO)C(O)C(O)C3O)c(O)c2)oc2cc(O)cc(O)c12,OIUBYZLTFSLSBY-UHFFFAOYSA-N,0
CHEMBL1900,CHEMBL9352,O=C1CC(c2ccc(O)cc2)Oc2cc(O)cc(O)c21,FTVWIRXFELQLPI-UHFFFAOYSA-N,0
CHEMBL1900,CHEMBL276915,O=c1cc(-c2ccccc2)oc2cc(O)ccc12,MQGPSCMMNJKMHQ-UHFFFAOYSA-N,0
CHEMBL1900,CHEMBL599763,O=C(C=Cc1ccc(OC2OC(CO)C(O)C(O)C2O)cc1)c1ccc(O)cc1O,YNWXJFQOCHMPCK-UHFFFAOYSA-N,1
CHEMBL1900,CHEMBL6246,O=c1oc2c(O)c(O)cc3c(=O)oc4c(O)c(O)cc1c4c23,AFSDNFLWKVMVRB-UHFFFAOYSA-N,1
CHEMBL1900,CHEMBL8145,O=c1c(-c2ccc(O)cc2)coc2cc(O)ccc12,ZQSIJRDFPHDXIC-UHFFFAOYSA-N,0
CHEMBL1900,CHEMBL150,O=c1c(O)c(-c2ccc(O)cc2)oc2cc(O)cc(O)c12,IYRMWMYZSQPJKC-UHFFFAOYSA-N,1
CHEMBL1900,CHEMBL44,O=c1c(-c2ccc(O)cc2)coc2cc(O)cc(O)c12,TZBJGXHYKVUXJN-UHFFFAOYSA-N,0
CHEMBL1900,CHEMBL171055,O=C(O)c1cc(=O)c2ccc(O)cc2o1,QLJYPGSMODXQON-UHFFFAOYSA-N,1
CHEMBL1900,CHEMBL164,O=c1c(O)c(-c2cc(O)c(O)c(O)c2)oc2cc(O)cc(O)c12,IKMDFBPHZNJCSN-UHFFFAOYSA-N,0
CHEMBL1900,CHEMBL464997,CC(C)=CCc1cc(C=CC(=O)O)ccc1O,HZKNHDLUFBYIQN-UHFFFAOYSA-N,0
CHEMBL1900,CHEMBL249447,O=C(C=Cc1ccc(O)c(O)c1)OC1CC(O)(C(=O)O)CC(OC(=O)C=Cc2ccc(O)c(O)c2)C1O,KRZBCHWVBQOTNZ-UHFFFAOYSA-N,1
CHEMBL1900,CHEMBL324842,O=C(C=Cc1ccc(O)c(O)c1)OC(Cc1ccc(O)c(O)c1)C(=O)O,DOUMFZQKYFQNTF-UHFFFAOYSA-N,1
CHEMBL1900,CHEMBL1095574,O=C(C=Cc1ccc(O)cc1)OCc1ccccc1,RGZZCZQQPNJCPO-UHFFFAOYSA-N,1
CHEMBL1900,CHEMBL133714,O=C(C=Cc1ccc(O)c(O)c1)OCc1ccccc1,WWVKQTNONPWVEL-UHFFFAOYSA-N,1
CHEMBL1900,CHEMBL456309,CC(C)=CCc1cc(C=CC(=O)O)cc(CC=C(C)C)c1O,KABCFARPAMSXCC-UHFFFAOYSA-N,0
CHEMBL1900,CHEMBL145,O=C(O)C=Cc1ccc(O)c(O)c1,QAIPRVGONGVQAS-UHFFFAOYSA-N,0
CHEMBL1900,CHEMBL249448,O=C(C=Cc1ccc(O)c(O)c1)OC1CC(O)(C(=O)O)CC(O)C1OC(=O)C=Cc1ccc(O)c(O)c1,UFCLZKMFXSILNL-UHFFFAOYSA-N,1
CHEMBL1900,CHEMBL37537,O=C(O)c1ccc(O)c(O)c1,YQUVCSBJEUQKSH-UHFFFAOYSA-N,0
CHEMBL1900,CHEMBL288114,O=C(O)c1cc(O)c(O)c(O)c1,LNTHITQWFMADLM-UHFFFAOYSA-N,0
CHEMBL1900,CHEMBL27246,O=C(O)C=Cc1ccccc1,WBYWAXJHAXSJNI-UHFFFAOYSA-N,0
CHEMBL1900,CHEMBL1414,COc1cc(C(=O)O)cc(OC)c1O,JMSVCTWVEWCHDZ-UHFFFAOYSA-N,0
