target_chembl_id,compound_chembl_id,c_smiles,noiso_InChIKey,active_label
CHEMBL230,CHEMBL1221727,CCC(=C(c1ccccc1)c1ccc(OC)cc1)c1ccc(S(C)(=O)=O)cc1,DCTJYWHQVPYTJL-UHFFFAOYSA-N,1
CHEMBL230,CHEMBL395428,CC1(C)CCC2(C)CCC3(C)C(=CCC4C5(C)CCC(O)C(C)(C(=O)O)C5CCC43C)C2C1,BZXULBWGROURAF-UHFFFAOYSA-N,0
CHEMBL230,CHEMBL230006,CC1(C(=O)O)CCC2(C)CCC3(C)C(=CC(=O)C4C5(C)CCC(O)C(C)(C)C5CCC43C)C2C1,MPDGHEJMBKOTSU-UHFFFAOYSA-N,0
CHEMBL230,CHEMBL4462866,CC1(C)CCC2(C)CCC3(C)C(=CC(=O)C4C5(C)CCC(O)C(C)(C)C5CCC43C)C2C1,UKAIYBGRLWQHDQ-UHFFFAOYSA-N,0
CHEMBL230,CHEMBL464466,CC1(C)CCC2(C(=O)O)CCC3(C)C(=CCC4C5(C)CC(O)C(O)C(C)(CO)C5CCC43C)C2C1,RWNHLTKFBKYDOJ-UHFFFAOYSA-N,0
CHEMBL230,CHEMBL1802044,CC(=O)OC1CCC2(C)C(CCC3(C)C2CC=C2C4CC(C)(C)CCC4(C)CCC23C)C1(C)C(=O)O,IAWGZKRQDHPFCZ-UHFFFAOYSA-N,0
CHEMBL230,CHEMBL169,CC1CCC2(C(=O)O)CCC3(C)C(=CCC4C5(C)CCC(O)C(C)(C)C5CCC43C)C2C1C,WCGUUGGRBIKTOS-UHFFFAOYSA-N,0
CHEMBL230,CHEMBL3400661,CCC(C)C(=O)OC12C(O)C(C)C3(O)C4C=C(C)C(=O)C4CC(CO)=CC3C1C2(C)C,LSIXYKVIRINGAR-UHFFFAOYSA-N,0
CHEMBL230,CHEMBL457145,CC(C)=CCc1cc(C=Cc2cc(O)cc(O)c2)ccc1O,BWCJJGGZRYKPID-UHFFFAOYSA-N,1
CHEMBL230,CHEMBL3400658,CC(=O)OC1C(C)C2(O)C(C=C(CO)CC3(O)C(=O)C(C)=CC32)C2C(C)(C)C12OC(=O)C(C)C,KJIOAJURTOBZDU-UHFFFAOYSA-N,0
CHEMBL230,CHEMBL43065,Oc1cc(O)cc(C=Cc2ccc(O)cc2O)c1,PDHAOJSHSJQANO-UHFFFAOYSA-N,0
CHEMBL230,CHEMBL297527,CS(=O)(=O)Nc1ccc(-c2cc(C(F)(F)F)nn2-c2ccc(N)cc2)cc1,UWJNNTMKYUUORB-UHFFFAOYSA-N,1
CHEMBL230,CHEMBL45247,CS(=O)(=O)Nc1ccc(-c2cc(C(F)F)nn2-c2ccc(Cl)cc2)cc1,NHLJHJZGXAAQEQ-UHFFFAOYSA-N,1
CHEMBL230,CHEMBL320784,CC1(C)CC(c2ccc(Cl)cc2)=C(c2ccc(S(C)(=O)=O)cc2)C1,HUVCBGHNHBHJBX-UHFFFAOYSA-N,1
CHEMBL230,CHEMBL800,Cc1c(CC(=O)O)c2cc(O)ccc2n1C(=O)c1ccc(Cl)cc1,KMLNWQPYFBIALN-UHFFFAOYSA-N,1
CHEMBL230,CHEMBL446319,CC(C)(O)C(O)Cc1cc(C=Cc2cc(O)cc(O)c2)ccc1O,BPJJUNOJJPFGCB-UHFFFAOYSA-N,0
CHEMBL230,CHEMBL559089,O=C(C=Cc1ccc(O)c(O)c1)NCCc1c[nH]c2ccc(O)cc12,YXKFALZVRFVXFA-UHFFFAOYSA-N,0
CHEMBL230,CHEMBL3400659,CCC(C)C(=O)OC12C(OC(=O)c3ccccc3)C(C)C3(O)C(C=C(CO)CC4(O)C(=O)C(C)=CC43)C1C2(C)C,PSGAPHBVGGCVMS-UHFFFAOYSA-N,1
CHEMBL230,CHEMBL3400660,CC=C(C)C(=O)OC1C(C)C2(O)C(C(=O)C(CO)=CC3(O)C(=O)C(C)=CC32)C2C(C)(C)C12OC(=O)C(C)CC,WXDWVELLVNXGSM-UHFFFAOYSA-N,0
CHEMBL230,CHEMBL2375786,CC=C(C)C(=O)OC1C(C)C2(O)C(C=C(CO)CC3(O)C(=O)C(C)=CC32)C2C(C)(C)C12OC(=O)C(C)CC,AKFIXMYXISUTAF-UHFFFAOYSA-N,0
CHEMBL230,CHEMBL39,NCCc1c[nH]c2ccc(O)cc12,QZAYGJVTTNCVMB-UHFFFAOYSA-N,0
CHEMBL230,CHEMBL571,CC(C(=O)O)c1cccc(C(=O)c2ccccc2)c1,DKYWVDODHFEZIM-UHFFFAOYSA-N,1
CHEMBL230,CHEMBL517149,CC1OC(OC2Cc3c(O)cc(O)cc3OC2c2ccc(O)cc2)C(O)C(O)C1O,SQJLTDFIOMWZDE-UHFFFAOYSA-N,0
CHEMBL230,CHEMBL463125,CC(C)=CCc1c(O)ccc2cc(-c3cc(O)cc(O)c3)oc12,PMSZSXKBGUQXFG-UHFFFAOYSA-N,0
CHEMBL230,CHEMBL145,O=C(O)C=Cc1ccc(O)c(O)c1,QAIPRVGONGVQAS-UHFFFAOYSA-N,0
CHEMBL230,CHEMBL282093,NS(=O)(=O)c1ccc(-n2nc(C(F)(F)F)cc2-c2ccc(Cl)cc2)cc1,NSQNZEUFHPTJME-UHFFFAOYSA-N,1
CHEMBL230,CHEMBL497716,CC(=CCc1c(O)ccc(C(=O)C=Cc2ccc(O)cc2)c1O)COC(=O)C=Cc1ccc(O)cc1,YKTQNXNBVRMYNF-UHFFFAOYSA-N,0
CHEMBL230,CHEMBL374130,CC(C)=CCCC(C)=CCc1c(O)cc2c(c1O)C(=O)CC(c1ccc(O)cc1)O2,XYIQIBWIEGCVQY-UHFFFAOYSA-N,1
CHEMBL230,CHEMBL168,CC1(C)CCC2(C(=O)O)CCC3(C)C(=CCC4C5(C)CCC(O)C(C)(C)C5CCC43C)C2C1,MIJYXULNPSFWEK-UHFFFAOYSA-N,0
CHEMBL230,CHEMBL175,CC(C)Cc1ccc(C(C)C(=O)O)cc1,HEFNNWSXXWATRW-UHFFFAOYSA-N,1
CHEMBL230,CHEMBL223256,CC(C)=CCCC(C)=CCc1c(O)cc2c(c1O)C(=O)CC(c1ccc(O)c(O)c1)O2,XCYSQFHYFNWYFP-UHFFFAOYSA-N,1
CHEMBL230,CHEMBL455827,CC1OC(OC2C(O)C(OCCc3ccc(O)c(O)c3)OC(COC3OCC(O)C(O)C3O)C2OC(=O)C=Cc2ccc(O)c(O)c2)C(O)C(O)C1O,XPLMUADTACCMDJ-UHFFFAOYSA-N,0
CHEMBL230,CHEMBL260553,CC(C)=CCc1c(O)cc2oc3cc(O)c(O)c(CC=C(C)C)c3c(=O)c2c1O,VEZXFTKZUMARDU-UHFFFAOYSA-N,1
CHEMBL230,CHEMBL1939437,O=C(O)C=Cc1ccc2c(c1)OC(C(=O)O)C(c1ccc(O)c(O)c1)O2,XOLNJKHCNSNACU-UHFFFAOYSA-N,0
CHEMBL230,CHEMBL319244,O=C(C=Cc1ccc(O)c(O)c1)OCCc1ccccc1,SWUARLUWKZWEBQ-UHFFFAOYSA-N,0
CHEMBL230,CHEMBL465371,CC(C)=CCc1c(C2CCc3ccc(O)cc3O2)cc2c(c1O)OC(C)(C)C=C2,QSCBHDIGHKHWKC-UHFFFAOYSA-N,0
CHEMBL230,CHEMBL30011,COc1ccc(-c2cc(C(F)(F)F)nn2-c2ccc(Cl)cc2)cc1,NXKGVHPWOYJYQL-UHFFFAOYSA-N,1
CHEMBL230,CHEMBL29204,COc1ccc(-c2cc(C(F)(F)F)nn2-c2ccc(OC)cc2)cc1,PQOHMVIGLUQKDX-UHFFFAOYSA-N,1
CHEMBL230,CHEMBL29583,COc1ccc(-n2nc(C(F)(F)F)cc2-c2ccc(S(N)(=O)=O)cc2)cc1,YUDKAOHWTPCIOC-UHFFFAOYSA-N,1
CHEMBL230,CHEMBL458470,O=C(O)C1OC(Oc2c(-c3cc(O)c(O)c(O)c3)oc3cc(O)cc(O)c3c2=O)C(O)C(O)C1O,MBWOCQLTCWTIJE-UHFFFAOYSA-N,1
CHEMBL230,CHEMBL228120,Oc1cc(O)cc(CCc2ccccc2)c1,LDBYHULIXFIJAZ-UHFFFAOYSA-N,0
CHEMBL230,CHEMBL518935,Oc1ccc(C2Oc3ccc(C=Cc4cc(O)cc(O)c4)cc3C2c2cc(O)cc(O)c2)cc1,LILPTCHQLRKZNG-UHFFFAOYSA-N,1
CHEMBL230,CHEMBL206765,C=C1C(=O)OC2C1C(OC(=O)C1(C)OC1C)C(OC(C)=O)C(C(=O)OC)=CCCC1(C)OC21,VCBNPTWPJQLHQN-UHFFFAOYSA-N,1
CHEMBL230,CHEMBL518543,CC(C)=CCc1c(-c2ccc(O)cc2O)oc2c(CC=C(C)C)c(O)cc(O)c2c1=O,UWQYBLOHTQWSQD-UHFFFAOYSA-N,0
CHEMBL230,CHEMBL540445,C=C1C(=O)OC2C1CCC(C)=CCCC1(C)OC21,KTEXNACQROZXEV-UHFFFAOYSA-N,1
CHEMBL230,CHEMBL221907,CC(C)=CCc1c(-c2ccc(O)cc2O)oc2cc3c(c(O)c2c1=O)C=CC(C)(C)O3,XIWCDUHPYMOFIL-UHFFFAOYSA-N,1
CHEMBL230,CHEMBL28527,NS(=O)(=O)c1ccc(-n2nc(C(F)(F)F)cc2-c2ccc(F)cc2)cc1,TTZNQDOUNXBMJV-UHFFFAOYSA-N,1
CHEMBL230,CHEMBL480462,Oc1ccc(C2c3c(O)cc(O)cc3C3C(c4ccc(O)cc4)c4c(O)cc(O)cc4C23)cc1,YNVJOQCPHWKWSO-UHFFFAOYSA-N,0
CHEMBL230,CHEMBL311498,Oc1cc(O)c2c(c1)OC(c1ccc(O)c(O)c1)C(O)C2,PFTAWBLQPZVEMU-UHFFFAOYSA-N,0
CHEMBL230,CHEMBL306946,O=C1c2ccccc2-n2c1nc1ccccc1c2=O,VQQVWGVXDIPORV-UHFFFAOYSA-N,1
CHEMBL230,CHEMBL464610,CC(C)=CCC12Oc3cc(O)ccc3C1(O)Oc1cc(O)c(C3C=C(C)CC(c4ccc(O)cc4O)C3C(=O)c3ccc(O)cc3O)c(O)c1C2=O,SUOXGDJCEWTZIZ-UHFFFAOYSA-N,0
CHEMBL230,CHEMBL463763,CC(C)C12OC1C1OC13C1(C)CCC4=C(COC4=O)C1CC1OC13C2O,DFBIRQPKNDILPW-UHFFFAOYSA-N,1
CHEMBL230,CHEMBL4742775,COc1ccc2c(c1)c(CCNC(C)=O)cn2C(=O)c1ccc(Cl)cc1,NDAAJXSISJLIBF-UHFFFAOYSA-N,0
CHEMBL230,CHEMBL322045,CS(=O)(=O)c1ccc(C2=C(c3ccc(F)cc3)CC(CF)(CF)C2)cc1,JWSZCVWFUJUURI-UHFFFAOYSA-N,1
CHEMBL230,CHEMBL490324,CC1CC2OC(=O)C3(C)C2C(OC3(C)O)C2(C)C(=O)C=CC12,CNIULSUYTFOEHN-UHFFFAOYSA-N,0
CHEMBL230,CHEMBL29839,COc1ccc(-c2cc(C(F)(F)F)nn2-c2ccc(S(N)(=O)=O)cc2)cc1,NAWWYLUQZOLWBT-UHFFFAOYSA-N,1
CHEMBL230,CHEMBL293492,O=CC=Cc1ccccc1,KJPRLNWUNMBNBZ-UHFFFAOYSA-N,0
CHEMBL230,CHEMBL459814,CC1=CCCC2C1(C)CCC(C)C2(C)Cc1cc(O)ccc1O,JSPUCPNQXKTYRO-UHFFFAOYSA-N,1
CHEMBL230,CHEMBL307145,Oc1cccc(O)c1O,WQGWDDDVZFFDIG-UHFFFAOYSA-N,0
CHEMBL230,CHEMBL52,CC(Cc1ccc(O)c(O)c1)C(C)Cc1ccc(O)c(O)c1,HCZKYJDFEPMADG-UHFFFAOYSA-N,0
CHEMBL230,CHEMBL414883,CC1CC2OC2C=CC=CC(=O)Cc2c(Cl)c(O)cc(O)c2C(=O)O1,WYZWZEOGROVVHK-UHFFFAOYSA-N,1
CHEMBL230,CHEMBL282085,COc1ccc(-c2cc(C(F)F)nn2-c2ccc(S(N)(=O)=O)cc2)cc1,VSQLZYPQFJIORU-UHFFFAOYSA-N,1
CHEMBL230,CHEMBL393292,CC1OC(OC2C(O)C(OCCc3ccc(O)c(O)c3)OC(COC3OCC(O)(CO)C3O)C2OC(=O)C=Cc2ccc(O)c(O)c2)C(O)C(O)C1O,JMBINOWGIHWPJI-UHFFFAOYSA-N,0
CHEMBL230,CHEMBL282084,Nc1ccc(-c2cc(C(F)(F)F)nn2-c2ccc(S(N)(=O)=O)cc2)cc1,UEDYWDJWTZVWJX-UHFFFAOYSA-N,1
CHEMBL230,CHEMBL28,O=c1cc(-c2ccc(O)cc2)oc2cc(O)cc(O)c12,KZNIFHPLKGYRTM-UHFFFAOYSA-N,1
CHEMBL230,CHEMBL281975,Cc1ccc(-c2cc(C(F)F)nn2-c2ccc(S(N)(=O)=O)cc2)cc1,MPHUNBLFEKLVLF-UHFFFAOYSA-N,1
CHEMBL230,CHEMBL284914,FC(F)(F)c1cc(-c2ccc(Cl)cc2)n(-c2ccc(Cl)cc2)n1,JINJJDHGBJMQJW-UHFFFAOYSA-N,1
CHEMBL230,CHEMBL503412,OCC1OC(Oc2cc(O)cc(C3c4cc(C=Cc5cc(O)cc(O)c5)ccc4OC3c3ccc(O)cc3)c2)C(O)C(O)C1O,ZJIBDVBTKQSZQZ-UHFFFAOYSA-N,1
CHEMBL230,CHEMBL507430,CC(C)=CCC12Oc3cc(O)c(C4=CC5(C)CC(C4)c4ccc(O)cc4O5)c(O)c3C(=O)C1(O)Oc1cc(O)ccc12,GJKQLIDFFREHGO-UHFFFAOYSA-N,0
CHEMBL230,CHEMBL85139,O=c1c2ccccc2nc2n1CCc1c-2[nH]c2ccccc12,ACVGWSKVRYFWRP-UHFFFAOYSA-N,1
CHEMBL230,CHEMBL228126,COc1cc(O)cc(CCc2ccccc2O)c1,IUMFLNFLJUUODE-UHFFFAOYSA-N,0
CHEMBL230,CHEMBL28881,CN(C)c1ccc(-c2cc(C(F)(F)F)nn2-c2ccc(S(N)(=O)=O)cc2)cc1,DVWHCFFOQZQHTQ-UHFFFAOYSA-N,1
CHEMBL230,CHEMBL270060,C=C1C(=O)OC2C1CCC(C)C1(CCC(=O)O1)C2(C)O,IRPFOXRBPHCCTG-UHFFFAOYSA-N,1
CHEMBL230,CHEMBL16171,COc1c(O)cc(O)c2c(=O)cc(-c3ccccc3)oc12,XLTFNNCXVBYBSX-UHFFFAOYSA-N,0
CHEMBL230,CHEMBL464006,CC(C)=CCc1c(-c2ccc(O)cc2O)oc2c3c(cc(O)c2c1=O)OC(C)(C)C=C3,XFFOMNJIDRDDLQ-UHFFFAOYSA-N,0
CHEMBL230,CHEMBL512400,C=C1C(=O)OC2CC3(C)C=CC(=O)C(=C)C3CC12,LXMUZMFQJGRVFW-UHFFFAOYSA-N,1
CHEMBL230,CHEMBL95921,COc1ccc2c(c1)c(CC(N)=O)c(C)n2C(=O)c1ccc(Cl)cc1,YNDQHILWWBPAPR-UHFFFAOYSA-N,1
CHEMBL230,CHEMBL404313,CC1CCC2(C(=O)O)CCC3(C)C(=CCC4C5(C)CC(O)C(O)C(C)(CO)C5CCC43C)C2C1C,JXSVIVRDWWRQRT-UHFFFAOYSA-N,0
CHEMBL230,CHEMBL274990,CS(=O)(=O)c1ccc(-n2nc(C(F)(F)F)cc2-c2ccc(F)cc2)cc1,JHBIMJKLBUMNAU-UHFFFAOYSA-N,1
CHEMBL230,CHEMBL201515,CC1(C)CCC2(C(=O)O)CCC3(C)C(=CCC4C5(C)CC(O)C(O)C(C)(C)C5CCC43C)C2C1,MDZKJHQSJHYOHJ-UHFFFAOYSA-N,0
CHEMBL230,CHEMBL518475,CC1CCC2(C)CCC3(C)C(=CCC4C5(C)CCC(=O)C(C)(C)C5CCC43C)C2C1C,DIFWJJFSELKWGA-UHFFFAOYSA-N,0
CHEMBL230,CHEMBL437964,CC1CCC2(C)CCC3(C)C(=CC(=O)C4C5(C)CCC(O)C(C)(C(=O)O)C5CCC43C)C2C1C,YIMHGPSYDOGBPI-UHFFFAOYSA-N,0
CHEMBL230,CHEMBL391533,CC1CCC2(C(=O)O)CCC3(C)C(=CCC4C5(C)CC(O)C(O)C(C)(C)C5CCC43C)C2C1C,HFGSQOYIOKBQOW-UHFFFAOYSA-N,0
CHEMBL230,CHEMBL42710,C=CCc1ccc(O)c(OC)c1,RRAFCDWBNXTKKO-UHFFFAOYSA-N,0
CHEMBL230,CHEMBL503071,COC(=O)C1CCC2(C)C(CCC3(C)C2CC=C2C4CC(C)(C)CCC4(C(=O)O)CCC23C)C1(C)C,HDWYAPCZHCDUNP-UHFFFAOYSA-N,1
CHEMBL230,CHEMBL520726,CC1(C)CCC2(C(=O)O)CCC3(C)C(=CCC4C5(C)CC(O)C(O)C(C)(C(=O)O)C5CCC43C)C2C1,IDGXIXSKISLYAC-UHFFFAOYSA-N,0
CHEMBL230,CHEMBL512227,CC(C)=CCC1C(=O)C(C(=O)CC(C)C)=C(O)C(O)(CC=C(C)C)C1=O,IEHWDPKFDXJDJL-UHFFFAOYSA-N,1
CHEMBL230,CHEMBL267225,CC1CCC2(C)CCC3(C)C(=CCC4C5(C)CCC(O)C(C)(C(=O)O)C5CCC43C)C2C1C,NBGQZFQREPIKMG-UHFFFAOYSA-N,0
CHEMBL230,CHEMBL4561483,CC1(CO)CCC2(C)CCC3(C)C(=CC(=O)C4C5(C)CCC(O)C(C)(C)C5CCC43C)C2C1,JCGXIYQLRYPHDG-UHFFFAOYSA-N,0
CHEMBL230,CHEMBL487933,CC1(C(=O)O)CCC2(C)CCC3(C)C(=CCC4C5(C)CCC(O)C(C)(C)C5CCC43C)C2C1,JZFSMVXQUWRSIW-UHFFFAOYSA-N,0
CHEMBL230,CHEMBL237111,CC(=O)OC1CCC2(C)C(CCC3(C)C2C(=O)C=C2C4C(C)C(C)CCC4(C)CCC23C)C1(C)C(=O)O,HMMGKOVEOFBCAU-UHFFFAOYSA-N,0
CHEMBL230,CHEMBL1221730,CCC(=C(c1ccccc1)c1ccccc1)c1ccc(S(C)(=O)=O)cc1,DZYODCFQFVLDCP-UHFFFAOYSA-N,1
CHEMBL230,CHEMBL236906,CC(=O)OC1CCC2(C)C(CCC3(C)C2CC=C2C4C(C)C(C)CCC4(C)CCC23C)C1(C)C(=O)O,YJBVHJIKNLBFDX-UHFFFAOYSA-N,0
CHEMBL230,CHEMBL402978,CCCCCC(O)CC(=O)CCc1ccc(O)c(OC)c1,NLDDIKRKFXEWBK-UHFFFAOYSA-N,0
CHEMBL230,CHEMBL430728,CS(=O)(=O)Nc1ccc(-n2nc(C(F)(F)F)cc2-c2ccc(F)cc2)cc1,ZDIDRUYEHQWJIA-UHFFFAOYSA-N,0
CHEMBL230,CHEMBL469,O=C(c1ccccc1)c1ccc2n1CCC2C(=O)O,OZWKMVRBQXNZKK-UHFFFAOYSA-N,1
CHEMBL230,CHEMBL743,NS(=O)(=O)c1ccc(-n2nc(C(F)(F)F)cc2-c2ccc(C(=O)O)cc2)cc1,WTHNOVFEXONZMI-UHFFFAOYSA-N,1
CHEMBL230,CHEMBL28084,CS(=O)(=O)c1ccc(-c2cc(C(F)F)nn2-c2ccc(S(N)(=O)=O)cc2)cc1,WQKRRUDWJUIGNO-UHFFFAOYSA-N,0
CHEMBL230,CHEMBL1684147,Cc1cc(=O)c2c(O)c(O)c(O)cc2o1,HEVICQKVVHUFCP-UHFFFAOYSA-N,1
CHEMBL230,CHEMBL4475300,C=C(C)C1CCC2(C)CCC3(C)C(CCC4C5(C)C(O)CC(O)C(C)(C)C5CCC43C)C12,SWEUJTWPRYKNNX-UHFFFAOYSA-N,0
CHEMBL230,CHEMBL704,Nc1ccc(O)c(C(=O)O)c1,KBOPZPXVLCULAV-UHFFFAOYSA-N,1
CHEMBL230,CHEMBL509,Cc1ccc(Cl)c(Nc2ccccc2C(=O)O)c1Cl,SBDNJUWAMKYJOX-UHFFFAOYSA-N,1
CHEMBL230,CHEMBL281504,N#Cc1ccc(-c2cc(C(F)F)nn2-c2ccc(S(N)(=O)=O)cc2)cc1,SISYXDKWQNMXTA-UHFFFAOYSA-N,0
CHEMBL230,CHEMBL355263,CS(=O)(=O)c1ccc(-c2cc(C(F)(F)F)nn2-c2ccc(F)cc2)cc1,NHIQJWMLLFFTCU-UHFFFAOYSA-N,1
CHEMBL230,CHEMBL433428,NS(=O)(=O)c1ccc(-n2nc(C(F)F)cc2-c2ccc(Cl)cc2)cc1,JDCWOBTUQSMXDU-UHFFFAOYSA-N,1
CHEMBL230,CHEMBL404515,Oc1cc(O)c2cc(O)c(-c3ccc(O)c(O)c3)[o+]c2c1,VEVZSMAEJFVWIL-UHFFFAOYSA-O,0
CHEMBL230,CHEMBL2283178,CC(=C(c1ccccc1)c1ccc(NS(C)(=O)=O)cc1)c1ccccc1,YTNHWMAMOKUYFM-UHFFFAOYSA-N,0
CHEMBL230,CHEMBL745,NS(=O)(=O)c1ccc(-n2nc(C(F)(F)F)cc2-c2ccc(CO)cc2)cc1,ICRSYPPLGADZKA-UHFFFAOYSA-N,0
CHEMBL230,CHEMBL1560,CC(CS)C(=O)N1CCCC1C(=O)O,FAKRSMQSSFJEIM-UHFFFAOYSA-N,0
CHEMBL230,CHEMBL285831,NS(=O)(=O)c1ccc(-n2nc(C(F)(F)F)cc2-c2ccc(C(F)(F)F)cc2)cc1,DVNKXAKWCCJBOO-UHFFFAOYSA-N,1
CHEMBL230,CHEMBL440798,NS(=O)(=O)c1ccc(-n2nc(C(F)F)cc2-c2ccc(C(=O)O)cc2)cc1,UIYSOVBHBZVODQ-UHFFFAOYSA-N,0
CHEMBL230,CHEMBL2283177,CCC(=C(c1ccccc1)c1ccc(NS(C)(=O)=O)cc1)c1ccccc1,GPAKLHBYXNOZRQ-UHFFFAOYSA-N,1
CHEMBL230,CHEMBL28801,CCc1ccc(-c2cc(C(F)(F)F)nn2-c2ccc(S(N)(=O)=O)cc2)cc1,DIIJJSMSKXETBH-UHFFFAOYSA-N,1
CHEMBL230,CHEMBL29257,NS(=O)(=O)c1ccc(-c2cc(C(F)(F)F)nn2-c2ccc(F)cc2)cc1,BBOGYKPAKFQZFU-UHFFFAOYSA-N,1
CHEMBL230,CHEMBL282390,NS(=O)(=O)c1ccc(-n2nc(C(F)(F)F)cc2-c2ccc(O)cc2)cc1,GWKIGBPJRYWOIQ-UHFFFAOYSA-N,0
CHEMBL230,CHEMBL2283154,CCC(=C(c1ccccc1)c1ccc(OC(C)=O)cc1)c1ccc(S(C)(=O)=O)cc1,HZBFZJMKHVRKPU-UHFFFAOYSA-N,1
CHEMBL230,CHEMBL1684136,COc1cc2oc(C)cc(=O)c2c(O)c1OC,PJCFJNHVNWMRPD-UHFFFAOYSA-N,0
CHEMBL230,CHEMBL1684146,COc1cc2oc(C)cc(=O)c2c(O)c1O,PJUGYRBTUWDWFG-UHFFFAOYSA-N,0
CHEMBL230,CHEMBL446974,COc1cc(O)c2c(=O)cc(C)oc2c1,SUTUBQHKZRNZRA-UHFFFAOYSA-N,0
CHEMBL230,CHEMBL498882,COc1cc(NC(C)=O)ccc1O,KIZWIAQUWRXFNC-UHFFFAOYSA-N,0
CHEMBL230,CHEMBL112,CC(=O)Nc1ccc(O)cc1,RZVAJINKPMORJF-UHFFFAOYSA-N,0
CHEMBL230,CHEMBL229245,COc1ccc(C2=Cc3ccccc3CC2)c(OC)c1OC,WOSGVZBVAWUJJN-UHFFFAOYSA-N,1
CHEMBL230,CHEMBL1916957,O=C(NS(=O)(=O)c1ccc(F)cc1)c1ccncc1,FZCHAKCBHFTEOS-UHFFFAOYSA-N,0
CHEMBL230,CHEMBL456807,NNc1ccccc1,HKOOXMFOFWEVGF-UHFFFAOYSA-N,1
CHEMBL230,CHEMBL4785042,CNc1ccccc1C(=O)NCCc1c[nH]c2ccccc12,ALKZZCZKVMJWBG-UHFFFAOYSA-N,0
CHEMBL230,CHEMBL1916958,O=C(NS(=O)(=O)c1ccc(Cl)cc1)c1ccncc1,HJOZSCMVCHEQAP-UHFFFAOYSA-N,0
CHEMBL230,CHEMBL91,Clc1ccc(COC(Cn2ccnc2)c2ccc(Cl)cc2Cl)c(Cl)c1,BYBLEWFAAKGYCD-UHFFFAOYSA-N,0
CHEMBL230,CHEMBL241970,Cc1ccc(-c2cc(C(F)(F)F)nn2-c2ccc(S(C)(=O)=O)cc2)cc1,VXPBYVGXCVDFLZ-UHFFFAOYSA-N,1
CHEMBL230,CHEMBL828,c1ccc2c(c1)Nc1ccccc1S2,WJFKNYWRSNBZNX-UHFFFAOYSA-N,1
CHEMBL230,CHEMBL496,Oc1c(Cl)cc(Cl)c(Cl)c1Cc1c(O)c(Cl)cc(Cl)c1Cl,ACGUYXCXAPNIKK-UHFFFAOYSA-N,1
CHEMBL230,CHEMBL1916960,Cc1ccc(S(=O)(=O)NC(=O)c2ccncc2)cc1,ADPANZQEARRXOV-UHFFFAOYSA-N,0
CHEMBL230,CHEMBL104,Clc1ccccc1C(c1ccccc1)(c1ccccc1)n1ccnc1,VNFPBHJOKIVQEB-UHFFFAOYSA-N,0
CHEMBL230,CHEMBL424,O=C(O)c1ccccc1O,YGSDEFSMJLZEOE-UHFFFAOYSA-N,0
CHEMBL230,CHEMBL98610,CCCCCCCCCCCCCCCc1cc(O)cc(O)c1,KVVSCMOUFCNCGX-UHFFFAOYSA-N,1
CHEMBL230,CHEMBL4463619,CCCCCCCCCCCCCC1=CC(=O)C=C(OC)C1=O,CBEDFJLNGRMUQV-UHFFFAOYSA-N,1
CHEMBL230,CHEMBL473518,COc1ccc(C=Cc2cc(O)cc(O)c2)cc1OC,WHKSEHKYYXHCTA-UHFFFAOYSA-N,0
CHEMBL230,CHEMBL3425987,CC(=O)NCCc1ccc2c(c1)OC(c1ccc(O)c(O)c1)C(NC(C)=O)O2,MXCCEJSRHCXZMV-UHFFFAOYSA-N,1
CHEMBL230,CHEMBL3763742,O=C(O)c1cc(C=Cc2cc(O)cc(O)c2)ccc1O,HDCGSENWVPTNKR-UHFFFAOYSA-N,1
CHEMBL230,CHEMBL296411,COc1ccc(C=Cc2cc(OC)cc(OC)c2)cc1,GDHNBPHYVRHYCC-UHFFFAOYSA-N,1
CHEMBL230,CHEMBL4742702,COc1cc(O)cc(Br)c1O,CMRLMMCGTLUUHA-UHFFFAOYSA-N,1
CHEMBL230,CHEMBL3425989,CC(=O)NC1Oc2ccc(CCO)cc2OC1c1ccc(O)c(O)c1,MXYMZMWHURGZDX-UHFFFAOYSA-N,1
CHEMBL230,CHEMBL503824,CCCCCc1cc(O)cc(OC)c1,MWWIDYNYLZQEQP-UHFFFAOYSA-N,0
CHEMBL230,CHEMBL154533,CCCCCc1cc(O)cc(O)c1,IRMPFYJSHJGOPE-UHFFFAOYSA-N,0
CHEMBL230,CHEMBL105350,O=C(C=Cc1ccc(O)cc1)CC(=O)C=Cc1ccc(O)cc1,PREBVFJICNPEKM-UHFFFAOYSA-N,0
CHEMBL230,CHEMBL444539,O=C(NNc1ccccc1)c1ccccc1,CKLPECFHCLIYKN-UHFFFAOYSA-N,1
CHEMBL230,CHEMBL179512,COc1cc(C=CC(O)=CC(=O)C=Cc2ccc(O)cc2)ccc1O,UEPVWRDHSPMIAZ-UHFFFAOYSA-N,0
CHEMBL230,CHEMBL490482,Oc1cc(O)cc(C=Cc2cccc(F)c2)c1,MMDDHOZYUASFIP-UHFFFAOYSA-N,1
CHEMBL230,CHEMBL3425988,CC(=O)NC1Oc2cc(CCO)ccc2OC1c1ccc(O)c(O)c1,VXTWZRJKBHVDPR-UHFFFAOYSA-N,1
CHEMBL230,CHEMBL1095380,O=C(O)c1cc(C=Cc2ccc(O)cc2)ccc1O,NQJNFLIEJNBROH-UHFFFAOYSA-N,0
CHEMBL230,CHEMBL451919,CCCCCC1=CC(=O)C=C(OC)C1=O,WLWIMKWZMGJRBS-UHFFFAOYSA-N,1
CHEMBL230,CHEMBL50,O=c1c(O)c(-c2ccc(O)c(O)c2)oc2cc(O)cc(O)c12,REFJWTPEDVJJIY-UHFFFAOYSA-N,0
CHEMBL230,CHEMBL71851,COc1cc2ccc(=O)oc2cc1O,RODXRVNMMDRFIK-UHFFFAOYSA-N,0
CHEMBL230,CHEMBL83527,COc1cc(C=Cc2ccc(O)cc2)cc(OC)c1,VLEUZFDZJKSGMX-UHFFFAOYSA-N,1
CHEMBL230,CHEMBL227187,Oc1ccc(C2OCC3C(c4ccc(O)c(O)c4)OCC23)cc1O,OQSOTSIYXPYTRE-UHFFFAOYSA-N,0
CHEMBL230,CHEMBL3765737,COC(=O)c1cc(C=Cc2cc(O)cc(O)c2)ccc1O,NPNITAUBTSROKF-UHFFFAOYSA-N,1
CHEMBL230,CHEMBL291501,COc1ccc(C=Cc2cc(O)cc(O)c2)cc1,IHVRWFJGOIWMGC-UHFFFAOYSA-N,0
CHEMBL230,CHEMBL460862,COc1cc(C2OCC3C(c4ccc(O)c(OC)c4)OCC23)ccc1O,HGXBRUKMWQGOIE-UHFFFAOYSA-N,0
CHEMBL230,CHEMBL469433,CCCCCCCCCCCC1=CC(=O)C=C(OC)C1=O,LRYVDYNQYBMNJP-UHFFFAOYSA-N,1
CHEMBL230,CHEMBL3425986,CC(=O)NCCc1ccc2c(c1)OC(NC(C)=O)C(c1ccc(O)c(O)c1)O2,VUANWDRZYTXGPI-UHFFFAOYSA-N,1
CHEMBL230,CHEMBL451044,CCCCCCCCCCCCCc1cc(O)cc(O)c1,UXOGOSLLGMYCNL-UHFFFAOYSA-N,1
CHEMBL230,CHEMBL390320,COc1cc2oc(=O)ccc2cc1O,SYTYLPHCLSSCOJ-UHFFFAOYSA-N,0
CHEMBL230,CHEMBL150,O=c1c(O)c(-c2ccc(O)cc2)oc2cc(O)cc(O)c12,IYRMWMYZSQPJKC-UHFFFAOYSA-N,0
CHEMBL230,CHEMBL296098,CS(=O)(=O)Nc1ccc(-c2cc(C(F)F)nn2-c2ccc(F)cc2)cc1,IHEQQWPXFXNIGY-UHFFFAOYSA-N,1
CHEMBL230,CHEMBL3400662,CCC(C)C(=O)OC12C(OC(C)=O)C(C)C3(O)C(C(=O)C(CO)=CC4(O)C(=O)C(C)=CC43)C1C2(C)C,DEJYWSYLQZVYOP-UHFFFAOYSA-N,0
CHEMBL230,CHEMBL47638,CS(=O)(=O)Nc1ccc(-c2cc(C(F)(F)F)nn2-c2ccc(Cl)cc2)cc1,PCXMETUNJZLBKE-UHFFFAOYSA-N,1
CHEMBL230,CHEMBL47687,COc1ccc(-n2nc(C(F)(F)F)cc2-c2ccc(N)cc2)cc1,LSRVZDWLTQYIEE-UHFFFAOYSA-N,1
CHEMBL230,CHEMBL109341,COc1cc(C=CC(=O)O)cc(OC)c1O,PCMORTLOPMLEFB-UHFFFAOYSA-N,0
CHEMBL230,CHEMBL52229,COc1ccc2ccc(=O)oc2c1CC=C(C)C,MBRLOUHOWLUMFF-UHFFFAOYSA-N,0
CHEMBL230,CHEMBL45387,Cc1cc(-c2ccc(NS(C)(=O)=O)cc2)n(-c2ccc(Cl)cc2)n1,GEUMKTAAPQZMEC-UHFFFAOYSA-N,1
CHEMBL230,CHEMBL512578,Oc1cc(O)cc(-c2cc3ccc(O)cc3o2)c1,LHPRYOJTASOZGJ-UHFFFAOYSA-N,0
CHEMBL230,CHEMBL465194,O=C1CC(c2ccc(O)cc2O)Oc2cc(O)cc(O)c21,QBLQLKNOKUHRCH-UHFFFAOYSA-N,0
CHEMBL230,CHEMBL463126,CC(C)=CCc1cc(C=Cc2cc(O)cc(O)c2)c(O)cc1O,KYQWCQJWDVPXKY-UHFFFAOYSA-N,0
CHEMBL230,CHEMBL159303,Oc1ccc(C2Oc3cc(O)cc(O)c3CC2O)cc1,RSYUFYQTACJFML-UHFFFAOYSA-N,0
CHEMBL230,CHEMBL117,O=c1cc(-c2ccccc2)oc2cc(O)cc(O)c12,RTIXKCRFFJGDFG-UHFFFAOYSA-N,0
CHEMBL230,CHEMBL2375787,CC=C(C)C(=O)OC1C(C)C2(O)C(C=C(CO)CC3(O)C(=O)C(C)=CC32)C2C(C)(C)C12OC(=O)C(C)C,MVWXLRYZCZSBKW-UHFFFAOYSA-N,0
CHEMBL230,CHEMBL463145,O=c1cc(-c2ccc(O)cc2O)oc2cc(O)cc(O)c12,ZSYPIPFQOQGYHH-UHFFFAOYSA-N,0
CHEMBL230,CHEMBL15770,CC1=C(CC(=O)O)c2cc(F)ccc2C1=Cc1ccc([S+](C)[O-])cc1,MLKXDPUZXIRXEP-UHFFFAOYSA-N,1
CHEMBL230,CHEMBL463453,O=C1c2c(O)cc(O)cc2OC(c2ccc(O)cc2O)C1O,QIWOFDHUQPJCJF-UHFFFAOYSA-N,0
CHEMBL230,CHEMBL129215,CCC1(CC)CC(c2ccc(F)cc2)=C(c2ccc(S(C)(=O)=O)cc2)C1,WVOYZEONSBZBRS-UHFFFAOYSA-N,0
