target_chembl_id,compound_chembl_id,c_smiles,noiso_InChIKey,active_label
CHEMBL5763,CHEMBL4070917,CCN1CC2(C)CCC(OC)C34C5CC6CCC(O)(C5C(=O)O6)C(C(O)C23)C14,YPSAOPXJHSESSR-UHFFFAOYSA-N,1
CHEMBL5763,CHEMBL3416643,COc1ccc2c(c1)OC(=Cc1ccc(OCCN(C)C)cc1)C2=O,YYJRSQYLLCSWEQ-UHFFFAOYSA-N,0
CHEMBL5763,CHEMBL95,Nc1c2c(nc3ccccc13)CCCC2,YLJREFDVOIBQDA-UHFFFAOYSA-N,1
CHEMBL5763,CHEMBL4072441,C=C1C2CCC3(CCC4C5(C)CCCC4(CN4CCOC45)C3C2)C1O,NPIYQNRBTZBZPJ-UHFFFAOYSA-N,0
CHEMBL5763,CHEMBL1807491,COc1ccc2c(c1)OC(=Cc1ccc(O)cc1)C2=O,MFVPNDADRDUDMC-UHFFFAOYSA-N,0
CHEMBL5763,CHEMBL1171364,COc1ccc(C=C2Oc3cc(O)ccc3C2=O)cc1,CVEOFOQULTXCSE-UHFFFAOYSA-N,0
CHEMBL5763,CHEMBL9352,O=C1CC(c2ccc(O)cc2)Oc2cc(O)cc(O)c21,FTVWIRXFELQLPI-UHFFFAOYSA-N,0
CHEMBL5763,CHEMBL2165578,OC1c2ccccc2N=C2CCCN21,RDWJAMWCGSWTQS-UHFFFAOYSA-N,0
CHEMBL5763,CHEMBL405686,COc1cc2c3cc1Oc1c(OC)c(OC)cc4c1C(Cc1ccc(OC(=O)c5ccc([N+](=O)[O-])cc5)c(c1)Oc1ccc(cc1)CC3N(C)CC2)N(C)CC4,PUAVTDKYTXNVBU-UHFFFAOYSA-N,1
CHEMBL5763,CHEMBL399036,C=C1CCC2OC2(C)CCC2C1CC2(C)C,NVEQFIOZRFFVFW-UHFFFAOYSA-N,0
CHEMBL5763,CHEMBL1064,CCC(C)(C)C(=O)OC1CC(C)C=C2C=CC(C)C(CCC3CC(O)CC(=O)O3)C21,RYMZZMVNJRMUDD-UHFFFAOYSA-N,1
CHEMBL5763,CHEMBL193,COC(=O)C1=C(C)NC(C)=C(C(=O)OC)C1c1ccccc1[N+](=O)[O-],HYIMSNHJOBLJNT-UHFFFAOYSA-N,1
CHEMBL5763,CHEMBL1462855,COc1ccc(C2CC(=O)Oc3cc(O)cc(O)c32)cc1,OKBWVJGQTFYYQA-UHFFFAOYSA-N,0
CHEMBL5763,CHEMBL269538,COc1ccc2c(c1)[nH]c1c(C)nccc12,BXNJHAXVSOCGBA-UHFFFAOYSA-N,0
CHEMBL5763,CHEMBL4642621,O=c1cc(-c2ccc(O)c(O)c2)c2ccc(O)cc2o1,ALEFPQLBPWJUOQ-UHFFFAOYSA-N,0
CHEMBL5763,CHEMBL465622,CC1(C)CC(O)C23CCC(O)C(C)(CCC12)C3,BWXJQHJHGMZLBT-UHFFFAOYSA-N,0
CHEMBL5763,CHEMBL140,COc1cc(C=CC(=O)CC(=O)C=Cc2ccc(O)c(OC)c2)ccc1O,VFLDPWHFBUODDF-UHFFFAOYSA-N,0
CHEMBL5763,CHEMBL12,CN1C(=O)CN=C(c2ccccc2)c2cc(Cl)ccc21,AAOVKJBEBIDNHE-UHFFFAOYSA-N,1
CHEMBL5763,CHEMBL165,Oc1ccc(C=Cc2cc(O)cc(O)c2)cc1,LUKBXSAWLPMMSZ-UHFFFAOYSA-N,0
CHEMBL5763,CHEMBL1629798,NN1c2ccccc2Sc2ccccc21,NHEQIMHXBMAEIJ-UHFFFAOYSA-N,0
CHEMBL5763,CHEMBL91,Clc1ccc(COC(Cn2ccnc2)c2ccc(Cl)cc2Cl)c(Cl)c1,BYBLEWFAAKGYCD-UHFFFAOYSA-N,1
CHEMBL5763,CHEMBL503,CCC(C)C(=O)OC1CC(C)C=C2C=CC(C)C(CCC3CC(O)CC(=O)O3)C21,PCZOHLXUXFIOCF-UHFFFAOYSA-N,1
CHEMBL5763,CHEMBL94,CNC(=O)Oc1ccc2c(c1)C1(C)CCN(C)C1N2C,PIJVFDBKTWXHHD-UHFFFAOYSA-N,1
CHEMBL5763,CHEMBL4645767,O=C1CC(c2ccc(O)cc2)c2c(O)cc(O)cc2O1,YFBYVGLTPVOMJI-UHFFFAOYSA-N,0
CHEMBL5763,CHEMBL1221863,COC1C=C2C3CN(Cc4cc5c(cc43)OCO5)C2CC1O,MKYLOMHWHWEFCT-UHFFFAOYSA-N,0
CHEMBL5763,CHEMBL462795,C=C(C)C1CCC2(C)C(O)CC3(C)C(CCC4C5(C)CCC(O)C(C)(C)C5CCC43C)C12,AJBZENLMTKDAEK-UHFFFAOYSA-N,0
CHEMBL5763,CHEMBL400092,OC1C=C2CCN3Cc4cc5c(cc4C(C1O)C23)OCO5,XGVJWXAYKUHDOO-UHFFFAOYSA-N,0
CHEMBL5763,CHEMBL3978970,OC1C=C2C3CN(Cc4cc5c(cc43)OCO5)C2CC1O,JKZMYBLUKAMPKM-UHFFFAOYSA-N,0
CHEMBL5763,CHEMBL450675,COc1ccc(C=C2COc3cc(O)ccc3C2=O)cc1,DLQSYZMPSWHYMW-UHFFFAOYSA-N,0
CHEMBL5763,CHEMBL570,CN(C)CCCN1c2ccccc2Sc2ccc(C(F)(F)F)cc21,XSCGXQMFQXDFCW-UHFFFAOYSA-N,1
CHEMBL5763,CHEMBL4098012,C=C1CC23CC4C5C6(C)CC(=O)CC57C(C2C(O)C1C(O)C37)N4C6,WCGQPPIMPLNHFG-UHFFFAOYSA-N,0
CHEMBL5763,CHEMBL1206,CCN(CC)C(C)CN1c2ccccc2Sc2ccccc21,CDOZDBSBBXSXLB-UHFFFAOYSA-N,1
CHEMBL5763,CHEMBL3416652,COc1ccc(C=C2Oc3cc(OCCN(C)C)ccc3C2=O)cc1,NOFSIMUUGOTRKN-UHFFFAOYSA-N,0
CHEMBL5763,CHEMBL510363,COc1cc2c(cc1OC)C(Cc1ccc(O)cc1)NCC2,NKBBUUNAVOMVER-UHFFFAOYSA-N,0
CHEMBL5763,CHEMBL3416650,COc1ccc(C=C2Oc3cc(OC)ccc3C2=O)cc1,LNLRZAXYLVIPKL-UHFFFAOYSA-N,0
CHEMBL5763,CHEMBL3416646,COc1ccc2c(c1)OC(=Cc1ccc(N(C)C)cc1)C2=O,VYGBDEJXWHUVKT-UHFFFAOYSA-N,0
CHEMBL5763,CHEMBL7568,CCN(CC)CCCC(C)Nc1c2ccc(Cl)cc2nc2ccc(OC)cc12,GPKJTRJOBQGKQK-UHFFFAOYSA-N,1
CHEMBL5763,CHEMBL230006,CC1(C(=O)O)CCC2(C)CCC3(C)C(=CC(=O)C4C5(C)CCC(O)C(C)(C)C5CCC43C)C2C1,MPDGHEJMBKOTSU-UHFFFAOYSA-N,0
CHEMBL5763,CHEMBL5091026,COc1cc2c3c(c1O)-c1c(cccc1OC)CC3N(C)CC2,RQCOQZNIQLKGTN-UHFFFAOYSA-N,1
CHEMBL5763,CHEMBL5080190,COc1cc2c[n+]3c(cc2c(CO)c1OC)-c1c(cc2c(c1OC)OCO2)CC3,YBDPGYNCDXZFOS-UHFFFAOYSA-N,0
CHEMBL5763,CHEMBL190461,C=C(C)C1CCC(C)=CC1c1c(O)cc(CCCCC)cc1O,QHMBSVQNZZTUGM-UHFFFAOYSA-N,1
CHEMBL5763,CHEMBL202346,COC(=O)C12CCC(C)(C)CC1C1=CCC3C4(C)CC(O)C(O)C(C)(C)C4CCC3(C)C1(C)CC2,OTDUGESKRJHFHR-UHFFFAOYSA-N,0
CHEMBL5763,CHEMBL74490,COc1cc2oc(-c3ccc(O)cc3)cc(=O)c2c(OC)c1OC,PJRWXHDCKWSIRU-UHFFFAOYSA-N,0
CHEMBL5763,CHEMBL325841,O=c1cc(-c2ccccc2)c2ccc(O)cc2o1,IVJMJRRORVMRJJ-UHFFFAOYSA-N,0
CHEMBL5763,CHEMBL201515,CC1(C)CCC2(C(=O)O)CCC3(C)C(=CCC4C5(C)CC(O)C(O)C(C)(C)C5CCC43C)C2C1,MDZKJHQSJHYOHJ-UHFFFAOYSA-N,0
CHEMBL5763,CHEMBL2391651,COc1cc(=O)oc2cc(O)ccc12,RZNHAJPLNGBHCA-UHFFFAOYSA-N,0
CHEMBL5763,CHEMBL32749,COc1cc(C=CC(=O)O)ccc1O,KSEBMYQBYZTDHS-UHFFFAOYSA-N,0
CHEMBL5763,CHEMBL51628,O=c1ccc2ccc(O)cc2o1,ORHBXUUXSCNDEV-UHFFFAOYSA-N,0
CHEMBL5763,CHEMBL276915,O=c1cc(-c2ccccc2)oc2cc(O)ccc12,MQGPSCMMNJKMHQ-UHFFFAOYSA-N,0
CHEMBL5763,CHEMBL3401031,COc1cc2oc(-c3cccc(O)c3)cc(=O)c2c(OC)c1OC,XJRUMVMLCXYKTP-UHFFFAOYSA-N,0
CHEMBL5763,CHEMBL404097,COC1=CC23CCN(C)C(Cc4ccc(OC)c(O)c42)C3=CC1=O,GVTRUVGBZQJVTF-UHFFFAOYSA-N,0
CHEMBL5763,CHEMBL235212,COc1ccc(CC2c3cc(O)c(OC)cc3CCN2C)cc1O,BHLYRWXGMIUIHG-UHFFFAOYSA-N,0
CHEMBL5763,CHEMBL470867,COc1ccc2c(=O)oc3c(OC)cc(CCN(C)C)c4c(=O)oc1c2c34,MTAWKURMWOXCEO-UHFFFAOYSA-N,0
CHEMBL5763,CHEMBL464099,COc1cc2c(cc1O)CC1c3c(cc(OC)c(OC)c3-2)CCN1C,ZFLRVRLYWHNAEC-UHFFFAOYSA-N,0
CHEMBL5763,CHEMBL3827872,COc1cc2c3c(c1OC)-c1cc4c(cc1CC3NCC2)OCO4,JWXKBCGJLCEZTJ-UHFFFAOYSA-N,0
CHEMBL5763,CHEMBL105184,COC(=O)c1cc(OC)c2c(c1-c1c(C(=O)OC)cc(OC)c3c1OCO3)OCO2,JMZOMFYRADAWOG-UHFFFAOYSA-N,0
CHEMBL5763,CHEMBL469423,COc1c(O)cc2c3c1-c1ccccc1CC3NCC2,NBDNEUOVIJYCGZ-UHFFFAOYSA-N,0
CHEMBL5763,CHEMBL1254269,O=C(CCCCCCCCc1ccccc1)c1c(O)cccc1O,IAXIHKJASWPASP-UHFFFAOYSA-N,0
CHEMBL5763,CHEMBL4638699,CC(C1C(O)CC2(C)C3CCC4C(C)(C)C(=O)C=CC45CC35CCC12C)N(C)C,NZZQZWQHKWTQRO-UHFFFAOYSA-N,1
CHEMBL5763,CHEMBL5092811,COc1ccc(C2CC(=O)c3c(O)cc(OCC=C(C)C)cc3O2)c(OC)c1,JIRZEQRNUROEHX-UHFFFAOYSA-N,1
CHEMBL5763,CHEMBL489354,O=C(CCCCCCCCc1ccc(O)cc1)c1c(O)cccc1O,KOAPDMKKECXPHX-UHFFFAOYSA-N,1
CHEMBL5763,CHEMBL281202,Cc1ccc(C(C)C)cc1O,RECUKUPTGUEGMW-UHFFFAOYSA-N,0
CHEMBL5763,CHEMBL5080631,CC(C)=CCOc1cc(O)c2c(c1)OC(c1ccc(O)cc1)CC2=O,HXGGEGJYNMWHAD-UHFFFAOYSA-N,1
CHEMBL5763,CHEMBL326294,O=C1Nc2ccccc2C1=O,JXDYKVIHCLTXOP-UHFFFAOYSA-N,0
CHEMBL5763,CHEMBL80460,CC(=O)C1CCC2(C(=O)O)CCC3(C)C(CCC4C5(C)CCC(O)C(C)(C)C5CCC43C)C12,RVMPLOSJMIQORE-UHFFFAOYSA-N,0
CHEMBL5763,CHEMBL252642,O=C1CC(c2ccc(O)cc2)Oc2cc(O)ccc21,FURUXTVZLHCCNA-UHFFFAOYSA-N,0
CHEMBL5763,CHEMBL2171793,CN1c2ccc(O)cc2C(=O)N2CCc3c([nH]c4ccccc34)C21,HJMRPVURQRIKJZ-UHFFFAOYSA-N,0
CHEMBL5763,CHEMBL1512476,O=C(NCCc1c[nH]c2ccccc12)c1ccccc1O,XBPYTDZHCNJRBY-UHFFFAOYSA-N,0
CHEMBL5763,CHEMBL85139,O=c1c2ccccc2nc2n1CCc1c-2[nH]c2ccccc12,ACVGWSKVRYFWRP-UHFFFAOYSA-N,0
CHEMBL5763,CHEMBL5072304,CC(C)=CCOc1ccc2c(c1)OC(c1ccc(O)cc1)CC2=O,JUHOFPRGVXWYBM-UHFFFAOYSA-N,1
CHEMBL5763,CHEMBL5076807,COc1ccc(C2CC(=O)c3ccc(OCC=C(C)C)cc3O2)cc1,NOXCFNVAAYFKKP-UHFFFAOYSA-N,1
CHEMBL5763,CHEMBL5081762,CC(C)=CCOc1ccc2c(c1)OC(c1ccc(F)cc1)CC2=O,BPBCGCUGPGYHII-UHFFFAOYSA-N,1
CHEMBL5763,CHEMBL5081935,COc1ccc(C2CC(=O)c3c(O)cc(OCC=C(C)C)cc3O2)cc1,OEOPBOGVRHQHSH-UHFFFAOYSA-N,1
CHEMBL5763,CHEMBL29411,Cc1ccc(C(C)C)c(O)c1,MGSRCZKZVOBKFT-UHFFFAOYSA-N,0
CHEMBL5763,CHEMBL5088826,CC(C)=CCOc1cc(O)c2c(c1)OC(c1ccccc1)CC2=O,WZSJHPLGMXDPQW-UHFFFAOYSA-N,1
CHEMBL5763,CHEMBL456881,O=c1c2ccccc2nc2n1CCC2,VARHXCYGZKSOOO-UHFFFAOYSA-N,0
CHEMBL5763,CHEMBL81925,CN1c2ccccc2C(=O)N2CCc3c([nH]c4ccccc34)C21,TXDUTHBFYKGSAH-UHFFFAOYSA-N,1
CHEMBL5763,CHEMBL4129497,CC1=C2CC3C(CC(=O)C4CC(O)CCC43C)C2CCC12OC1CC(C)CNC1C2C,KYELXPJVGNZIGC-UHFFFAOYSA-N,0
CHEMBL5763,CHEMBL1079119,CC(=CCOc1c2ccoc2cc2oc(=O)ccc12)CCC(O)C(C)(C)O,IXZUPBUEKFXTSD-UHFFFAOYSA-N,0
CHEMBL5763,CHEMBL2205100,COc1cc(-c2ccc3c(c2)OCO3)nc2ccccc12,QGCORDIPOBZNKC-UHFFFAOYSA-N,0
CHEMBL5763,CHEMBL4129894,CC1CCC2C(C)C3CCC4C(CC5C4CC(=O)C4CC(OC6OC(CO)C(O)C(O)C6O)CCC45C)C3CN2C1,BSSXNTZKMOAXRA-UHFFFAOYSA-N,1
CHEMBL5763,CHEMBL3787024,CC1CCC2N(C1)CC1C3CC4C(CC(=O)C5CC(OC6OC(CO)C(O)C(O)C6O)CCC54C)C3CCC1C2(C)O,DHQFYEJMFMYGCV-UHFFFAOYSA-N,0
CHEMBL5763,CHEMBL1651087,CC1(C)OC1COc1cc(=O)oc2cc3occc3cc12,NUCBCBCPICFGMZ-UHFFFAOYSA-N,0
CHEMBL5763,CHEMBL448060,CC(C)=CCOc1c2ccoc2cc2oc(=O)ccc12,IGWDEVSBEKYORK-UHFFFAOYSA-N,0
CHEMBL5763,CHEMBL1623724,CC1CCC2N(C1)CC1C3CC4C(CC(=O)C5CC(O)CCC54C)C3CCC1C2(C)O,IQDIERHFZVCNRZ-UHFFFAOYSA-N,0
CHEMBL5763,CHEMBL4128527,CC1CCC2C(C)C3CCC4C(CC5C4CC(=O)C4CC(O)CCC45C)C3CN2C1,MWBJDDYEYGDWCZ-UHFFFAOYSA-N,1
CHEMBL5763,CHEMBL2163793,CCC1=CC2CN3CCc4c([nH]c5ccccc45)C(C(=O)OC)(C2)C13,CMKFQVZJOWHHDV-UHFFFAOYSA-N,1
CHEMBL5763,CHEMBL1294,C=CC1CN2CCC1CC2C(O)c1ccnc2ccc(OC)cc12,LOUPRKONTZGTKE-UHFFFAOYSA-N,1
CHEMBL5763,CHEMBL327134,CCC1CN2CCc3c([nH]c4ccccc34)C2CC1C(=COC)C(=O)OC,NMLUOJBSAYAYEM-UHFFFAOYSA-N,1
CHEMBL5763,CHEMBL464724,Cc1c(C(C)C2NCC(C)CC2O)ccc2c1CC1C2CC=C2CC(O)CCC21C,MALFODICFSIXPO-UHFFFAOYSA-N,1
CHEMBL5763,CHEMBL2163791,OC1CCN2Cc3ccccc3N=C12,YIICVSCAKJMMDJ-UHFFFAOYSA-N,1
