target_chembl_id,compound_chembl_id,c_smiles,noiso_InChIKey,active_label
CHEMBL289,CHEMBL86,CCN(CC)CCNC(=O)c1cc(Cl)c(N)cc1OC,TTWJBBZEZQICBI-UHFFFAOYSA-N,1
CHEMBL289,CHEMBL519761,CC(=O)OC1C(C)OC(Oc2c(-c3ccc(O)cc3)oc3cc(O)cc(O)c3c2=O)C(OC(C)=O)C1OC(C)=O,OFWDHNGVKNRLFY-UHFFFAOYSA-N,0
CHEMBL289,CHEMBL43048,CNC(C)Cc1ccc2c(c1)OCO2,SHXWCVYOXRDMCX-UHFFFAOYSA-N,0
CHEMBL289,CHEMBL470048,CC(=O)OC1C(O)C(C)OC(Oc2c(-c3ccc(O)cc3)oc3cc(O)cc(O)c3c2=O)C1O,APRVHMRKRPHQLM-UHFFFAOYSA-N,0
CHEMBL289,CHEMBL471074,CC(=O)OC1C(C)OC(Oc2c(-c3ccc(O)cc3)oc3cc(O)cc(O)c3c2=O)C(OC(C)=O)C1O,VWQNZPASHLNLEM-UHFFFAOYSA-N,0
CHEMBL289,CHEMBL470049,CC(=O)OC1C(C)OC(Oc2c(-c3ccc(O)cc3)oc3cc(O)cc(O)c3c2=O)C(O)C1O,AGQLGMXLTFMOAP-UHFFFAOYSA-N,0
CHEMBL289,CHEMBL385023,NCCCc1cccnc1,CORPZWBVJRCLMW-UHFFFAOYSA-N,0
CHEMBL289,CHEMBL833,Clc1ccccc1CN1CCc2sccc2C1,PHWBOXQYWZNQIN-UHFFFAOYSA-N,1
CHEMBL289,CHEMBL91,Clc1ccc(COC(Cn2ccnc2)c2ccc(Cl)cc2Cl)c(Cl)c1,BYBLEWFAAKGYCD-UHFFFAOYSA-N,1
CHEMBL289,CHEMBL809,CNC1CCC(c2ccc(Cl)c(Cl)c2)c2ccccc21,VGKDLMBJGBXTGI-UHFFFAOYSA-N,1
CHEMBL289,CHEMBL123325,COC(=O)C1=COC(C)C2CN3CCc4c([nH]c5ccccc45)C3CC12,GRTOGORTSDXSFK-UHFFFAOYSA-N,1
CHEMBL289,CHEMBL9,CCn1cc(C(=O)O)c(=O)c2cc(F)c(N3CCNCC3)cc21,OGJPXUAPXNRGGI-UHFFFAOYSA-N,0
CHEMBL289,CHEMBL1451,CC12C=CC(=O)C=C1CCC1C3CC(O)C(O)(C(=O)CO)C3(C)CC(O)C12F,GFNANZIMVAIWHM-UHFFFAOYSA-N,0
CHEMBL289,CHEMBL299031,CCC1CN2CCc3c([nH]c4cccc(OC)c34)C2CC1C(=COC)C(=O)OC,LELBFTMXCIIKKX-UHFFFAOYSA-N,1
CHEMBL289,CHEMBL115,CC(C)(C)NC(=O)C1CN(Cc2cccnc2)CCN1CC(O)CC(Cc1ccccc1)C(=O)NC1c2ccccc2CC1O,CBVCZFGXHXORBI-UHFFFAOYSA-N,0
CHEMBL289,CHEMBL13,COCCc1ccc(OCC(O)CNC(C)C)cc1,IUBSYMUCCVWXPE-UHFFFAOYSA-N,0
CHEMBL289,CHEMBL71,CN(C)CCCN1c2ccccc2Sc2ccc(Cl)cc21,ZPEIMTDSQAKGNT-UHFFFAOYSA-N,1
CHEMBL289,CHEMBL2071440,CCCCCCCC(=O)CCc1ccc(O)c(OC)c1,CZNLTCTYLMYLHL-UHFFFAOYSA-N,0
CHEMBL289,CHEMBL15245,COC(=O)C1C(O)CCC2CN3CCc4c([nH]c5ccccc45)C3CC21,BLGXFZZNTVWLAY-UHFFFAOYSA-N,1
CHEMBL289,CHEMBL169901,N=C(N)N1CCc2ccccc2C1,JWPGJSVJDAJRLW-UHFFFAOYSA-N,0
CHEMBL289,CHEMBL52440,COc1ccc2c(c1)C13CCCCC1C(C2)N(C)CC3,MKXZASYAUGDDCJ-UHFFFAOYSA-N,1
CHEMBL289,CHEMBL485,COc1ccc2c3c1OC1C(O)C=CC4C(C2)N(C)CCC341,OROGSEYTTFOCAN-UHFFFAOYSA-N,0
CHEMBL289,CHEMBL2373353,C1CCN2CC3CC(CN4CCCCC34)C2C1,SLRCCWJSBJZJBV-UHFFFAOYSA-N,0
CHEMBL289,CHEMBL445,CNCCC=C1c2ccccc2CCc2ccccc21,PHVGLTMQBUFIQQ-UHFFFAOYSA-N,1
CHEMBL289,CHEMBL17201,O=C(C=Cc1ccccc1)C=Cc1ccccc1,WMKGGPCROCCUDY-UHFFFAOYSA-N,0
CHEMBL289,CHEMBL452861,CC(C)NCC(O)COc1cccc2ccccc12,AQHHHDLHHXJYJD-UHFFFAOYSA-N,1
CHEMBL289,CHEMBL170988,N=C(N)NC(=N)NCCc1ccccc1,ICFJFFQQTFMIBG-UHFFFAOYSA-N,0
CHEMBL289,CHEMBL116438,COc1cc(C=CC(=O)C=C(O)C=Cc2ccc(O)c(OC)c2)ccc1O,ZIUSSTSXXLLKKK-UHFFFAOYSA-N,0
CHEMBL289,CHEMBL639,CN1CCCC(n2nc(Cc3ccc(Cl)cc3)c3ccccc3c2=O)CC1,MBUVEWMHONZEQD-UHFFFAOYSA-N,1
CHEMBL289,CHEMBL205927,Oc1ccccc1C=Nc1ccccc1,QIYHCQVVYSSDTI-UHFFFAOYSA-N,0
CHEMBL289,CHEMBL1465,CCC(c1ccccc1)c1c(O)c2ccccc2oc1=O,DQDAYGNAKTZFIW-UHFFFAOYSA-N,0
CHEMBL289,CHEMBL12014,Cc1nccc2c1[nH]c1ccccc12,PSFDQSOCUJVVGF-UHFFFAOYSA-N,0
CHEMBL289,CHEMBL2079611,CCC1CN2CCC1CC2C(O)c1ccnc2ccc(OC)cc12,LJOQGZACKSYWCH-UHFFFAOYSA-N,1
CHEMBL289,CHEMBL382564,C(=C1c2ccccc2CCc2ccccc21)c1ccccc1,VANWUZCCKGBSMP-UHFFFAOYSA-N,0
CHEMBL289,CHEMBL486817,Cc1[nH]ccc2c1[nH]c1cc(=O)ccc12,LBBJNGFCXDOYMQ-UHFFFAOYSA-N,0
CHEMBL289,CHEMBL2152522,c1ccc(C(C(c2ccccc2)N2CCCCC2)N2CCCCC2)cc1,MTYFDEYZRYWPAI-UHFFFAOYSA-N,1
CHEMBL289,CHEMBL1668112,COc1cc(C(O)C2COC(c3ccc(O)c(OC)c3)C2CO)ccc1O,MWQRAOGWLXTMIC-UHFFFAOYSA-N,0
CHEMBL289,CHEMBL2062137,CC(C)(C)NC(=O)C1CN(Cc2cnc3occc3c2)CCN1CC(O)CC(Cc1ccccc1)C(=O)NC1c2ccccc2CC1O,UBUFVRJUGFJQSI-UHFFFAOYSA-N,0
CHEMBL289,CHEMBL269538,COc1ccc2c(c1)[nH]c1c(C)nccc12,BXNJHAXVSOCGBA-UHFFFAOYSA-N,0
CHEMBL289,CHEMBL399512,COc1cc(C2c3cc(O)c(OC)cc3CC(CO)C2CO)ccc1O,OGFXBIXJCWAUCH-UHFFFAOYSA-N,0
CHEMBL289,CHEMBL463246,COc1cc(C2c3cc(O)c(OC)cc3CC3C(=O)OCC32)ccc1O,CAYMSCGTKZIVTN-UHFFFAOYSA-N,0
CHEMBL289,CHEMBL518421,COc1cc(CC2COC(c3ccc(O)c(OC)c3)C2CO)ccc1O,MHXCIKYXNYCMHY-UHFFFAOYSA-N,0
CHEMBL289,CHEMBL360033,O=C(O)c1cnc(N(C(=O)c2ccc(OCc3cccc(C(F)(F)F)c3)cc2)C2CCCCC2)s1,KVOPMRICDIBARO-UHFFFAOYSA-N,0
CHEMBL289,CHEMBL276809,c1ccc2c(c1)[n-]c1c3[n+](ccc12)CC1CCCCC1C3,DMZFHYNTTBDYHR-UHFFFAOYSA-N,1
CHEMBL289,CHEMBL2079613,C=CC1CN2CCC1CC2C(O)c1ccnc2ccc(Cl)cc12,AWZHJGVWKOVYJV-UHFFFAOYSA-N,1
CHEMBL289,CHEMBL15238,CC1OC=C(CO)C2CC3c4[nH]c5ccccc5c4CCN3CC12,TXYQVRGSLNGUJS-UHFFFAOYSA-N,1
CHEMBL289,CHEMBL1668115,COc1cc(C2Oc3cc(CCCO)ccc3OC2CO)ccc1O,VSJGYMSTWHUFMX-UHFFFAOYSA-N,0
CHEMBL289,CHEMBL14474,c1ccc2ncccc2c1,SMWDFEZZVXVKRB-UHFFFAOYSA-N,0
CHEMBL289,CHEMBL428695,CCC1CN2CCC1CC2C(O)c1ccnc2ccccc12,WFJNHVWTKZUUTR-UHFFFAOYSA-N,1
CHEMBL289,CHEMBL15477,C=CC1CN2CCC1CC2C(=O)c1ccnc2ccc(OC)cc12,SRFCUPVBYYAMIL-UHFFFAOYSA-N,1
CHEMBL289,CHEMBL368347,COc1cc(CC(CO)C(CO)Cc2ccc(O)c(OC)c2)ccc1O,PUETUDUXMCLALY-UHFFFAOYSA-N,0
CHEMBL289,CHEMBL1668114,COc1cc(CC2COC(c3ccc(O)c(O)c3)C2CO)ccc1O,SNZZAHRDXCGWEM-UHFFFAOYSA-N,0
CHEMBL289,CHEMBL147806,CC(C)(C)NCc1ccc(Nc2ccnc3cc(Cl)ccc23)cc1O,ZVMMVSSEAMUNGI-UHFFFAOYSA-N,1
CHEMBL289,CHEMBL3559488,COC(=O)C1=COC(C)C2C[n+]3ccc4c([nH]c5ccccc54)c3CC12,WYTGDNHDOZPMIW-UHFFFAOYSA-O,1
CHEMBL289,CHEMBL3349577,O=C(O)C1C(O)CCC2CN3CCc4c([nH]c5ccccc45)C3CC21,AADVZSXPNRLYLV-UHFFFAOYSA-N,1
CHEMBL289,CHEMBL469431,CC(=O)OC1C(Oc2c(-c3ccc(O)cc3)oc3cc(O)cc(O)c3c2=O)OC(C)C(O)C1O,QGPZJURATJCKHO-UHFFFAOYSA-N,0
CHEMBL289,CHEMBL513372,CC1=CC(O)CC2(C)OC2CC(C)(C)C=CC1=O,RTKZIRJGSBHFAV-UHFFFAOYSA-N,0
CHEMBL289,CHEMBL2103769,CN1C(CC(=O)c2ccccc2)CCCC1CC(O)c1ccccc1,MXYUKLILVYORSK-UHFFFAOYSA-N,1
CHEMBL289,CHEMBL469851,CC(=O)OC1C(Oc2c(-c3ccc(O)cc3)oc3cc(O)cc(O)c3c2=O)OC(C)C(O)C1OC(C)=O,BHCRVKVXJRBQJR-UHFFFAOYSA-N,0
CHEMBL289,CHEMBL221542,CCC(CCC(C)C1CCC2C3CC=C4CC(O)CCC4(C)C3CCC12C)C(C)C,KZJWDPNRJALLNS-UHFFFAOYSA-N,0
CHEMBL289,CHEMBL471072,CCCCCC(O)CC(=O)CCc1ccc(OC)c(O)c1,LPRPIMHDDACJHT-UHFFFAOYSA-N,0
CHEMBL289,CHEMBL245412,CC1=CCC(C)(C)C=CC(=O)C(C)=CCC1,GIHNTRQPEMKFKO-UHFFFAOYSA-N,0
CHEMBL289,CHEMBL240954,CC(=O)OC1C(C)OC(Oc2c(-c3ccc(O)cc3)oc3cc(O)cc(O)c3c2=O)C(O)C1OC(C)=O,SXOZSDJHGMAEGZ-UHFFFAOYSA-N,0
CHEMBL289,CHEMBL240528,CC1OC(Oc2c(-c3ccc(O)cc3)oc3cc(O)cc(O)c3c2=O)C(O)C(O)C1O,SOSLMHZOJATCCP-UHFFFAOYSA-N,0
CHEMBL289,CHEMBL469850,CC1=CCC(C)(C)C=CC(=O)C(C)=CC(O)C1,NBVYFPSAUFQMAK-UHFFFAOYSA-N,0
CHEMBL289,CHEMBL453384,CC(C)(C)NCc1cc(Nc2ccnc3cc(Cl)ccc23)ccc1F,OKGGBPZMSDNNFA-UHFFFAOYSA-N,1
CHEMBL289,CHEMBL512339,CC1=CCCC2(C)OC2CC(C)(C)C=CC1=O,UXYYOHOTPOQJPD-UHFFFAOYSA-N,0
CHEMBL289,CHEMBL25948,CCCCCC=CC(=O)CCc1ccc(O)c(OC)c1,OQWKEEOHDMUXEO-UHFFFAOYSA-N,0
CHEMBL289,CHEMBL165064,COc1c(-c2ccc(O)cc2)oc2cc(O)cc(O)c2c1=O,VJJZJBUCDWKPLC-UHFFFAOYSA-N,1
CHEMBL289,CHEMBL309061,COc1ccc(-c2oc3cc(O)cc(O)c3c(=O)c2OC)cc1,RJCJVIFSIXKSAH-UHFFFAOYSA-N,0
CHEMBL289,CHEMBL501119,CC1=CC(O)C23OC2(C)CC2OC(=O)C(C)=C2CC13,QKIQAUSGMKJYFS-UHFFFAOYSA-N,0
CHEMBL289,CHEMBL513023,COc1cc(C2OCC3C(c4cc(OC)c(O)c(OC)c4)OCC23)ccc1O,VJOBNGRIBLNUKN-UHFFFAOYSA-N,0
CHEMBL289,CHEMBL190461,C=C(C)C1CCC(C)=CC1c1c(O)cc(CCCCC)cc1O,QHMBSVQNZZTUGM-UHFFFAOYSA-N,1
CHEMBL289,CHEMBL501260,CC1=CC(=O)C2=C(C)CC3OC(=O)C(C)=C3CC12,CTXCWPVELDJQRF-UHFFFAOYSA-N,0
CHEMBL289,CHEMBL479314,COc1cc(CC2COC(=O)C2Cc2cc(OC)c(OC)c(OC)c2)cc(OC)c1OC,VUNCHONBJWJYID-UHFFFAOYSA-N,0
CHEMBL289,CHEMBL471067,COc1cc(CC2C(=O)OCC2Cc2ccc3c(c2)OCO3)cc(OC)c1OC,GMLDZDDTZKXJLU-UHFFFAOYSA-N,0
CHEMBL289,CHEMBL482034,COc1cc(CC2COC(=O)C2Cc2cc(OC)c3c(c2)OCO3)cc(OC)c1O,LSSNBHGWOAHIQS-UHFFFAOYSA-N,0
CHEMBL289,CHEMBL469916,COc1cc(CC(CO)C(CO)Cc2ccc3c(c2)OCO3)cc(OC)c1OC,FDHFWHRGVDRJIK-UHFFFAOYSA-N,0
CHEMBL289,CHEMBL520915,COC1OCC(Cc2ccc3c(c2)OCO3)C1Cc1ccc2c(c1)OCO2,UUUXPUGZNDRYSV-UHFFFAOYSA-N,0
CHEMBL289,CHEMBL156339,COc1cc(OC)c(C2C(C)C(C)C2c2cc(OC)c(OC)cc2OC)cc1OC,WCERJEZPIONOJU-UHFFFAOYSA-N,0
CHEMBL289,CHEMBL481233,COc1cc(OC)c(OC)cc1CC(C)=O,AQZHZTTUVYQMIN-UHFFFAOYSA-N,0
CHEMBL289,CHEMBL469917,COc1cc(CC2COC(=O)C2Cc2cc(OC)c(O)c(OC)c2)ccc1O,XMLWGUKRPGLJGA-UHFFFAOYSA-N,0
CHEMBL289,CHEMBL242011,O=C1OCC(Cc2ccc3c(c2)OCO3)C1Cc1ccc2c(c1)OCO2,DDWGQGZPYDSYEL-UHFFFAOYSA-N,0
CHEMBL289,CHEMBL486597,OCC(Cc1ccc2c(c1)OCO2)C(CO)Cc1ccc2c(c1)OCO2,JKCVMTYNARDGET-UHFFFAOYSA-N,0
CHEMBL289,CHEMBL450829,COc1cc(OC)c(C(=O)C(C)=O)cc1OC,UUZQHDNTPXKEID-UHFFFAOYSA-N,0
CHEMBL289,CHEMBL479701,COc1cc(CC2C(Cc3ccc4c(c3)OCO4)COC2O)cc(OC)c1OC,SOCNBZCAGNYAED-UHFFFAOYSA-N,0
CHEMBL289,CHEMBL482233,COc1cc(CC2C(Cc3cc(OC)c4c(c3)OCO4)COC2O)cc(OC)c1OC,ADGULOHTKSMBCP-UHFFFAOYSA-N,0
CHEMBL289,CHEMBL399831,OC1OCC(Cc2ccc3c(c2)OCO3)C1Cc1ccc2c(c1)OCO2,DIYWRNLYKJKHAM-UHFFFAOYSA-N,0
CHEMBL289,CHEMBL333306,CC=Cc1cc(OC)c(OC)cc1OC,RKFAZBXYICVSKP-UHFFFAOYSA-N,0
CHEMBL289,CHEMBL480295,CCOc1cc(CC2COC(O)C2Cc2cc(OC)c(OC)c(OC)c2)cc2c1OCO2,PPKABVGOUVBEEX-UHFFFAOYSA-N,0
CHEMBL289,CHEMBL480296,COc1cc(CC2COC(O)C2Cc2cc(OC)c(OC)c(OC)c2)cc(OC)c1OC,PIYHDSUVUSVLGU-UHFFFAOYSA-N,0
CHEMBL289,CHEMBL3115180,CC(C)c1nc(CN(C)C(=O)NC(CCN2CCOCC2)C(=O)NC(CCC(Cc2ccccc2)NC(=O)OCc2cncs2)Cc2ccccc2)cs1,ZCIGNRJZKPOIKD-UHFFFAOYSA-N,1
CHEMBL289,CHEMBL1064,CCC(C)(C)C(=O)OC1CC(C)C=C2C=CC(C)C(CCC3CC(O)CC(=O)O3)C21,RYMZZMVNJRMUDD-UHFFFAOYSA-N,0
CHEMBL289,CHEMBL6966,COc1ccc(CCN(C)CCCC(C#N)(c2ccc(OC)c(OC)c2)C(C)C)cc1OC,SGTNSNPWRIOYBX-UHFFFAOYSA-N,0
CHEMBL289,CHEMBL577397,COc1c(-c2ccc3c(c2)OCO3)oc2c(ccc3occc32)c1=O,IGFBIJDAWSAJIF-UHFFFAOYSA-N,0
CHEMBL289,CHEMBL251254,O=c1c(OC2OC(CO)C(O)C(O)C2O)c(-c2ccc(O)c(O)c2)oc2cc(O)cc(O)c12,OVSQVDMCBVZWGM-UHFFFAOYSA-N,1
CHEMBL289,CHEMBL1648,COC(=O)C1=C(C)NC(C)=C(C(=O)OC(C)C)C1c1cccc2nonc12,HMJIYCCIJYRONP-UHFFFAOYSA-N,1
CHEMBL289,CHEMBL998,CCOC(=O)N1CCC(=C2c3ccc(Cl)cc3CCc3cccnc32)CC1,JCCNYMKQOSZNPW-UHFFFAOYSA-N,1
CHEMBL289,CHEMBL549472,CCCCCCCCCC(O)CC(=O)CCc1ccc(O)c(OC)c1,AIULWNKTYPZYAN-UHFFFAOYSA-N,0
CHEMBL289,CHEMBL50,O=c1c(O)c(-c2ccc(O)c(O)c2)oc2cc(O)cc(O)c12,REFJWTPEDVJJIY-UHFFFAOYSA-N,0
CHEMBL289,CHEMBL1095671,CCCCCCCC(O)CC(=O)CCc1ccc(O)c(OC)c1,BCIWKKMTBRYQJU-UHFFFAOYSA-N,0
CHEMBL289,CHEMBL1479,C#CC1(O)CCC2C3CCC4=Cc5oncc5CC4(C)C3CCC21C,POZRVZJJTULAOH-UHFFFAOYSA-N,1
CHEMBL289,CHEMBL83,CCC(=C(c1ccccc1)c1ccc(OCCN(C)C)cc1)c1ccccc1,NKANXQFJJICGDU-UHFFFAOYSA-N,0
CHEMBL289,CHEMBL3923804,C=CC1CN2CCC1CC2C(O)c1ccnc2ccc(OC)cc12,LOUPRKONTZGTKE-UHFFFAOYSA-N,1
CHEMBL289,CHEMBL104,Clc1ccccc1C(c1ccccc1)(c1ccccc1)n1ccnc1,VNFPBHJOKIVQEB-UHFFFAOYSA-N,1
CHEMBL289,CHEMBL385517,N#CC1CC2CC2N1C(=O)C(N)C12CC3CC(CC(O)(C3)C1)C2,QGJUIPDUBHWZPV-UHFFFAOYSA-N,0
CHEMBL289,CHEMBL564226,CC(C1=C(CCN(C)C)Cc2ccccc21)c1ccccn1,MVMQESMQSYOVGV-UHFFFAOYSA-N,0
CHEMBL289,CHEMBL273575,CN1Cc2c(N)cccc2C(c2ccccc2)C1,XXPANQJNYNUNES-UHFFFAOYSA-N,0
CHEMBL289,CHEMBL3114722,CC(C)c1nc(CN(C)C(=O)NC(C(=O)NC(CCC(Cc2ccccc2)NC(=O)OCc2cncs2)Cc2ccccc2)C(C)C)cs1,ABUAEJMNHRQEPP-UHFFFAOYSA-N,1
CHEMBL289,CHEMBL8,O=C(O)c1cn(C2CC2)c2cc(N3CCNCC3)c(F)cc2c1=O,MYSWGUAQZAJSOK-UHFFFAOYSA-N,0
CHEMBL289,CHEMBL447955,CC(OC1CCC2CN(C3=CC(=O)CC3)CC2C1c1ccc(F)cc1)c1cc(C(F)(F)F)cc(C(F)(F)F)c1,FLNYCRJBCNNHRH-UHFFFAOYSA-N,0
CHEMBL289,CHEMBL110,O=C(Cn1ccnc1[N+](=O)[O-])NCc1ccccc1,CULUWZNBISUWAS-UHFFFAOYSA-N,0
CHEMBL289,CHEMBL460499,CCCCCCNC(=O)n1cc(F)c(=O)[nH]c1=O,AOCCBINRVIKJHY-UHFFFAOYSA-N,1
CHEMBL289,CHEMBL4078418,CC(C)=CCc1cc(C2CC(=O)c3ccc(O)c(CC=C(C)C)c3O2)ccc1O,CUFAXDWQDQQKFF-UHFFFAOYSA-N,0
CHEMBL289,CHEMBL429,CC(CCc1ccccc1)NCC(O)c1ccc(O)c(C(N)=O)c1,SGUAFYQXFOLMHL-UHFFFAOYSA-N,1
CHEMBL289,CHEMBL423,CC(C)NCC(O)COc1ccc(CCOCC2CC2)cc1,NWIUTZDMDHAVTP-UHFFFAOYSA-N,0
CHEMBL289,CHEMBL486179,CN1CCc2cc3c(cc2C(=O)Cc2cc4c(cc2C1)OCO4)OCO3,ZAALQOFZFANFTF-UHFFFAOYSA-N,1
CHEMBL289,CHEMBL95,Nc1c2c(nc3ccccc13)CCCC2,YLJREFDVOIBQDA-UHFFFAOYSA-N,1
CHEMBL289,CHEMBL648,CN1CCN(C(c2ccccc2)c2ccccc2)CC1,UVKZSORBKUEBAZ-UHFFFAOYSA-N,1
CHEMBL289,CHEMBL564,CN(C)CCCN1c2ccccc2Sc2ccccc21,ZGUGWUXLJSTTMA-UHFFFAOYSA-N,1
CHEMBL289,CHEMBL456807,NNc1ccccc1,HKOOXMFOFWEVGF-UHFFFAOYSA-N,1
CHEMBL289,CHEMBL253376,CN(Cc1cc(Br)cc(Br)c1N)C1CCCCC1,OJGDCBLYJGHCIH-UHFFFAOYSA-N,1
CHEMBL289,CHEMBL515,O=C(O)CCCc1ccc(N(CCCl)CCCl)cc1,JCKYGMPEJWAADB-UHFFFAOYSA-N,0
CHEMBL289,CHEMBL509895,COC(=O)C12OCC34C(CC5C(C)=C(O)C(=O)CC5(C)C3C(O)C1O)OC(=O)C(OC(=O)C=C(C)C(C)C)C24,IRQXZTBHNKVIRL-UHFFFAOYSA-N,0
CHEMBL289,CHEMBL1490,OC(CCN1CCCCC1)(c1ccccc1)C1CCCCC1,HWHLPVGTWGOCJO-UHFFFAOYSA-N,1
CHEMBL289,CHEMBL1200406,CN(C)CCOC(c1ccccc1)c1ccccc1,ZZVUWRFHKOJYTH-UHFFFAOYSA-N,1
CHEMBL289,CHEMBL3919892,CN1CCC23CCCCC2C1Cc1ccc(O)cc13,JAQUASYNZVUNQP-UHFFFAOYSA-N,0
CHEMBL289,CHEMBL3422028,CCC(=C(c1ccc(O)cc1)c1ccc(OCCN)cc1)c1ccc(O)cc1,VYSGWFCGFKTGQC-UHFFFAOYSA-N,1
CHEMBL289,CHEMBL2079587,CC12Cc3c[nH]nc3CC1CCC1C2CCC2(C)C1CCC2(C)O,LKAJKIOFIWVMDJ-UHFFFAOYSA-N,1
CHEMBL289,CHEMBL841,CN(C)C(=O)C(CCN1CCC(O)(c2ccc(Cl)cc2)CC1)(c1ccccc1)c1ccccc1,RDOIQAHITMMDAJ-UHFFFAOYSA-N,1
CHEMBL289,CHEMBL80,C=CCN1CCC23c4c5ccc(O)c4OC2C(=O)CCC3(O)C1C5,UZHSEJADLWPNLE-UHFFFAOYSA-N,1
CHEMBL289,CHEMBL1089,NNCCc1ccccc1,RMUCZJUITONUFY-UHFFFAOYSA-N,1
CHEMBL289,CHEMBL118,Cc1ccc(-c2cc(C(F)(F)F)nn2-c2ccc(S(N)(=O)=O)cc2)cc1,RZEKVGVHFLEQIL-UHFFFAOYSA-N,1
CHEMBL289,CHEMBL520043,COc1ccc2c(c1OC)CN(C)CCc1cc3c(cc1C(=O)C2)OCO3,HYBRYAPKQCZIAE-UHFFFAOYSA-N,1
CHEMBL289,CHEMBL531,CCCN1CC(CSC)CC2c3cccc4[nH]cc(c34)CC21,YEHCICAEULNIGD-UHFFFAOYSA-N,1
CHEMBL289,CHEMBL954,CCN(CC)CCOc1ccc(C(=C(Cl)c2ccccc2)c2ccccc2)cc1,GKIRPKYJQBWNGO-UHFFFAOYSA-N,1
CHEMBL289,CHEMBL85,Cc1nc2n(c(=O)c1CCN1CCC(c3noc4cc(F)ccc34)CC1)CCCC2,RAPZEAPATHNIPO-UHFFFAOYSA-N,1
CHEMBL289,CHEMBL728,CN1CCN(CCCN2c3ccccc3Sc3ccc(Cl)cc32)CC1,WIKYUJGCLQQFNW-UHFFFAOYSA-N,1
CHEMBL289,CHEMBL41,CNCCC(Oc1ccc(C(F)(F)F)cc1)c1ccccc1,RTHCYVBBDHJXIQ-UHFFFAOYSA-N,1
CHEMBL289,CHEMBL94,CNC(=O)Oc1ccc2c(c1)C1(C)CCN(C)C1N2C,PIJVFDBKTWXHHD-UHFFFAOYSA-N,1
CHEMBL289,CHEMBL1909072,NC(=O)C1CCN(CCCN2c3ccccc3Sc3ccc(Cl)cc32)CC1,OSJJYEUEJRVVOD-UHFFFAOYSA-N,1
CHEMBL289,CHEMBL2105617,CCC1C2CC3C4N(C)c5ccccc5C45CC(C2C5O)N3C1O,CJDRUOGAGYHKKD-UHFFFAOYSA-N,1
CHEMBL289,CHEMBL388590,CCc1oc2ccccc2c1C(=O)c1cc(Br)c(O)c(Br)c1,WHQCHUCQKNIQEC-UHFFFAOYSA-N,0
CHEMBL289,CHEMBL60533,CCC1CN2CCc3c([nH]c4ccccc34)C2CC1C(=COC)C(=O)OC,NMLUOJBSAYAYEM-UHFFFAOYSA-N,1
CHEMBL289,CHEMBL193,COC(=O)C1=C(C)NC(C)=C(C(=O)OC)C1c1ccccc1[N+](=O)[O-],HYIMSNHJOBLJNT-UHFFFAOYSA-N,0
CHEMBL289,CHEMBL42,CN1CCN(C2=Nc3cc(Cl)ccc3Nc3ccccc32)CC1,QZUDBNBUXVUHMW-UHFFFAOYSA-N,0
CHEMBL289,CHEMBL117,O=c1cc(-c2ccccc2)oc2cc(O)cc(O)c12,RTIXKCRFFJGDFG-UHFFFAOYSA-N,0
