target_chembl_id,compound_chembl_id,c_smiles,noiso_InChIKey,active_label
CHEMBL1951,CHEMBL7973,Cc1ccc(C=CC(=O)c2ccc(O)cc2)cc1,WSNQCLMGWCDWPM-UHFFFAOYSA-N,1
CHEMBL1951,CHEMBL1642680,Nc1cccc(OCc2ccccc2)c1,IGPFOKFDBICQMC-UHFFFAOYSA-N,0
CHEMBL1951,CHEMBL269538,COc1ccc2c(c1)[nH]c1c(C)nccc12,BXNJHAXVSOCGBA-UHFFFAOYSA-N,1
CHEMBL1951,CHEMBL350475,CC(C)=CCc1c(O)ccc2ccc(=O)oc12,RAKJVIPCCGXHHS-UHFFFAOYSA-N,1
CHEMBL1951,CHEMBL448060,CC(C)=CCOc1c2ccoc2cc2oc(=O)ccc12,IGWDEVSBEKYORK-UHFFFAOYSA-N,0
CHEMBL1951,CHEMBL287154,COc1ccccc1C(=O)C=Cc1ccccc1,GDJKIXHMSLEBEP-UHFFFAOYSA-N,0
CHEMBL1951,CHEMBL71851,COc1cc2ccc(=O)oc2cc1O,RODXRVNMMDRFIK-UHFFFAOYSA-N,0
CHEMBL1951,CHEMBL40919,COc1ccc(-c2oc3cc(O)cc(O)c3c(=O)c2O)cc1,SQFSKOYWJBQGKQ-UHFFFAOYSA-N,1
CHEMBL1951,CHEMBL416,COc1c2occc2cc2ccc(=O)oc12,QXKHYNVANLEOEG-UHFFFAOYSA-N,0
CHEMBL1951,CHEMBL3219620,Nc1ccc(NCc2ccccn2)cc1,CGHHNVFGMJCVOU-UHFFFAOYSA-N,1
CHEMBL1951,CHEMBL53569,O=c1ccc2ccc3occc3c2o1,XDROKJSWHURZGO-UHFFFAOYSA-N,1
CHEMBL1951,CHEMBL2236844,COc1ccc(C(=O)C=Cc2ccccc2OC)cc1,ZSXLQEAUXLJRSQ-UHFFFAOYSA-N,0
CHEMBL1951,CHEMBL13311,O=c1ccoc2ccccc12,OTAFHZMPRISVEM-UHFFFAOYSA-N,0
CHEMBL1951,CHEMBL8320,O=C1C=CC(=O)C=C1,AZQWKYJCGOJGHM-UHFFFAOYSA-N,1
CHEMBL1951,CHEMBL1891947,O=c1cc(CO)oc2ccccc12,KNBXEQXDBQSZBV-UHFFFAOYSA-N,0
CHEMBL1951,CHEMBL1606959,O=C(CCN1CCCCC1)c1ccc2c(c1)OCO2,DJXZMJWCDITTEO-UHFFFAOYSA-N,0
CHEMBL1951,CHEMBL1492484,S=C(c1ccc2c(c1)OCO2)N1CCCCC1,GRKFQNCLGKIJKV-UHFFFAOYSA-N,0
CHEMBL1951,CHEMBL43185,O=C(C=CC=Cc1ccc2c(c1)OCO2)N1CCCCC1,MXXWOMGUGJBKIW-UHFFFAOYSA-N,0
CHEMBL1951,CHEMBL2203920,O=C(C=Cc1ccc2c(c1)OCO2)N1CCCC1,SXFYVDPKNPGHKJ-UHFFFAOYSA-N,0
CHEMBL1951,CHEMBL2332173,O=C(C=C(O)C=Cc1ccc(O)cc1)c1ccccc1O,CMCZZCXSRJJHPK-UHFFFAOYSA-N,1
CHEMBL1951,CHEMBL118703,O=C(C=Cc1ccc2c(c1)OCO2)N1CCOCC1,YGGASQPEKIGCKJ-UHFFFAOYSA-N,0
CHEMBL1951,CHEMBL4100724,O=C1C=CC(=O)C(Cc2ccccc2)=C1,KVKMULGEKPFYLQ-UHFFFAOYSA-N,1
CHEMBL1951,CHEMBL1575961,O=C(C=Cc1ccc2c(c1)OCO2)NC1CCCC1,SLFOTQIGIXJPPD-UHFFFAOYSA-N,0
CHEMBL1951,CHEMBL274117,O=C1C=CC(=O)C(c2ccccc2)=C1,RLQZIECDMISZHS-UHFFFAOYSA-N,1
CHEMBL1951,CHEMBL44,O=c1c(-c2ccc(O)cc2)coc2cc(O)cc(O)c12,TZBJGXHYKVUXJN-UHFFFAOYSA-N,1
CHEMBL1951,CHEMBL518935,Oc1ccc(C2Oc3ccc(C=Cc4cc(O)cc(O)c4)cc3C2c2cc(O)cc(O)c2)cc1,LILPTCHQLRKZNG-UHFFFAOYSA-N,1
CHEMBL1951,CHEMBL466769,NC1CC1(F)c1ccccc1,UJTQURLMCYMANH-UHFFFAOYSA-N,0
CHEMBL1951,CHEMBL140,COc1cc(C=CC(=O)CC(=O)C=Cc2ccc(O)c(OC)c2)ccc1O,VFLDPWHFBUODDF-UHFFFAOYSA-N,1
CHEMBL1951,CHEMBL2391738,O=C1OCc2ccccc21,WNZQDUSMALZDQF-UHFFFAOYSA-N,0
CHEMBL1951,CHEMBL467794,NC1CC1c1ccccc1,AELCINSCMGFISI-UHFFFAOYSA-N,1
CHEMBL1951,CHEMBL442289,COc1cc(O)c2c(=O)c(O)c(-c3ccc(O)cc3)oc2c1,MQSZRBPYXNEFHF-UHFFFAOYSA-N,1
CHEMBL1951,CHEMBL4851829,COc1ccc2c(=O)c(C=Cc3ccc(O)cc3)coc2c1,BDHCGFYBSPIHTG-UHFFFAOYSA-N,1
CHEMBL1951,CHEMBL2230263,CC(C)=CCc1c(O)cc(C=Cc2ccc(O)cc2)cc1O,WWFOQQIWOKJBSJ-UHFFFAOYSA-N,0
CHEMBL1951,CHEMBL2005326,COc1ccc(C=CC(=O)c2ccc(Br)cc2)cc1,FTECEXAWFUIWJG-UHFFFAOYSA-N,1
CHEMBL1951,CHEMBL1642684,Nc1cccc(-c2ccccc2)c1,MUNOBADFTHUUFG-UHFFFAOYSA-N,0
CHEMBL1951,CHEMBL374741,COc1ccc(C=CC(=O)c2ccc(Cl)cc2)cc1,KGKFNDADSPFRCJ-UHFFFAOYSA-N,1
CHEMBL1951,CHEMBL185686,O=c1c2cccc(O)c2oc2cccc(O)c12,APIPFXZYOMIJQG-UHFFFAOYSA-N,1
CHEMBL1951,CHEMBL1475,Cc1cc2cc3c(C)cc(=O)oc3c(C)c2o1,FMHHVULEAZTJMA-UHFFFAOYSA-N,1
CHEMBL1951,CHEMBL960,Cc1oncc1C(=O)Nc1ccc(C(F)(F)F)cc1,VHOGYURTWQBHIL-UHFFFAOYSA-N,0
CHEMBL1951,CHEMBL187044,COc1cc(O)c2c(=O)c3c(O)c(O)ccc3oc2c1,BDBVOZGRVBXANN-UHFFFAOYSA-N,1
CHEMBL1951,CHEMBL186609,COc1ccc2oc3ccccc3c(=O)c2c1,DVZCOQQFPCMIPO-UHFFFAOYSA-N,1
CHEMBL1951,CHEMBL365234,O=c1c2cccc(O)c2oc2cc(O)cc(O)c12,XESIWQIMUSNPRO-UHFFFAOYSA-N,1
CHEMBL1951,CHEMBL340807,COc1ccc2c3c([nH]c2c1)C(C)=NCC3,RERZNCLIYCABFS-UHFFFAOYSA-N,1
CHEMBL1951,CHEMBL186888,COc1cc2oc3c(OC)cccc3c(=O)c2c(OC)c1OC,SYCLQJWJTXZCTR-UHFFFAOYSA-N,0
CHEMBL1951,CHEMBL187159,COc1cccc2oc3c(O)cccc3c(=O)c12,GCAMSSLNXVYMKS-UHFFFAOYSA-N,0
CHEMBL1951,CHEMBL185138,COc1cc(O)c2c(=O)c3cccc(OC)c3oc2c1,IVNMXDMMZVLIRJ-UHFFFAOYSA-N,0
CHEMBL1951,CHEMBL31184,c1ccc2c(c1)cc1ccc3cccc4ccc2c1c34,FMMWHPNWAFZXNH-UHFFFAOYSA-N,1
CHEMBL1951,CHEMBL184574,O=c1c2c(O)cc(O)cc2oc2c(O)ccc(O)c12,MPXAWSABMVLIBU-UHFFFAOYSA-N,0
CHEMBL1951,CHEMBL361025,O=c1c2cc(O)ccc2oc2cc(O)cc(O)c12,JJUNZBRHHGLJQW-UHFFFAOYSA-N,1
CHEMBL1951,CHEMBL398440,Cc1cc(O)cc(C)c1Cl,OSDLLIBGSJNGJE-UHFFFAOYSA-N,1
CHEMBL1951,CHEMBL1089,NNCCc1ccccc1,RMUCZJUITONUFY-UHFFFAOYSA-N,1
CHEMBL1951,CHEMBL186416,COc1cc(OC)c2c(=O)c3cccc(OC)c3oc2c1,RZTTWIXYIUTQIT-UHFFFAOYSA-N,0
CHEMBL1951,CHEMBL185960,O=c1c2ccccc2oc2ccc(O)cc12,WSACHQJPCNOREV-UHFFFAOYSA-N,1
CHEMBL1951,CHEMBL359978,O=c1c2ccccc2oc2c(O)cccc12,KBQFPPUAIJHDCO-UHFFFAOYSA-N,1
CHEMBL1951,CHEMBL595,CCc1ccc(CCOc2ccc(CC3SC(=O)NC3=O)cc2)nc1,HYAFETHFCAUJAY-UHFFFAOYSA-N,0
CHEMBL1951,CHEMBL26323,COc1cc(O)c2c(=O)c3c(OC)c(OC)ccc3oc2c1,VYRIGRQQKUZPEX-UHFFFAOYSA-N,0
CHEMBL1951,CHEMBL243664,COc1ccc(-c2cc(=O)c3c(O)cc(O)cc3o2)cc1,DANYIYRPLHHOCZ-UHFFFAOYSA-N,1
CHEMBL1951,CHEMBL590,CC1=CC(=O)c2ccccc2C1=O,MJVAVZPDRWSRRC-UHFFFAOYSA-N,0
CHEMBL1951,CHEMBL9352,O=C1CC(c2ccc(O)cc2)Oc2cc(O)cc(O)c21,FTVWIRXFELQLPI-UHFFFAOYSA-N,0
CHEMBL1951,CHEMBL186433,COc1c(O)cc2oc3c(O)cccc3c(=O)c2c1O,JAOZFCHZESUBKS-UHFFFAOYSA-N,1
CHEMBL1951,CHEMBL828,c1ccc2c(c1)Nc1ccccc1S2,WJFKNYWRSNBZNX-UHFFFAOYSA-N,1
CHEMBL1951,CHEMBL187265,O=c1c2cc(O)c(O)cc2oc2cc(O)cc(O)c12,ZHTQCPCDXKMMLU-UHFFFAOYSA-N,0
CHEMBL1951,CHEMBL186784,O=c1c2ccccc2oc2ccccc12,JNELGWHKGNBSMD-UHFFFAOYSA-N,1
CHEMBL1951,CHEMBL183946,CC(C)=CCc1cc(O)c2oc3c(O)cccc3c(=O)c2c1O,OGHBGKMQVJAWLZ-UHFFFAOYSA-N,1
CHEMBL1951,CHEMBL187043,O=c1c2c(O)cc(O)cc2oc2ccc(O)c(O)c12,RVOUOPDWADMVBA-UHFFFAOYSA-N,0
CHEMBL1951,CHEMBL363747,COc1cc(O)c2c(=O)c3cccc(O)c3oc2c1,IQIGECASJMDDMD-UHFFFAOYSA-N,1
CHEMBL1951,CHEMBL187801,COc1cccc2c(=O)c3ccccc3oc12,SYEHHMRXODULBY-UHFFFAOYSA-N,0
CHEMBL1951,CHEMBL186576,COc1c(O)cc2oc3c(OC)cccc3c(=O)c2c1O,FSHBRPRDVOJBQZ-UHFFFAOYSA-N,0
CHEMBL1951,CHEMBL185776,COc1cc(O)c2c(=O)c3c(O)ccc(O)c3oc2c1,JDIORNFCMMYMLF-UHFFFAOYSA-N,1
CHEMBL1951,CHEMBL4168238,O=Cc1cccc(OCc2ccc(F)cc2)c1,APCQACNSEVZMIQ-UHFFFAOYSA-N,0
CHEMBL1951,CHEMBL376915,CC(C)=CCc1c(O)cc(O)c2c1OC(c1ccc(O)cc1)CC2=O,LPEPZZAVFJPLNZ-UHFFFAOYSA-N,0
CHEMBL1951,CHEMBL309490,O=c1c(O)c(-c2ccccc2)oc2cc(O)cc(O)c12,VCCRNZQBSJXYJD-UHFFFAOYSA-N,1
CHEMBL1951,CHEMBL1224875,Oc1ccc(C=Cc2cc(O)cc3c2C(c2cc(O)cc(O)c2)C(c2ccc(O)cc2)O3)cc1,FQWLMRXWKZGLFI-UHFFFAOYSA-N,0
CHEMBL1951,CHEMBL4579018,CC(C)=CCc1c(O)c(CC=C(C)C)c2c(c1O)C(=O)CC(c1ccc(O)cc1O)O2,ZTEYEFPSJPSRRA-UHFFFAOYSA-N,0
CHEMBL1951,CHEMBL334918,Oc1ccc2c(c1)OCC1c3cc4c(cc3OC21)OCO4,HUKSJTUUSUGIDC-UHFFFAOYSA-N,0
CHEMBL1951,CHEMBL300575,O=Cc1cccc(OCc2ccccc2)c1,JAICGBJIBWDEIZ-UHFFFAOYSA-N,0
CHEMBL1951,CHEMBL4446827,COc1ccc2c(c1O)OCC1c3cc4c(cc3OC21)OCO4,ZMNZBIACDAJCIU-UHFFFAOYSA-N,0
CHEMBL1951,CHEMBL50,O=c1c(O)c(-c2ccc(O)c(O)c2)oc2cc(O)cc(O)c12,REFJWTPEDVJJIY-UHFFFAOYSA-N,1
CHEMBL1951,CHEMBL28,O=c1cc(-c2ccc(O)cc2)oc2cc(O)cc(O)c12,KZNIFHPLKGYRTM-UHFFFAOYSA-N,1
CHEMBL1951,CHEMBL481658,CC(C)=CC(=O)OC1Cc2cc3ccc(=O)oc3cc2OC1(C)C,CUKSFECWKQBVED-UHFFFAOYSA-N,1
CHEMBL1951,CHEMBL81,O=C(c1ccc(OCCN2CCCCC2)cc1)c1c(-c2ccc(O)cc2)sc2cc(O)ccc12,GZUITABIAKMVPG-UHFFFAOYSA-N,0
CHEMBL1951,CHEMBL242341,COc1ccc(-c2coc3cc(O)ccc3c2=O)cc1,HKQYGTCOTHHOMP-UHFFFAOYSA-N,0
CHEMBL1951,CHEMBL13045,COc1ccc2c(c[n+](C)c3c4cc5c(cc4ccc23)OCO5)c1OC,LLEJIEBFSOEYIV-UHFFFAOYSA-N,1
CHEMBL1951,CHEMBL490355,O=C1C(=Cc2ccc(O)c(O)c2)Oc2cc(O)ccc21,RGNXWPVNPFAADO-UHFFFAOYSA-N,1
CHEMBL1951,CHEMBL43184,Nc1c2ccccc2nc2ccccc12,XJGFWWJLMVZSIG-UHFFFAOYSA-N,0
CHEMBL1951,CHEMBL294264,O=C1c2ccccc2C(=O)c2c(O)c(O)cc(O)c21,BBNQQADTFFCFGB-UHFFFAOYSA-N,1
CHEMBL1951,CHEMBL470881,COc1cc2c(cc1OC)-c1c(OC)c(OC)cc3ccnc(c13)C2=O,ZYKCETVKVRJFGD-UHFFFAOYSA-N,0
CHEMBL1951,CHEMBL4126384,CN1Cc2c(ccc3c2OCO3)C2(C)C(O)Cc3cc4c(cc3C12)OCO4,IQUGPRHKZNCHGC-UHFFFAOYSA-N,0
CHEMBL1951,CHEMBL51931,O=C1C(=O)c2ccccc2-c2ccccc21,YYVYAPXYZVYDHN-UHFFFAOYSA-N,1
CHEMBL1951,CHEMBL29898,O=C1c2ccc(O)c(O)c2C(=O)c2c(O)ccc(O)c21,VBHKTXLEJZIDJF-UHFFFAOYSA-N,0
CHEMBL1951,CHEMBL164660,O=c1ccc2cc3ccoc3cc2o1,ZCCUUQDIBDJBTK-UHFFFAOYSA-N,0
CHEMBL1951,CHEMBL1645555,Cc1nccc2c1[nH]c1cc(OCCN(C)C)ccc12,RMAYMVOWWDYRGB-UHFFFAOYSA-N,1
CHEMBL1951,CHEMBL53418,O=C1c2cccc(O)c2C(=O)c2c(O)cccc21,QBPFLULOKWLNNW-UHFFFAOYSA-N,1
CHEMBL1951,CHEMBL612,CC(N)Cc1ccccc1,KWTSXDURSIMDCE-UHFFFAOYSA-N,0
CHEMBL1951,CHEMBL55659,O=C1c2ccccc2C(=O)c2ccccc21,RZVHIXYEVGDQDX-UHFFFAOYSA-N,0
CHEMBL1951,CHEMBL4126265,Oc1ccc(C=Cc2cc(O)cc3c2C(c2ccc(O)cc2O)C(c2ccc(O)cc2)O3)cc1,KQXXUMAWOUVEHD-UHFFFAOYSA-N,0
CHEMBL1951,CHEMBL426110,O=C1C(=Cc2ccc(O)cc2)Oc2cc(O)ccc21,KEZLDSPIRVZOKZ-UHFFFAOYSA-N,1
CHEMBL1951,CHEMBL448891,COc1cc2c(cc1OC)C1Cc3ccc(O)c(OC)c3CN1CC2,DIHXHTWYVOYYDC-UHFFFAOYSA-N,0
CHEMBL1951,CHEMBL289277,Cc1cc(O)c2c(c1)C(=O)c1cc(O)cc(O)c1C2=O,RHMXXJGYXNZAPX-UHFFFAOYSA-N,1
CHEMBL1951,CHEMBL4130319,COc1cc2c(cc1OC)C1C(C)c3ccc(OC)c(OC)c3CN1CC2,VRSRXLJTYQVOHC-UHFFFAOYSA-N,0
CHEMBL1951,CHEMBL17594,O=C1c2ccccc2C(=O)c2c(O)ccc(O)c21,GUEIZVNYDFNHJU-UHFFFAOYSA-N,1
CHEMBL1951,CHEMBL86771,Nc1ccc(N)c2c1C(=O)c1ccccc1C2=O,FBMQNRKSAWNXBT-UHFFFAOYSA-N,1
CHEMBL1951,CHEMBL5204890,OC1c2ccccc2Oc2ccccc21,JFRMYMMIJXLMBB-UHFFFAOYSA-N,0
CHEMBL1951,CHEMBL4128948,COc1cc2c(cc1OC)-c1c(C)c3ccc(O)c(OC)c3c[n+]1CC2,ZTZIGDQAGXBTIT-UHFFFAOYSA-O,0
CHEMBL1951,CHEMBL2322655,Nc1c(C(=O)O)c2nc3c(C(=O)O)cccc3oc-2cc1=O,FSBKJYLVDRVPTK-UHFFFAOYSA-N,0
CHEMBL1951,CHEMBL2334892,COc1cc2c(cc1O)C1Cc3ccc(OC)c(OC)c3CN1CC2,KDFKJOFJHSVROC-UHFFFAOYSA-N,0
CHEMBL1951,CHEMBL121,CN(CCOc1ccc(CC2SC(=O)NC2=O)cc1)c1ccccn1,YASAKCUCGLMORW-UHFFFAOYSA-N,0
CHEMBL1951,CHEMBL2180144,Clc1c2ccccc2nc2ccccc12,BPXINCHFOLVVSG-UHFFFAOYSA-N,0
CHEMBL1951,CHEMBL4740697,CN1c2ccccc2Sc2ccccc21,QXBUYALKJGBACG-UHFFFAOYSA-N,0
CHEMBL1951,CHEMBL40275,O=C1c2cccc(O)c2C(=O)c2c(O)cc(CO)cc21,YDQWDHRMZQUTBA-UHFFFAOYSA-N,1
CHEMBL1951,CHEMBL1193327,CC1NCCc2cc(O)c(O)cc21,IBRKLUSXDYATLG-UHFFFAOYSA-N,0
CHEMBL1951,CHEMBL1196025,COc1cc2c(cc1OC)CN(C)CC2,TXPPKWZEHFNZOE-UHFFFAOYSA-N,0
CHEMBL1951,CHEMBL24171,COc1c2ccoc2cc2oc(=O)ccc12,BGEBZHIAGXMEMV-UHFFFAOYSA-N,0
CHEMBL1951,CHEMBL483526,COc1cc(O)c2c(=O)oc3cc(O)cc(C)c3c2c1,LCSDQFNUYFTXMT-UHFFFAOYSA-N,1
CHEMBL1951,CHEMBL55814,O=C1c2ccccc2C(=O)c2c1ccc(O)c2O,RGCKGOZRHPZPFP-UHFFFAOYSA-N,0
CHEMBL1951,CHEMBL596254,O=C1C(=Cc2ccc(Cl)cc2)Oc2ccccc21,JIWJNEVCSMZRGO-UHFFFAOYSA-N,1
CHEMBL1951,CHEMBL4568562,COc1ccc(C)c2c1C(=O)OC(C)C2,PUHAIJJCXSKQQD-UHFFFAOYSA-N,0
CHEMBL1951,CHEMBL1077616,O=C1C(=Cc2ccc(O)cc2)COc2cc(O)cc(O)c21,PKCWSPYCHMNVKB-UHFFFAOYSA-N,0
CHEMBL1951,CHEMBL4455693,Cc1ccc(O)c2c1CC(C)OC2=O,YETSBBYQOFXYGV-UHFFFAOYSA-N,1
CHEMBL1951,CHEMBL151,O=c1cc(-c2ccc(O)c(O)c2)oc2cc(O)cc(O)c12,IQPNAANSBPBGFQ-UHFFFAOYSA-N,1
CHEMBL1951,CHEMBL55934,O=C1C=CC(=O)c2ccccc21,FRASJONUBLZVQX-UHFFFAOYSA-N,1
CHEMBL1951,CHEMBL4534960,COc1cccc2c1C(=O)OC(C)C2,AYIDXPPINFIJKW-UHFFFAOYSA-N,0
CHEMBL1951,CHEMBL1946826,CN(C)c1ccc(C=C2Oc3ccccc3C2=O)cc1,BDLCKVSBCPDQJX-UHFFFAOYSA-N,1
CHEMBL1951,CHEMBL4453404,CCC1Cc2c(C)ccc(O)c2C(=O)O1,MNMABGXFHZKLEE-UHFFFAOYSA-N,1
CHEMBL1951,CHEMBL285230,CC1c2cc(O)c(O)cc2CCN1C,RKMGOUZXGHZLBJ-UHFFFAOYSA-N,0
CHEMBL1951,CHEMBL4475937,CC1Cc2c(O)ccc(O)c2C(=O)O1,OYNVCZYCJBELMQ-UHFFFAOYSA-N,0
CHEMBL1951,CHEMBL275224,c1ccc2c(c1)[nH]c1cnccc12,AIFRHYZBTHREPW-UHFFFAOYSA-N,1
CHEMBL1951,CHEMBL4438912,CC1Cc2cccc(O)c2C(=O)O1,KWILGNNWGSNMPA-UHFFFAOYSA-N,1
CHEMBL1951,CHEMBL36580,COc1cc2c(C)nccc2cc1O,NTIIOWKIWLOHAR-UHFFFAOYSA-N,0
CHEMBL1951,CHEMBL3288306,O=C1CCCc2cc(O)ccc21,FNSQPQKPPGALFA-UHFFFAOYSA-N,0
CHEMBL1951,CHEMBL499847,O=c1ccc2c(ccc3ccoc32)o1,HMUJHZNYHJMOHR-UHFFFAOYSA-N,1
CHEMBL1951,CHEMBL3260398,COc1ccccc1C=CC(=O)c1ccc(O)cc1,KYAPKYXQCLBRIU-UHFFFAOYSA-N,0
CHEMBL1951,CHEMBL138314,COc1ccc(C=CC(=O)c2ccc(OC)cc2)cc1,HDXVSZWKIHQDES-UHFFFAOYSA-N,0
CHEMBL1951,CHEMBL113,Cn1c(=O)c2c(ncn2C)n(C)c1=O,RYYVLZVUVIJVGH-UHFFFAOYSA-N,0
