target_chembl_id,compound_chembl_id,c_smiles,noiso_InChIKey,active_label
CHEMBL3471,CHEMBL505516,CC(=O)NC1C(OC2CCC3(C)C(CCC4(C)C3CC=C3C5CC(C)(C)CCC5(C(=O)O)CCC34C)C2(C)C)OC(CO)C(O)C1O,VRFWJSCLROXBBW-UHFFFAOYSA-N,0
CHEMBL3471,CHEMBL284616,O=C(C=Cc1ccc(O)c(O)c1)OC1CC(O)(C(=O)O)CC(O)C1O,CWVRJTMFETXNAD-UHFFFAOYSA-N,0
CHEMBL3471,CHEMBL29369,CC(=O)Oc1ccc(C=CC(=O)OC(C(=O)O)C(OC(=O)C=Cc2ccc(OC(C)=O)c(OC(C)=O)c2)C(=O)O)cc1OC(C)=O,RMUUAKSNUFVKKT-UHFFFAOYSA-N,1
CHEMBL3471,CHEMBL173395,COC(=O)c1c(C)cc(OC(=O)c2c(C)cc(O)c(C=O)c2O)c(C)c1O,YLOYKYXNDHOHHT-UHFFFAOYSA-N,0
CHEMBL3471,CHEMBL318743,COc1cc(CCC(=O)CC(=O)CCc2ccc(O)c(OC)c2)ccc1O,LBTVHXHERHESKG-UHFFFAOYSA-N,0
CHEMBL3471,CHEMBL64744,O=c1oc2ccccc2c(O)c1-c1ccccc1,CBHMYFPBBDCWSY-UHFFFAOYSA-N,0
CHEMBL3471,CHEMBL129073,O=C(C=Cc1ccc(O)c(O)c1)C=Cc1ccc(O)c(O)c1,MOPYIPOZUDHBJM-UHFFFAOYSA-N,1
CHEMBL3471,CHEMBL129795,O=C(C=Cc1ccc(O)cc1)c1ccc(O)cc1O,DXDRHHKMWQZJHT-UHFFFAOYSA-N,0
CHEMBL3471,CHEMBL129510,O=C(C=Cc1ccc(O)c(O)c1)c1ccccc1,HHKVOYUYPYZFHJ-UHFFFAOYSA-N,1
CHEMBL3471,CHEMBL442022,COc1cc(C=CC(=O)OCCc2ccccc2)ccc1O,CZQNYPBIOHVQQN-UHFFFAOYSA-N,0
CHEMBL3471,CHEMBL431948,O=C(C=Cc1ccc(O)c(O)c1)OC1CC(OC(=O)C=Cc2ccc(O)c(O)c2)(C(=O)O)CC(O)C1O,YDDUMTOHNYZQPO-UHFFFAOYSA-N,1
CHEMBL3471,CHEMBL131680,COc1ccc(C=CC(=O)OCCc2ccccc2)cc1O,LDEGDBUJVGNJEU-UHFFFAOYSA-N,0
CHEMBL3471,CHEMBL128748,COc1ccc(C=CC(=O)C=C(O)C=Cc2ccc(OC)c(OC)c2)cc1OC,ZMGUKFHHNQMKJI-UHFFFAOYSA-N,0
CHEMBL3471,CHEMBL413552,O=c1c(O)c(-c2ccc(O)c(O)c2)oc2cc(O)c(O)c(O)c12,ZVOLCUVKHLEPEV-UHFFFAOYSA-N,1
CHEMBL3471,CHEMBL67233,O=C(C=Cc1ccc(O)c(O)c1)OC1C(O)CC(OC(=O)C=Cc2ccc(O)c(O)c2)(C(=O)O)CC1O,IYXQRCXQQWUFQV-UHFFFAOYSA-N,1
CHEMBL3471,CHEMBL53463,COc1cccc2c1C(=O)c1c(O)c3c(c(O)c1C2=O)CC(O)(C(=O)CO)CC3OC1CC(N)C(O)C(C)O1,AOJJSUZBOXZQNB-UHFFFAOYSA-N,1
CHEMBL3471,CHEMBL116438,COc1cc(C=CC(=O)C=C(O)C=Cc2ccc(O)c(OC)c2)ccc1O,ZIUSSTSXXLLKKK-UHFFFAOYSA-N,0
CHEMBL3471,CHEMBL17205,COc1cc(C=C2CCCC(=Cc3ccc(O)c(OC)c3)C2=O)ccc1O,DHKKONBXGAAFTB-UHFFFAOYSA-N,0
CHEMBL3471,CHEMBL17001,COC(=O)C=Cc1ccc(O)c(O)c1,OCNYGKNIVPVPPX-UHFFFAOYSA-N,0
CHEMBL3471,CHEMBL423698,COc1ccc(C=CC(=O)C=Cc2ccc(OC)c(OC)c2)cc1OC,BUWQOPHMYRXMLL-UHFFFAOYSA-N,0
CHEMBL3471,CHEMBL164,O=c1c(O)c(-c2cc(O)c(O)c(O)c2)oc2cc(O)cc(O)c12,IKMDFBPHZNJCSN-UHFFFAOYSA-N,1
CHEMBL3471,CHEMBL1517998,Oc1ccc2c(c1)OCO2,LUSZGTFNYDARNI-UHFFFAOYSA-N,0
CHEMBL3471,CHEMBL524273,O=C(O)C=Cc1ccc(O)c(O)c1C(=Cc1ccc(O)c(O)c1)C(=O)O,OAHRXWZJURTMHG-UHFFFAOYSA-N,1
CHEMBL3471,CHEMBL172350,COc1c(O)cc2oc(-c3ccc(O)c(O)c3)cc(=O)c2c1O,FHHSEFRSDKWJKJ-UHFFFAOYSA-N,0
CHEMBL3471,CHEMBL28626,O=c1c(O)c(-c2ccc(O)cc2O)oc2cc(O)cc(O)c12,YXOLAZRVSSWPPT-UHFFFAOYSA-N,0
CHEMBL3471,CHEMBL8260,O=c1cc(-c2ccccc2)oc2cc(O)c(O)c(O)c12,FXNFHKRTJBSTCS-UHFFFAOYSA-N,1
CHEMBL3471,CHEMBL312163,COc1cc(O)c2c(=O)c(O)c(-c3ccc(O)c(O)c3)oc2c1,JGUZGNYPMHHYRK-UHFFFAOYSA-N,0
CHEMBL3471,CHEMBL507259,O=C(O)C=Cc1ccc(O)c(O)c1CC(=O)O,KUONJHGPPAGOFL-UHFFFAOYSA-N,1
CHEMBL3471,CHEMBL198442,O=C(Cc1ccccc1)Nc1cc(C(=O)O)c(NC(=O)Cc2ccccc2)cc1C(=O)O,OJVKDQBWFVOYFA-UHFFFAOYSA-N,1
CHEMBL3471,CHEMBL170405,O=c1c(O)c(-c2cc(O)c(O)c(O)c2)oc2cc(O)ccc12,SOEDEYVDCDYMMH-UHFFFAOYSA-N,1
CHEMBL3471,CHEMBL150,O=c1c(O)c(-c2ccc(O)cc2)oc2cc(O)cc(O)c12,IYRMWMYZSQPJKC-UHFFFAOYSA-N,0
CHEMBL3471,CHEMBL367881,CC(=O)C1=C(O)C=C2Oc3c(C(C)=O)c(O)c(C)c(O)c3C2(C)C1=O,WEYVVCKOOFYHRW-UHFFFAOYSA-N,0
CHEMBL3471,CHEMBL76984,C=C(C=O)C1CC2(C)C(=CC1=O)C(OC(=O)C(C)=CC(C)CCCC)CCC2C(=O)O,UIXJDFDDMXCJCT-UHFFFAOYSA-N,1
CHEMBL3471,CHEMBL133642,COc1ccc(C=CC(=O)OCCc2ccccc2)cc1OC,OHBFHJOQNCVEOU-UHFFFAOYSA-N,0
CHEMBL3471,CHEMBL366861,Cc1cc(O)c(C=O)c2c1C(=O)Oc1c(COC(=O)C=CC(=O)O)c(O)c(C(=O)O)c(C)c1O2,VEGGRTFDFMUBPD-UHFFFAOYSA-N,1
CHEMBL3471,CHEMBL366356,O=C(O)c1cc(O)c(O)c(OC(=O)c2cc(O)c(O)c(O)c2)c1,COVFEVWNJUOYRL-UHFFFAOYSA-N,1
CHEMBL3471,CHEMBL174243,COc1cc2oc(-c3ccc(O)cc3)cc(=O)c2c(O)c1C1OC(CO)C(O)C(O)C1O,ABRULANJVVJLFI-UHFFFAOYSA-N,0
CHEMBL3471,CHEMBL105350,O=C(C=Cc1ccc(O)cc1)CC(=O)C=Cc1ccc(O)cc1,PREBVFJICNPEKM-UHFFFAOYSA-N,0
CHEMBL3471,CHEMBL179512,COc1cc(C=CC(O)=CC(=O)C=Cc2ccc(O)cc2)ccc1O,UEPVWRDHSPMIAZ-UHFFFAOYSA-N,0
CHEMBL3471,CHEMBL240963,O=C1C=C(O)C(=O)c2ccccc21,CSFWPUWCSPOLJW-UHFFFAOYSA-N,0
CHEMBL3471,CHEMBL182653,COc1ccc(C=CC(=O)c2ccc(O)cc2O)cc1,ADRQFDIWPRFKSP-UHFFFAOYSA-N,0
CHEMBL3471,CHEMBL148472,O=C(C=Cc1ccccc1O)c1ccc(O)cc1O,MACMAADVRVVHBD-UHFFFAOYSA-N,0
CHEMBL3471,CHEMBL103006,COc1ccc(C=CC(=O)CC(=O)C=Cc2ccc(OC)cc2)cc1,JFOLIEXFFOBCSM-UHFFFAOYSA-N,0
CHEMBL3471,CHEMBL319488,O=C(C=Cc1ccc(O)c(O)c1)CC(=O)C=Cc1ccc(O)c(O)c1,OJFGQVZAISEIPG-UHFFFAOYSA-N,1
CHEMBL3471,CHEMBL2180475,O=C(C=Cc1cccc(O)c1O)c1ccc(O)cc1O,IUKUGGBBLOTFNV-UHFFFAOYSA-N,1
CHEMBL3471,CHEMBL32810,O=c1cc(O)c2ccc(O)cc2o1,CYSRKZFPSNZSCS-UHFFFAOYSA-N,0
CHEMBL3471,CHEMBL128729,COc1cc(C=CC(=O)C=Cc2ccc(O)c(OC)c2)ccc1O,ISIMGBQRFXXNON-UHFFFAOYSA-N,0
CHEMBL3471,CHEMBL674,CCC(CC)OC1C=C(C(=O)O)CC(N)C1NC(C)=O,NENPYTRHICXVCS-UHFFFAOYSA-N,1
CHEMBL3471,CHEMBL128000,O=C(C=Cc1ccc(O)c(O)c1)c1ccc(O)cc1O,AYMYWHCQALZEGT-UHFFFAOYSA-N,0
CHEMBL3471,CHEMBL65,CCC1(O)C(=O)OCc2c1cc1n(c2=O)Cc2cc3ccccc3nc2-1,VSJKWCGYPAHWDS-UHFFFAOYSA-N,0
CHEMBL3471,CHEMBL2180474,O=C(C=Cc1ccccc1O)c1c(O)cc(O)cc1O,HKQJXIALKSCCKD-UHFFFAOYSA-N,1
CHEMBL3471,CHEMBL301141,O=c1cc(O)c2ccccc2o1,VXIXUWQIVKSKSA-UHFFFAOYSA-N,0
CHEMBL3471,CHEMBL1466,O=c1oc2ccccc2c(O)c1Cc1c(O)c2ccccc2oc1=O,DOBMPNYZJYQDGZ-UHFFFAOYSA-N,0
CHEMBL3471,CHEMBL278950,O=C(O)c1ccc2cc(O)ccc2c1,KAUQJMHLAFIZDU-UHFFFAOYSA-N,0
CHEMBL3471,CHEMBL18726,COC(=O)c1ccc2cc(O)ccc2c1,UKZOPQRTQJERQC-UHFFFAOYSA-N,0
CHEMBL3471,CHEMBL2180476,O=C(C=Cc1cc(O)ccc1O)c1ccc(O)cc1O,SCYSZHQHDOOZQM-UHFFFAOYSA-N,1
CHEMBL3471,CHEMBL2180473,O=C(C=Cc1ccccc1O)c1cccc(O)c1O,HVYFGDLINYPWGI-UHFFFAOYSA-N,1
CHEMBL3471,CHEMBL44657,COc1cc(C2c3cc4c(cc3C(OC3OC5COC(C)OC5C(O)C3O)C3COC(=O)C23)OCO4)cc(OC)c1O,VJJPUSNTGOMMGY-UHFFFAOYSA-N,0
CHEMBL3471,CHEMBL487885,O=C1OC(c2ccc(O)c(O)c2)C(c2ccc(O)cc2)=C1O,FZVVHOMGSDJSNH-UHFFFAOYSA-N,1
CHEMBL3471,CHEMBL27577,NC(=O)c1ccccc1O,SKZKKFZAGNVIMN-UHFFFAOYSA-N,0
CHEMBL3471,CHEMBL66953,O=c1c(O)cccc2cc(O)c(O)c(O)c12,WDGFFVCWBZVLCE-UHFFFAOYSA-N,1
CHEMBL3471,CHEMBL441250,O=C(C=Cc1ccc(O)c(O)c1)OC1CC(O)(C(=O)O)CC(OC(=O)C=Cc2ccc(O)c(O)c2)C1O,KRZBCHWVBQOTNZ-UHFFFAOYSA-N,1
CHEMBL3471,CHEMBL286494,Cc1cc(O)c2c(=O)c3c(O)cc(O)c4c5c(O)cc(O)c6c(=O)c7c(O)cc(C)c8c1c2c(c34)c(c78)c65,BTXNYTINYBABQR-UHFFFAOYSA-N,1
CHEMBL3471,CHEMBL1813374,O=C(O)c1ccc(OCc2ccccc2)cc1O,JHMFYEFDCDOWFB-UHFFFAOYSA-N,0
CHEMBL3471,CHEMBL1813371,O=C(O)c1cccc(OCc2ccccc2)c1O,ATYBTOZURWXNTE-UHFFFAOYSA-N,0
CHEMBL3471,CHEMBL6246,O=c1oc2c(O)c(O)cc3c(=O)oc4c(O)c(O)cc1c4c23,AFSDNFLWKVMVRB-UHFFFAOYSA-N,1
CHEMBL3471,CHEMBL1813376,O=C(O)c1cc(OCc2ccccc2)ccc1O,PNERJPORNFOLIT-UHFFFAOYSA-N,0
CHEMBL3471,CHEMBL17347,CCOC(=O)C=Cc1ccc(O)c(O)c1,WDKYDMULARNCIS-UHFFFAOYSA-N,0
CHEMBL3471,CHEMBL450003,COc1cc(C=CC(=O)O)cc(Br)c1O,NGBVBJQUJJKRGF-UHFFFAOYSA-N,0
CHEMBL3471,CHEMBL149674,O=C(C=Cc1ccc(O)c(O)c1)OC1CC(O)(C(=O)O)CC(O)C1OC(=O)C=Cc1ccc(O)c(O)c1,UFCLZKMFXSILNL-UHFFFAOYSA-N,1
CHEMBL3471,CHEMBL137555,O=C(O)C=Cc1cc(O)c(O)c([N+](=O)[O-])c1,WIGNVYQMAXKHTQ-UHFFFAOYSA-N,0
CHEMBL3471,CHEMBL32749,COc1cc(C=CC(=O)O)ccc1O,KSEBMYQBYZTDHS-UHFFFAOYSA-N,0
CHEMBL3471,CHEMBL8,O=C(O)c1cn(C2CC2)c2cc(N3CCNCC3)c(F)cc2c1=O,MYSWGUAQZAJSOK-UHFFFAOYSA-N,0
CHEMBL3471,CHEMBL480747,COc1cc(C=CC(=O)O)cc(Cl)c1O,JPBRRRVTXWVBIF-UHFFFAOYSA-N,0
CHEMBL3471,CHEMBL471797,CCCCCCCCCCCCCCCCCCOC(=O)C=Cc1ccc(O)c(O)c1,QYVZEPLDLPYECM-UHFFFAOYSA-N,0
CHEMBL3471,CHEMBL444478,CC1OC(OC2C(O)C(OCCc3ccc(O)c(O)c3)OC(CO)C2OC(=O)C=Cc2ccc(O)c(O)c2)C(O)C(O)C1O,FBSKJMQYURKNSU-UHFFFAOYSA-N,1
CHEMBL3471,CHEMBL446012,COC(=O)C1(O)CC(OC(=O)C=Cc2ccc(O)c(O)c2)C(OC(=O)C(C)(O)CC(=O)O)C(OC(=O)C=Cc2ccc(O)c(O)c2)C1,XVRZYODGITYIQZ-UHFFFAOYSA-N,0
CHEMBL3471,CHEMBL475065,COC(=O)C1(O)CC(OC(=O)C=Cc2ccc(O)c(O)c2)C(O)C(OC(=O)C=Cc2cc(OC)c(O)c(OC)c2)C1,QXOKQINPRTYYQK-UHFFFAOYSA-N,0
CHEMBL3471,CHEMBL462894,COC(=O)C1=COC(OC2OC(CO)C(O)C(O)C2O)C2C(CO)=CCC12,IBFYXTRXDNAPMM-UHFFFAOYSA-N,0
CHEMBL3471,CHEMBL448070,CCOC(=O)C1(O)CC(O)C(OC(=O)C=Cc2cc(OC)c(O)c(OC)c2)C(OC(=O)C=Cc2ccc(O)c(O)c2)C1,WTUPZYOQFGPHOS-UHFFFAOYSA-N,0
CHEMBL3471,CHEMBL482232,CCOC(=O)C1(O)CC(O)C(O)C(OC(=O)C=Cc2ccc(O)c(O)c2)C1,LEUHYTKFUDEERH-UHFFFAOYSA-N,0
CHEMBL3471,CHEMBL460031,O=C(O)C1=COC(OC2OC(CO)C(O)C(O)C2O)C2C(CO)=CCC12,ZJDOESGVOWAULF-UHFFFAOYSA-N,0
CHEMBL3471,CHEMBL445715,CCOC(=O)C1(O)CC(OC(=O)C=Cc2ccc(O)c(O)c2)C(O)C(OC(=O)C=Cc2cc(OC)c(O)c(OC)c2)C1,QRWMZZNSGRCHHG-UHFFFAOYSA-N,0
CHEMBL3471,CHEMBL479508,COc1cc(C(=O)O)ccc1OC1OC(COC(=O)C=Cc2cc(OC)c(O)c(OC)c2)C(O)C(O)C1O,SSFMJKGLSYRLSQ-UHFFFAOYSA-N,0
CHEMBL3471,CHEMBL474262,COC(=O)C1(O)CC(O)C(OC(=O)C=Cc2cc(OC)c(O)c(OC)c2)C(OC(=O)C=Cc2ccc(O)c(O)c2)C1,HNVWFUAOTFONLC-UHFFFAOYSA-N,0
CHEMBL3471,CHEMBL518420,O=c1c(OC2OCC(O)C(O)C2O)c(-c2ccc(O)cc2)oc2cc(O)cc(O)c12,RNVUDWOQYYWXBJ-UHFFFAOYSA-N,0
CHEMBL3471,CHEMBL443442,O=C(OCC1OC(Oc2c(-c3ccc(O)c(O)c3)oc3cc(O)cc(O)c3c2=O)C(OC(=O)c2cc(O)c(O)c(O)c2)C(O)C1O)c1cc(O)c(O)c(O)c1,YMGFSEXNBFRWPP-UHFFFAOYSA-N,0
CHEMBL3471,CHEMBL82242,CC1OC(Oc2c(-c3ccc(O)c(O)c3)oc3cc(O)cc(O)c3c2=O)C(O)C(O)C1O,OXGUCUVFOIWWQJ-UHFFFAOYSA-N,0
CHEMBL3471,CHEMBL251254,O=c1c(OC2OC(CO)C(O)C(O)C2O)c(-c2ccc(O)c(O)c2)oc2cc(O)cc(O)c12,OVSQVDMCBVZWGM-UHFFFAOYSA-N,0
CHEMBL3471,CHEMBL65675,COC(=O)c1cc(O)c(O)c(O)c1,FBSFWRHWHYMIOG-UHFFFAOYSA-N,0
CHEMBL3471,CHEMBL240528,CC1OC(Oc2c(-c3ccc(O)cc3)oc3cc(O)cc(O)c3c2=O)C(O)C(O)C1O,SOSLMHZOJATCCP-UHFFFAOYSA-N,0
CHEMBL3471,CHEMBL447974,O=C(OCC1OC(OC(=O)c2cc(O)c(O)c(O)c2)C(OC(=O)c2cc(O)c(O)c(O)c2)C(O)C1O)c1cc(O)c(O)c(O)c1,LLENXGNWVNSBQG-UHFFFAOYSA-N,0
CHEMBL3471,CHEMBL505880,O=C(OC1C(Oc2c(-c3ccc(O)c(O)c3)oc3cc(O)cc(O)c3c2=O)OC(CO)C(O)C1O)c1cc(O)c(O)c(O)c1,PXGWEUQZDRUMRE-UHFFFAOYSA-N,0
CHEMBL3471,CHEMBL501837,O=C(OC1C(Oc2c(-c3ccc(O)c(O)c3)oc3cc(O)cc(O)c3c2=O)OCC(O)C1O)c1cc(O)c(O)c(O)c1,XLHGECRFSYAHQI-UHFFFAOYSA-N,0
