target_chembl_id,compound_chembl_id,c_smiles,noiso_InChIKey,active_label
CHEMBL1978,CHEMBL3977491,CC(=C(c1ccc(O)cc1)c1ccc(O)cc1)c1ccc(N)cc1,WIAPZXQYCVTONE-UHFFFAOYSA-N,1
CHEMBL1978,CHEMBL2058267,CC12CCC3C(CCC4CC=CCC43C)C1CCC2=O,ISJVDMWNISUFRJ-UHFFFAOYSA-N,1
CHEMBL1978,CHEMBL459502,COc1ccc(C(Cn2ccnc2)Sc2ccc(Cl)c(Cl)c2)cc1,RUUOJGYNYNPAKU-UHFFFAOYSA-N,1
CHEMBL1978,CHEMBL1405,CC12CCC3c4ccc(O)cc4CCC3C1CCC2=O,DNXHEGUUPJUMQT-UHFFFAOYSA-N,1
CHEMBL1978,CHEMBL1077603,CC12CCC3C(CCC4=CC(O)CCC43C)C1CCC2=O,VMYTXBKVYDESSJ-UHFFFAOYSA-N,1
CHEMBL1978,CHEMBL129795,O=C(C=Cc1ccc(O)cc1)c1ccc(O)cc1O,DXDRHHKMWQZJHT-UHFFFAOYSA-N,1
CHEMBL1978,CHEMBL28,O=c1cc(-c2ccc(O)cc2)oc2cc(O)cc(O)c12,KZNIFHPLKGYRTM-UHFFFAOYSA-N,1
CHEMBL1978,CHEMBL275638,O=c1cc(-c2ccccc2)oc2ccccc12,VHBFFQKBGNRLFZ-UHFFFAOYSA-N,1
CHEMBL1978,CHEMBL29138,CC1(c2ccc(N)cc2)CCC(=O)NC1=O,MBABIYLWAJVPCT-UHFFFAOYSA-N,0
CHEMBL1978,CHEMBL106,OC(Cn1cncn1)(Cn1cncn1)c1ccc(F)cc1F,RFHAOTPXVQNOHP-UHFFFAOYSA-N,0
CHEMBL1978,CHEMBL53343,COc1c(C)c(O)c2c(c1C)OC(c1ccccc1)CC2=O,KZNAGLGLKRUIPD-UHFFFAOYSA-N,0
CHEMBL1978,CHEMBL386630,CC12CCC(=O)C=C1CCC1C2CCC2(C)C(O)CCC12,MUMGGOZAMZWBJJ-UHFFFAOYSA-N,1
CHEMBL1978,CHEMBL283196,O=c1cc(-c2ccccc2)oc2c1ccc1ccccc12,VFMMPHCGEFXGIP-UHFFFAOYSA-N,1
CHEMBL1978,CHEMBL3134115,COc1cc(O)c2c(c1C)OC(c1ccccc1)CC2=O,SNHQMOIKQSCRFM-UHFFFAOYSA-N,1
CHEMBL1978,CHEMBL519937,N#Cc1ccc(C(c2ccc(O)cc2)n2cncn2)cc1,NKXSBAFDEKETDR-UHFFFAOYSA-N,1
CHEMBL1978,CHEMBL149791,CCC(=C(c1ccc(O)cc1)c1ccc(O)cc1)c1ccccc1,BPKSDMHGDYTXLI-UHFFFAOYSA-N,0
CHEMBL1978,CHEMBL165,Oc1ccc(C=Cc2cc(O)cc(O)c2)cc1,LUKBXSAWLPMMSZ-UHFFFAOYSA-N,0
CHEMBL1978,CHEMBL99370,CC12CCC3C(CCC4=CC(=O)C=CC43C)C1CCC(=O)O2,BPEWUONYVDABNZ-UHFFFAOYSA-N,0
CHEMBL1978,CHEMBL1078534,CC12C=CC(=O)C=C1CCC1C2CCC2(C)C(=O)CCC12,LUJVUUWNAPIQQI-UHFFFAOYSA-N,1
CHEMBL1978,CHEMBL3134113,COc1c(C)c(O)c(C=O)c2c1C(O)CC(c1ccccc1)O2,DAAVAQORZATFQC-UHFFFAOYSA-N,1
CHEMBL1978,CHEMBL4863718,C=CC1(C)C=C2CCC3C(C)(C)CCCC3(C)C2CC1,XDSYKASBVOZOAG-UHFFFAOYSA-N,1
CHEMBL1978,CHEMBL27769,CC12CCC3C(CCC4CC(=O)CCC43C)C1CCC2O,NVKAWKQGWWIWPM-UHFFFAOYSA-N,1
CHEMBL1978,CHEMBL518414,O=C(C=Cc1ccc(O)c(O)c1)OCC1OC(OCCc2ccc(O)c(O)c2)C(O)C(O)C1O,LFKQVVDFNHDYNK-UHFFFAOYSA-N,0
CHEMBL1978,CHEMBL480514,Oc1ccc(C(c2ccc(O)cc2)n2cncn2)cc1,AGSUQRPIHMSTHE-UHFFFAOYSA-N,1
CHEMBL1978,CHEMBL111234,Oc1ccc(CCc2cc(O)cc(O)c2)cc1,HITJFUSPLYBJPE-UHFFFAOYSA-N,0
CHEMBL1978,CHEMBL260553,CC(C)=CCc1c(O)cc2oc3cc(O)c(O)c(CC=C(C)C)c3c(=O)c2c1O,VEZXFTKZUMARDU-UHFFFAOYSA-N,1
CHEMBL1978,CHEMBL458395,O=C1CC(c2ccc(O)cc2O)Oc2cc(O)cc(O)c21,QBLQLKNOKUHRCH-UHFFFAOYSA-N,1
CHEMBL1978,CHEMBL463638,COc1cc(C=CC(=O)OCC(C)=CCc2c(O)ccc(C(=O)C=Cc3ccc(O)cc3O)c2O)ccc1O,OFKHJNZDWNKYOY-UHFFFAOYSA-N,1
CHEMBL1978,CHEMBL164,O=c1c(O)c(-c2cc(O)c(O)c(O)c2)oc2cc(O)cc(O)c12,IKMDFBPHZNJCSN-UHFFFAOYSA-N,1
CHEMBL1978,CHEMBL457686,CC(C)=CCc1c(O)ccc2c1OC(c1ccc(O)cc1O)CC2=O,JJOUBYOHNYJCOU-UHFFFAOYSA-N,1
CHEMBL1978,CHEMBL454705,CC1=CC2c3c(O)cc(-c4cc5ccc(O)cc5o4)cc3OC3(c4ccc(O)cc4O)Oc4cc(O)ccc4C(C1)C23,MJJWBJFYYRAYKU-UHFFFAOYSA-N,1
CHEMBL1978,CHEMBL458188,CC(C)=CCc1c(O)cc(O)cc1-c1cc2ccc(O)cc2o1,KDDIWXQFRQYXCG-UHFFFAOYSA-N,0
CHEMBL1978,CHEMBL465879,COc1ccc(CCCc2ccc(O)cc2)c(O)c1,MSNVBURPCQDLEP-UHFFFAOYSA-N,0
CHEMBL1978,CHEMBL117,O=c1cc(-c2ccccc2)oc2cc(O)cc(O)c12,RTIXKCRFFJGDFG-UHFFFAOYSA-N,1
CHEMBL1978,CHEMBL457679,CC(C)=CCc1cc(-c2oc3cc(O)cc(O)c3c(=O)c2O)ccc1O,PGCKDCPTJAQQSQ-UHFFFAOYSA-N,1
CHEMBL1978,CHEMBL252642,O=C1CC(c2ccc(O)cc2)Oc2cc(O)ccc21,FURUXTVZLHCCNA-UHFFFAOYSA-N,1
CHEMBL1978,CHEMBL465881,CC(C)=CCc1cc2cc(-c3cc(O)cc(O)c3)oc2cc1O,WBSCSIABHGPAMC-UHFFFAOYSA-N,0
CHEMBL1978,CHEMBL451168,O=C1CC(c2ccc(O)c(O)c2)Oc2cc(O)ccc21,MJBPUQUGJNAPAZ-UHFFFAOYSA-N,1
CHEMBL1978,CHEMBL457680,CC(C)=CCc1cc(C2CC(=O)c3c(O)cc(O)cc3O2)ccc1O,CGKWSLSAYABZTL-UHFFFAOYSA-N,1
CHEMBL1978,CHEMBL458187,CC(C)=CCCC(C)=CCc1c(-c2ccc(O)cc2O)oc2cc(O)cc(O)c2c1=O,GRRICQNASNJYBZ-UHFFFAOYSA-N,0
CHEMBL1978,CHEMBL465880,CC(C)=CCc1c(O)ccc(C(=O)C=Cc2ccc(O)cc2O)c1O,NXBYIJSAISXPKJ-UHFFFAOYSA-N,1
CHEMBL1978,CHEMBL464007,CC(C)=CCc1cc(-c2oc3c(CC=C(C)C)c(O)cc(O)c3c(=O)c2O)ccc1O,KNMMNUQOUANAJS-UHFFFAOYSA-N,1
CHEMBL1978,CHEMBL457678,CC(C)(O)C1Cc2c(ccc3c2OC(c2ccc(O)cc2O)CC3=O)O1,JXVOAHGNNBAJCD-UHFFFAOYSA-N,1
CHEMBL1978,CHEMBL514745,CC(=CCc1c(O)ccc(C(=O)C=Cc2ccc(O)cc2O)c1O)COC(=O)C=Cc1ccc(O)cc1,XXQUTHYOIGFGPG-UHFFFAOYSA-N,1
CHEMBL1978,CHEMBL253570,O=c1c(O)c(-c2ccc(O)c(O)c2)oc2c(O)c(O)cc(O)c12,YRRAGUMVDQQZIY-UHFFFAOYSA-N,1
CHEMBL1978,CHEMBL399910,O=C1CC(c2ccccc2)Oc2cc(O)cc(O)c21,URFCJEUYXNAHFI-UHFFFAOYSA-N,1
CHEMBL1978,CHEMBL3754473,CC12CCC3C(C=CC4=CC(=O)CCC43C)C1CCC2=O,YEWSFUFGMDJFFG-UHFFFAOYSA-N,1
CHEMBL1978,CHEMBL3948254,CCC(=C(c1ccc(O)cc1)c1ccc(O)cc1)c1ccc(N)cc1,VYOXEPODRRKIAE-UHFFFAOYSA-N,1
CHEMBL1978,CHEMBL1394757,CCC1(c2ccc(N)cc2)CCC(=O)NC1=O,ROBVIMPUHSLWNV-UHFFFAOYSA-N,0
CHEMBL1978,CHEMBL2011171,O=C1c2ccccc2OCC1c1ccccc1,RTRZOHKLISMNRD-UHFFFAOYSA-N,0
CHEMBL1978,CHEMBL189051,CC12CCC3c4cc(Br)c(O)cc4CCC3C1CCC2=O,JVITVXNLPKMREE-UHFFFAOYSA-N,1
CHEMBL1978,CHEMBL3422031,CCC(=C(c1ccccc1)c1ccc(OCCN)cc1)c1ccccc1,MCJKBWHDNUSJLW-UHFFFAOYSA-N,1
CHEMBL1978,CHEMBL3422035,CC(=C(c1ccc(O)cc1)c1ccc(OCCN)cc1)c1ccccc1,UFUKKOVHONBWKK-UHFFFAOYSA-N,1
CHEMBL1978,CHEMBL402970,COc1ccc2c(c1)OC(c1ccc(O)cc1)CC2=O,OJOSVTQXBSSCMQ-UHFFFAOYSA-N,1
CHEMBL1978,CHEMBL3422028,CCC(=C(c1ccc(O)cc1)c1ccc(OCCN)cc1)c1ccc(O)cc1,VYSGWFCGFKTGQC-UHFFFAOYSA-N,1
CHEMBL1978,CHEMBL3422029,CCC(=C(c1ccc(O)cc1)c1ccc(OCCN)cc1)c1ccc(F)cc1,IAEJLUQBMQLFKX-UHFFFAOYSA-N,1
CHEMBL1978,CHEMBL97542,O=C1CC(c2ccccc2)Oc2cc(O)ccc21,SWAJPHCXKPCPQZ-UHFFFAOYSA-N,1
CHEMBL1978,CHEMBL9687,COc1ccc2c(c1)OC(c1ccccc1)CC2=O,VYESEQLQFXUROZ-UHFFFAOYSA-N,1
CHEMBL1978,CHEMBL3422037,CCCC(=C(c1ccc(O)cc1)c1ccc(OCCN)cc1)c1ccccc1,XNGMUTOMPNQBLW-UHFFFAOYSA-N,1
CHEMBL1978,CHEMBL492762,COc1cc(=O)n(C)c2c3c(ccc12)OCO3,DPXXJCMMMXZVSW-UHFFFAOYSA-N,1
CHEMBL1978,CHEMBL185,O=c1[nH]cc(F)c(=O)[nH]1,GHASVSINZRGABV-UHFFFAOYSA-N,1
CHEMBL1978,CHEMBL323197,COc1c(O)cc2oc3cc(O)c(CC=C(C)C)c(O)c3c(=O)c2c1CC=C(C)C,GNRIZKKCNOBBMO-UHFFFAOYSA-N,0
CHEMBL1978,CHEMBL462879,COc1c(O)cc2oc3cc(O)c(CC=C(C)C)c(O)c3c(=O)c2c1CCC(C)(C)O,TYALNCRUIKOKGP-UHFFFAOYSA-N,1
CHEMBL1978,CHEMBL454580,CC(C)=CCc1c(O)cc2oc3c(CC=C(C)C)c(O)c(O)c(CC=C(C)C)c3c(=O)c2c1O,WVJYEKGQSBGNRP-UHFFFAOYSA-N,0
CHEMBL1978,CHEMBL91,Clc1ccc(COC(Cn2ccnc2)c2ccc(Cl)cc2Cl)c(Cl)c1,BYBLEWFAAKGYCD-UHFFFAOYSA-N,1
CHEMBL1978,CHEMBL52,CC(Cc1ccc(O)c(O)c1)C(C)Cc1ccc(O)c(O)c1,HCZKYJDFEPMADG-UHFFFAOYSA-N,1
CHEMBL1978,CHEMBL300814,O=c1cc(-c2ccccc2)oc2cc(O)c(O)cc12,GSAOUZGPXSGVRS-UHFFFAOYSA-N,1
CHEMBL1978,CHEMBL424414,Cc1cc(=O)[nH]c2ccccc12,APLVPBUBDFWWAD-UHFFFAOYSA-N,0
CHEMBL1978,CHEMBL276915,O=c1cc(-c2ccccc2)oc2cc(O)ccc12,MQGPSCMMNJKMHQ-UHFFFAOYSA-N,1
CHEMBL1978,CHEMBL441260,C=C1C(=O)OC2C1CCC(C)=C1C(=O)C=C(C)C12,SKNVIAFTENCNGB-UHFFFAOYSA-N,1
CHEMBL1978,CHEMBL369471,O=C1OCC(Cc2ccc(O)c(O)c2)C1Cc1ccc(O)c(O)c1,NXJDDTDNGCHIGR-UHFFFAOYSA-N,1
CHEMBL1978,CHEMBL104,Clc1ccccc1C(c1ccccc1)(c1ccccc1)n1ccnc1,VNFPBHJOKIVQEB-UHFFFAOYSA-N,1
CHEMBL1978,CHEMBL294878,O=c1cc(-c2ccc(O)cc2)oc2cc(O)ccc12,LCAWNFIFMLXZPQ-UHFFFAOYSA-N,1
CHEMBL1978,CHEMBL453417,COc1cccc2c(C)cc(=O)[nH]c12,WHZDFFGNQINQSU-UHFFFAOYSA-N,0
CHEMBL1978,CHEMBL44,O=c1c(-c2ccc(O)cc2)coc2cc(O)cc(O)c12,TZBJGXHYKVUXJN-UHFFFAOYSA-N,0
CHEMBL1978,CHEMBL309490,O=c1c(O)c(-c2ccccc2)oc2cc(O)cc(O)c12,VCCRNZQBSJXYJD-UHFFFAOYSA-N,0
CHEMBL1978,CHEMBL451532,CC1OC(OC2C(Oc3cc(O)c4c(c3)OC(c3ccc(O)cc3)CC4=O)OC(CO)C(O)C2O)C(O)C(O)C1O,DFPMSGMNTNDNHN-UHFFFAOYSA-N,1
CHEMBL1978,CHEMBL16782,COc1ccc2c(=O)cc(-c3ccccc3)oc2c1,QKNDCRMJDZLFEG-UHFFFAOYSA-N,1
CHEMBL1978,CHEMBL8145,O=c1c(-c2ccc(O)cc2)coc2cc(O)ccc12,ZQSIJRDFPHDXIC-UHFFFAOYSA-N,0
CHEMBL1978,CHEMBL229907,COc1ccc(C=CC(=O)c2ccc(OC)cc2O)cc1,OAAPAFSEMHJNTF-UHFFFAOYSA-N,0
CHEMBL1978,CHEMBL229633,COc1ccc(C(=O)C=Cc2ccc(OC)c(CC=C(C)C)c2)c(O)c1,CEEGUSGLLLGRKJ-UHFFFAOYSA-N,0
CHEMBL1978,CHEMBL388374,COc1ccc2c(c1)OC(c1ccc(O)c(CC=C(C)C)c1)CC2=O,OJJMNWGMJWNEQY-UHFFFAOYSA-N,1
CHEMBL1978,CHEMBL389925,COc1ccc(C=CC(=O)c2ccc(O)cc2O)cc1CC=C(C)C,POPCLQBIFPKBMG-UHFFFAOYSA-N,0
CHEMBL1978,CHEMBL229841,COc1ccc(C(=O)C=Cc2ccc(O)c(CC=C(C)C)c2)c(O)c1,FOQNOMKCXDDQLF-UHFFFAOYSA-N,0
CHEMBL1978,CHEMBL558103,CC(C)=CCc1cc(C2CC(=O)c3ccc(O)cc3O2)ccc1O,NLTOTZSPOYWSSP-UHFFFAOYSA-N,0
CHEMBL1978,CHEMBL229908,COc1ccc(C2CC(=O)c3ccc(OC)cc3O2)cc1,YAEYGSBLDUIDTP-UHFFFAOYSA-N,1
CHEMBL1978,CHEMBL229885,CC(C)=CCc1cc(C=CC(=O)c2ccc(O)cc2O)ccc1O,TVUGLERLRIQATC-UHFFFAOYSA-N,0
CHEMBL1978,CHEMBL229789,COc1ccc(C2CC(=O)c3ccc(O)cc3O2)cc1CC=C(C)C,FPCMTBOAYZALFY-UHFFFAOYSA-N,1
CHEMBL1978,CHEMBL229635,COc1ccc2c(c1)OC(c1ccc(OC)c(CC=C(C)C)c1)CC2=O,ILPSUGGEGIEBKX-UHFFFAOYSA-N,1
CHEMBL1978,CHEMBL282573,CC(C)C1(c2ccc(N)cc2)CCC(=O)NC1=O,FUGUHLNOINKKGZ-UHFFFAOYSA-N,0
CHEMBL1978,CHEMBL169,CC1CCC2(C(=O)O)CCC3(C)C(=CCC4C5(C)CCC(O)C(C)(C)C5CCC43C)C2C1C,WCGUUGGRBIKTOS-UHFFFAOYSA-N,0
CHEMBL1978,CHEMBL29864,CCCC1(c2ccc(N)cc2)CCC(=O)NC1=O,CKRTXCPPNWSZFC-UHFFFAOYSA-N,1
CHEMBL1978,CHEMBL487887,CC1CCC2(C(=O)O)CCC3(C)C(=CCC4C5(C)CCC(=O)C(C)(C)C5CCC43C)C2C1C,MUCRYNWJQNHDJH-UHFFFAOYSA-N,0
CHEMBL1978,CHEMBL394855,O=C(C=Cc1ccc(O)cc1O)c1ccc(O)cc1O,ZWTDXYUDJYDHJR-UHFFFAOYSA-N,0
CHEMBL1978,CHEMBL253467,CC(C)=CCc1c(O)ccc(C(=O)C=Cc2ccc(O)cc2)c1O,DUWPGRAKHMEPCM-UHFFFAOYSA-N,0
CHEMBL1978,CHEMBL456062,CC(C)=CCc1cc(C2CCc3ccc(O)cc3O2)ccc1O,HORNIGLAKNPZGF-UHFFFAOYSA-N,0
CHEMBL1978,CHEMBL464472,COc1ccc(CCCc2ccc(OC)c(O)c2)c(O)c1,GDCSYNUJDYRGRF-UHFFFAOYSA-N,0
CHEMBL1978,CHEMBL227113,CC1(C)CC(O)CC2(C)OC(=O)C=C12,XEVQXKKKAVVSMW-UHFFFAOYSA-N,0
CHEMBL1978,CHEMBL9323,O=C1c2c(O)cc(O)cc2OC(c2ccc(O)cc2)C1O,PADQINQHPQKXNL-UHFFFAOYSA-N,0
CHEMBL1978,CHEMBL512578,Oc1cc(O)cc(-c2cc3ccc(O)cc3o2)c1,LHPRYOJTASOZGJ-UHFFFAOYSA-N,0
CHEMBL1978,CHEMBL463168,Oc1ccc(C2CCc3ccc(O)cc3O2)cc1,YXMLGIGHGPSEKA-UHFFFAOYSA-N,0
CHEMBL1978,CHEMBL465845,COc1ccc(CCCc2ccc(O)c(OC)c2)c(OC)c1,CSYXIPWVEURUOB-UHFFFAOYSA-N,0
CHEMBL1978,CHEMBL115452,CC(C)=CCc1cc(C(=O)C=Cc2ccc(O)c(O)c2)c(O)cc1O,FEALTYYKRMRXTG-UHFFFAOYSA-N,0
CHEMBL1978,CHEMBL464428,CC(C)=CCc1cc(C(=O)C=Cc2ccc(O)cc2)c(O)cc1O,BLZGPHNVMRXDCB-UHFFFAOYSA-N,0
CHEMBL1978,CHEMBL463453,O=C1c2c(O)cc(O)cc2OC(c2ccc(O)cc2O)C1O,QIWOFDHUQPJCJF-UHFFFAOYSA-N,0
CHEMBL1978,CHEMBL463256,CC(C)=CCc1cc(C2Oc3c(CC=C(C)C)c(O)cc(O)c3C(=O)C2O)ccc1O,WFHBGCVPESHDKZ-UHFFFAOYSA-N,0
CHEMBL1978,CHEMBL463255,COc1cc(O)c2c(c1CC=C(C)C)OC(c1ccc(O)cc1O)CC2,NKWZCXSFJQEDSE-UHFFFAOYSA-N,0
CHEMBL1978,CHEMBL463435,COc1cc(O)cc(-c2cc3ccc(O)cc3o2)c1CC=C(C)C,MRJQFSZVXAESPR-UHFFFAOYSA-N,0
CHEMBL1978,CHEMBL463241,CC1(C)C=Cc2c(O)cc(-c3cc4ccc(O)cc4o3)cc2O1,CHAAQDMHLLQJRO-UHFFFAOYSA-N,0
CHEMBL1978,CHEMBL463254,COc1cc(O)ccc1CCCc1ccc(O)c(CC=C(C)C)c1,TXWULZGRVGVEDI-UHFFFAOYSA-N,0
CHEMBL1978,CHEMBL463454,COc1cc(O)ccc1CCCc1ccc(O)cc1,CJJJQWAYMRTLJT-UHFFFAOYSA-N,0
CHEMBL1978,CHEMBL457263,CC(C)=CCc1c(O)ccc(CCCc2ccc(O)cc2)c1O,WZEOJTUGVWIAGT-UHFFFAOYSA-N,0
CHEMBL1978,CHEMBL457262,COc1c(-c2ccc(O)c(O)c2)oc2cc(O)c(CC=C(C)CCC=C(C)C)c(O)c2c1=O,SFMXXEOUUFGNQC-UHFFFAOYSA-N,0
CHEMBL1978,CHEMBL453448,Oc1ccc(CCCc2ccc(O)cc2O)cc1,OKSKNGMIUSMMMM-UHFFFAOYSA-N,0
CHEMBL1978,CHEMBL442813,CC(C)(O)C1Cc2cc3ccc(=O)oc3cc2O1,FWYSBEAFFPBAQU-UHFFFAOYSA-N,0
CHEMBL1978,CHEMBL469444,CC(C)=CCc1cc2c(cc1O)OC(c1ccc(O)cc1)CC2=O,OAUREGNZECGNQS-UHFFFAOYSA-N,0
CHEMBL1978,CHEMBL463452,CC(C)=CCc1c(O)cc2oc(-c3ccc(O)c(O)c3)c(O)c(=O)c2c1O,OCIIFJFJVOTFTN-UHFFFAOYSA-N,0
CHEMBL1978,CHEMBL457261,CC(C)=CCCC(C)=CCc1c(O)cc2oc(-c3ccc(O)c(O)c3)c(O)c(=O)c2c1O,DMSHSZYADCTYHE-UHFFFAOYSA-N,0
CHEMBL1978,CHEMBL410525,CC(=O)OC1CCC2(C)C(CCC3(C)C2CC=C2C4C(C)C(C)CCC4(C(=O)O)CCC23C)C1(C)C,PHFUCJXOLZAQNH-UHFFFAOYSA-N,0
