target_chembl_id,compound_chembl_id,c_smiles,noiso_InChIKey,active_label
CHEMBL284,CHEMBL164,O=c1c(O)c(-c2cc(O)c(O)c(O)c2)oc2cc(O)cc(O)c12,IKMDFBPHZNJCSN-UHFFFAOYSA-N,0
CHEMBL284,CHEMBL75589,COc1cc(O)c2c(=O)c(O)c(-c3ccc(OC)c(O)c3)oc2c1,BWORNNDZQGOKBY-UHFFFAOYSA-N,0
CHEMBL284,CHEMBL206743,NC(c1ccccc1)C(N)c1ccccc1,PONXTPCRRASWKW-UHFFFAOYSA-N,0
CHEMBL284,CHEMBL385517,N#CC1CC2CC2N1C(=O)C(N)C12CC3CC(CC(O)(C3)C1)C2,QGJUIPDUBHWZPV-UHFFFAOYSA-N,1
CHEMBL284,CHEMBL17347,CCOC(=O)C=Cc1ccc(O)c(O)c1,WDKYDMULARNCIS-UHFFFAOYSA-N,0
CHEMBL284,CHEMBL3220152,COc1ccc2c(c1OC)C(O)N(C)c1c-2ccc2cc3c(cc12)OCO3,RATMHCJTVBHJSU-UHFFFAOYSA-N,0
CHEMBL284,CHEMBL288114,O=C(O)c1cc(O)c(O)c(O)c1,LNTHITQWFMADLM-UHFFFAOYSA-N,1
CHEMBL284,CHEMBL151,O=c1cc(-c2ccc(O)c(O)c2)oc2cc(O)cc(O)c12,IQPNAANSBPBGFQ-UHFFFAOYSA-N,1
CHEMBL284,CHEMBL2048503,COC(=O)C1(O)CC(O)C(O)C(OC(=O)C=Cc2ccc(O)c(O)c2)C1,MZNIJRAPCCELQX-UHFFFAOYSA-N,0
CHEMBL284,CHEMBL269277,C=C(C)C1CCC2(C(=O)O)CCC3(C)C(CCC4C5(C)CCC(O)C(C)(C)C5CCC43C)C12,QGJZLNKBHJESQX-UHFFFAOYSA-N,0
CHEMBL284,CHEMBL191775,CCC(C)C(N)C(=O)N1CCSC1,WCRLBFHWFPELKW-UHFFFAOYSA-N,1
CHEMBL284,CHEMBL3343899,CC#CC#Cc1ccc(C#CC(O)CO)s1,MZCFHXFKOQBSQU-UHFFFAOYSA-N,1
CHEMBL284,CHEMBL91933,O=Cc1ccc(-c2ccc(-c3cccs3)s2)s1,PMPDDPJYARBNGV-UHFFFAOYSA-N,1
CHEMBL284,CHEMBL90170,OCc1ccc(-c2ccc(-c3cccs3)s2)s1,WAYZWWNNJZMQCQ-UHFFFAOYSA-N,1
CHEMBL284,CHEMBL165,Oc1ccc(C=Cc2cc(O)cc(O)c2)cc1,LUKBXSAWLPMMSZ-UHFFFAOYSA-N,1
CHEMBL284,CHEMBL297453,O=C(OC1Cc2c(O)cc(O)cc2OC1c1cc(O)c(O)c(O)c1)c1cc(O)c(O)c(O)c1,WMBWREPUVVBILR-UHFFFAOYSA-N,1
CHEMBL284,CHEMBL329314,N#CC1CCCCN1C(=O)C(N)CCNCc1ccccc1,NXQOKRRIZIIWNR-UHFFFAOYSA-N,0
CHEMBL284,CHEMBL251958,COc1cc(O)c(C(=O)C=Cc2ccc(O)cc2)c(OC)c1,UXUFMIJZNYXWDX-UHFFFAOYSA-N,0
CHEMBL284,CHEMBL2165586,CC1OC(OCC2OC(Oc3cc(O)c4c(c3)OC(c3ccc(O)c(O)c3)CC4=O)C(O)C(O)C2O)C(O)C(O)C1O,OMQADRGFMLGFJF-UHFFFAOYSA-N,1
CHEMBL284,CHEMBL254648,COc1cc(OC)c(C(CCc2ccc(O)cc2OC)c2ccc(O)cc2)cc1CCC(=O)c1ccc(O)cc1,QFWXEYRQNKRQDH-UHFFFAOYSA-N,0
CHEMBL284,CHEMBL221542,CCC(CCC(C)C1CCC2C3CC=C4CC(O)CCC4(C)C3CCC12C)C(C)C,KZJWDPNRJALLNS-UHFFFAOYSA-N,0
CHEMBL284,CHEMBL399121,COc1ccc(C2CC(=O)c3c(O)cc(O)cc3O2)cc1O,AIONOLUJZLIMTK-UHFFFAOYSA-N,1
CHEMBL284,CHEMBL400359,COc1ccc2c(c1OC)CN(C)c1c-2ccc2cc3c(cc12)OCO3,ALZAZMCIBRHMFF-UHFFFAOYSA-N,0
CHEMBL284,CHEMBL257839,OCC1OC(Oc2cc3c(O)cc(O)cc3[o+]c2-c2ccc(O)c(O)c2)C(O)C(O)C1O,RKWHWFONKJEUEF-UHFFFAOYSA-O,1
CHEMBL284,CHEMBL28,O=c1cc(-c2ccc(O)cc2)oc2cc(O)cc(O)c12,KZNIFHPLKGYRTM-UHFFFAOYSA-N,1
CHEMBL284,CHEMBL574038,COc1cc(C2Oc3ccc4ccc(=O)oc4c3OC2CO)ccc1O,SPQBUENVXULSQS-UHFFFAOYSA-N,0
CHEMBL284,CHEMBL1724888,O=C(CC(O)CCc1ccccc1)c1ccc(O)cc1,NNPDNNXUSPXBRO-UHFFFAOYSA-N,0
CHEMBL284,CHEMBL66879,O=C(O)C=Cc1ccc(O)cc1,NGSWKAQJJWESNS-UHFFFAOYSA-N,0
CHEMBL284,CHEMBL508494,COc1cc2cc(Oc3ccc4ccc(=O)oc4c3)c(=O)oc2cc1O,JRHMMVBOTXEHGJ-UHFFFAOYSA-N,0
CHEMBL284,CHEMBL9352,O=C1CC(c2ccc(O)cc2)Oc2cc(O)cc(O)c21,FTVWIRXFELQLPI-UHFFFAOYSA-N,1
CHEMBL284,CHEMBL275638,O=c1cc(-c2ccccc2)oc2ccccc12,VHBFFQKBGNRLFZ-UHFFFAOYSA-N,1
CHEMBL284,CHEMBL599763,O=C(C=Cc1ccc(OC2OC(CO)C(O)C(O)C2O)cc1)c1ccc(O)cc1O,YNWXJFQOCHMPCK-UHFFFAOYSA-N,0
CHEMBL284,CHEMBL145,O=C(O)C=Cc1ccc(O)c(O)c1,QAIPRVGONGVQAS-UHFFFAOYSA-N,1
CHEMBL284,CHEMBL44,O=c1c(-c2ccc(O)cc2)coc2cc(O)cc(O)c12,TZBJGXHYKVUXJN-UHFFFAOYSA-N,1
CHEMBL284,CHEMBL29292,CC(C)CC(NC(=O)C(O)C(N)Cc1ccccc1)C(=O)O,VGGGPCQERPFHOB-UHFFFAOYSA-N,0
CHEMBL284,CHEMBL210276,O=c1c(O)c(-c2ccccc2)oc2cc(O)ccc12,UWQJWDYDYIJWKY-UHFFFAOYSA-N,0
CHEMBL284,CHEMBL485818,O=C(O)C1OC(Oc2cc3oc(-c4ccccc4)cc(=O)c3c(O)c2O)C(O)C(O)C1O,IKIIZLYTISPENI-UHFFFAOYSA-N,0
CHEMBL284,CHEMBL226335,CC1OC(OCC2OC(Oc3c(-c4ccc(O)c(O)c4)oc4cc(O)cc(O)c4c3=O)C(O)C(O)C2O)C(O)C(O)C1O,IKGXIBQEEMLURG-UHFFFAOYSA-N,0
CHEMBL284,CHEMBL8260,O=c1cc(-c2ccccc2)oc2cc(O)c(O)c(O)c12,FXNFHKRTJBSTCS-UHFFFAOYSA-N,0
CHEMBL284,CHEMBL283880,Cc1cccc(C)c1N1C(=O)c2ccc(N)cc2C1=O,URALYBWTMWGVCV-UHFFFAOYSA-N,0
CHEMBL284,CHEMBL1090,Nc1ncnc2c1ncn2C1OC(CO)C(O)C1O,OIRDTQYFTABQOQ-UHFFFAOYSA-N,1
CHEMBL284,CHEMBL584162,COc1cc(C2Oc3ccc4ccc(=O)oc4c3OC2CO)cc(OC)c1O,QLFQDIADUIVNRF-UHFFFAOYSA-N,0
