target_chembl_id,compound_chembl_id,c_smiles,noiso_InChIKey,active_label
CHEMBL2039,CHEMBL340807,COc1ccc2c3c([nH]c2c1)C(C)=NCC3,RERZNCLIYCABFS-UHFFFAOYSA-N,0
CHEMBL2039,CHEMBL269538,COc1ccc2c(c1)[nH]c1c(C)nccc12,BXNJHAXVSOCGBA-UHFFFAOYSA-N,0
CHEMBL2039,CHEMBL3260398,COc1ccccc1C=CC(=O)c1ccc(O)cc1,KYAPKYXQCLBRIU-UHFFFAOYSA-N,1
CHEMBL2039,CHEMBL4446827,COc1ccc2c(c1O)OCC1c3cc4c(cc3OC21)OCO4,ZMNZBIACDAJCIU-UHFFFAOYSA-N,1
CHEMBL2039,CHEMBL87333,Oc1ccc(C=Cc2cc(O)cc(O)c2)cc1,LUKBXSAWLPMMSZ-UHFFFAOYSA-N,0
CHEMBL2039,CHEMBL242341,COc1ccc(-c2coc3cc(O)ccc3c2=O)cc1,HKQYGTCOTHHOMP-UHFFFAOYSA-N,0
CHEMBL2039,CHEMBL44,O=c1c(-c2ccc(O)cc2)coc2cc(O)cc(O)c12,TZBJGXHYKVUXJN-UHFFFAOYSA-N,1
CHEMBL2039,CHEMBL551075,COc1cc(O)ccc1O,LAQYHRQFABOIFD-UHFFFAOYSA-N,1
CHEMBL2039,CHEMBL464427,CCN(CC)Cc1ccc(C=C2Cc3cc(OC)c(OC)cc3C2=O)cc1,BINZQDMZAMRQON-UHFFFAOYSA-N,1
CHEMBL2039,CHEMBL4568562,COc1ccc(C)c2c1C(=O)OC(C)C2,PUHAIJJCXSKQQD-UHFFFAOYSA-N,0
CHEMBL2039,CHEMBL113,Cn1c(=O)c2c(ncn2C)n(C)c1=O,RYYVLZVUVIJVGH-UHFFFAOYSA-N,0
CHEMBL2039,CHEMBL1606959,O=C(CCN1CCCCC1)c1ccc2c(c1)OCO2,DJXZMJWCDITTEO-UHFFFAOYSA-N,1
CHEMBL2039,CHEMBL4640668,CC(C)=CCCC(C)=CCCC(C)=CCc1c(C)cc(O)c(O)c1O,BACDZNLMIXNCOG-UHFFFAOYSA-N,1
CHEMBL2039,CHEMBL1492484,S=C(c1ccc2c(c1)OCO2)N1CCCCC1,GRKFQNCLGKIJKV-UHFFFAOYSA-N,0
CHEMBL2039,CHEMBL450675,COc1ccc(C=C2COc3cc(O)ccc3C2=O)cc1,DLQSYZMPSWHYMW-UHFFFAOYSA-N,1
CHEMBL2039,CHEMBL426110,O=C1C(=Cc2ccc(O)cc2)Oc2cc(O)ccc21,KEZLDSPIRVZOKZ-UHFFFAOYSA-N,1
CHEMBL2039,CHEMBL43185,O=C(C=CC=Cc1ccc2c(c1)OCO2)N1CCCCC1,MXXWOMGUGJBKIW-UHFFFAOYSA-N,1
CHEMBL2039,CHEMBL2203920,O=C(C=Cc1ccc2c(c1)OCO2)N1CCCC1,SXFYVDPKNPGHKJ-UHFFFAOYSA-N,1
CHEMBL2039,CHEMBL4642649,CC(C)=CCCC(C)=CCCC(C)=CCc1c(O)cc(O)c(C=O)c1C,OYFBMJVJPUPJQG-UHFFFAOYSA-N,1
CHEMBL2039,CHEMBL118703,O=C(C=Cc1ccc2c(c1)OCO2)N1CCOCC1,YGGASQPEKIGCKJ-UHFFFAOYSA-N,1
CHEMBL2039,CHEMBL1575961,O=C(C=Cc1ccc2c(c1)OCO2)NC1CCCC1,SLFOTQIGIXJPPD-UHFFFAOYSA-N,1
CHEMBL2039,CHEMBL4475937,CC1Cc2c(O)ccc(O)c2C(=O)O1,OYNVCZYCJBELMQ-UHFFFAOYSA-N,0
CHEMBL2039,CHEMBL4438912,CC1Cc2cccc(O)c2C(=O)O1,KWILGNNWGSNMPA-UHFFFAOYSA-N,0
CHEMBL2039,CHEMBL149463,CC(=O)c1cc2ccccc2oc1=O,CSPIFKKOBWYOEX-UHFFFAOYSA-N,0
CHEMBL2039,CHEMBL241909,COc1ccc(C2CC(=O)c3ccccc3O2)cc1,QIUYUYOXCGBABP-UHFFFAOYSA-N,1
CHEMBL2039,CHEMBL596254,O=C1C(=Cc2ccc(Cl)cc2)Oc2ccccc21,JIWJNEVCSMZRGO-UHFFFAOYSA-N,1
CHEMBL2039,CHEMBL151,O=c1cc(-c2ccc(O)c(O)c2)oc2cc(O)cc(O)c12,IQPNAANSBPBGFQ-UHFFFAOYSA-N,0
CHEMBL2039,CHEMBL55934,O=C1C=CC(=O)c2ccccc21,FRASJONUBLZVQX-UHFFFAOYSA-N,1
CHEMBL2039,CHEMBL274318,O=C1CC(c2ccccc2)Oc2ccccc21,ZONYXWQDUYMKFB-UHFFFAOYSA-N,1
CHEMBL2039,CHEMBL1089,NNCCc1ccccc1,RMUCZJUITONUFY-UHFFFAOYSA-N,1
CHEMBL2039,CHEMBL595,CCc1ccc(CCOc2ccc(CC3SC(=O)NC3=O)cc2)nc1,HYAFETHFCAUJAY-UHFFFAOYSA-N,1
CHEMBL2039,CHEMBL50,O=c1c(O)c(-c2ccc(O)c(O)c2)oc2cc(O)cc(O)c12,REFJWTPEDVJJIY-UHFFFAOYSA-N,0
CHEMBL2039,CHEMBL9687,COc1ccc2c(c1)OC(c1ccccc1)CC2=O,VYESEQLQFXUROZ-UHFFFAOYSA-N,1
CHEMBL2039,CHEMBL16442,COc1ccc(-c2cc(=O)c3ccc(OC)cc3o2)cc1,LGTXUFBDCDFQIU-UHFFFAOYSA-N,0
CHEMBL2039,CHEMBL590,CC1=CC(=O)c2ccccc2C1=O,MJVAVZPDRWSRRC-UHFFFAOYSA-N,1
CHEMBL2039,CHEMBL275224,c1ccc2c(c1)[nH]c1cnccc12,AIFRHYZBTHREPW-UHFFFAOYSA-N,1
CHEMBL2039,CHEMBL274117,O=C1C=CC(=O)C(c2ccccc2)=C1,RLQZIECDMISZHS-UHFFFAOYSA-N,1
CHEMBL2039,CHEMBL81,O=C(c1ccc(OCCN2CCCCC2)cc1)c1c(-c2ccc(O)cc2)sc2cc(O)ccc12,GZUITABIAKMVPG-UHFFFAOYSA-N,0
CHEMBL2039,CHEMBL24172,CN1CC=C(c2ccccc2)CC1,PLRACCBDVIHHLZ-UHFFFAOYSA-N,0
CHEMBL2039,CHEMBL43184,Nc1c2ccccc2nc2ccccc12,XJGFWWJLMVZSIG-UHFFFAOYSA-N,0
CHEMBL2039,CHEMBL294264,O=C1c2ccccc2C(=O)c2c(O)c(O)cc(O)c21,BBNQQADTFFCFGB-UHFFFAOYSA-N,0
CHEMBL2039,CHEMBL499847,O=c1ccc2c(ccc3ccoc32)o1,HMUJHZNYHJMOHR-UHFFFAOYSA-N,1
CHEMBL2039,CHEMBL1077616,O=C1C(=Cc2ccc(O)cc2)COc2cc(O)cc(O)c21,PKCWSPYCHMNVKB-UHFFFAOYSA-N,1
CHEMBL2039,CHEMBL518935,Oc1ccc(C2Oc3ccc(C=Cc4cc(O)cc(O)c4)cc3C2c2cc(O)cc(O)c2)cc1,LILPTCHQLRKZNG-UHFFFAOYSA-N,1
CHEMBL2039,CHEMBL450771,CC(C)=CCOc1ccc(C(=O)C=Cc2ccccc2)c(O)c1,DGUGLZYULGVSIZ-UHFFFAOYSA-N,0
CHEMBL2039,CHEMBL164660,O=c1ccc2cc3ccoc3cc2o1,ZCCUUQDIBDJBTK-UHFFFAOYSA-N,0
CHEMBL2039,CHEMBL53418,O=C1c2cccc(O)c2C(=O)c2c(O)cccc21,QBPFLULOKWLNNW-UHFFFAOYSA-N,0
CHEMBL2039,CHEMBL40735,NC1CCCCC1Cc1ccccc1,YOPIHDSNQOMRGC-UHFFFAOYSA-N,0
CHEMBL2039,CHEMBL350475,CC(C)=CCc1c(O)ccc2ccc(=O)oc12,RAKJVIPCCGXHHS-UHFFFAOYSA-N,0
CHEMBL2039,CHEMBL448060,CC(C)=CCOc1c2ccoc2cc2oc(=O)ccc12,IGWDEVSBEKYORK-UHFFFAOYSA-N,0
CHEMBL2039,CHEMBL289277,Cc1cc(O)c2c(c1)C(=O)c1cc(O)cc(O)c1C2=O,RHMXXJGYXNZAPX-UHFFFAOYSA-N,1
CHEMBL2039,CHEMBL71851,COc1cc2ccc(=O)oc2cc1O,RODXRVNMMDRFIK-UHFFFAOYSA-N,0
CHEMBL2039,CHEMBL40948,CC=C(C)c1ccccc1,UGUYQBMBIJFNRM-UHFFFAOYSA-N,0
CHEMBL2039,CHEMBL17594,O=C1c2ccccc2C(=O)c2c(O)ccc(O)c21,GUEIZVNYDFNHJU-UHFFFAOYSA-N,0
CHEMBL2039,CHEMBL5204890,OC1c2ccccc2Oc2ccccc21,JFRMYMMIJXLMBB-UHFFFAOYSA-N,0
CHEMBL2039,CHEMBL2322655,Nc1c(C(=O)O)c2nc3c(C(=O)O)cccc3oc-2cc1=O,FSBKJYLVDRVPTK-UHFFFAOYSA-N,0
CHEMBL2039,CHEMBL9352,O=C1CC(c2ccc(O)cc2)Oc2cc(O)cc(O)c21,FTVWIRXFELQLPI-UHFFFAOYSA-N,0
CHEMBL2039,CHEMBL40275,O=C1c2cccc(O)c2C(=O)c2c(O)cc(CO)cc21,YDQWDHRMZQUTBA-UHFFFAOYSA-N,0
CHEMBL2039,CHEMBL2230263,CC(C)=CCc1c(O)cc(C=Cc2ccc(O)cc2)cc1O,WWFOQQIWOKJBSJ-UHFFFAOYSA-N,1
CHEMBL2039,CHEMBL53569,O=c1ccc2ccc3occc3c2o1,XDROKJSWHURZGO-UHFFFAOYSA-N,1
CHEMBL2039,CHEMBL1196025,COc1cc2c(cc1OC)CN(C)CC2,TXPPKWZEHFNZOE-UHFFFAOYSA-N,0
CHEMBL2039,CHEMBL13311,O=c1ccoc2ccccc12,OTAFHZMPRISVEM-UHFFFAOYSA-N,0
CHEMBL2039,CHEMBL334918,Oc1ccc2c(c1)OCC1c3cc4c(cc3OC21)OCO4,HUKSJTUUSUGIDC-UHFFFAOYSA-N,1
CHEMBL2039,CHEMBL2391738,O=C1OCc2ccccc21,WNZQDUSMALZDQF-UHFFFAOYSA-N,0
CHEMBL2039,CHEMBL465208,OCC1OC(OCCc2ccc(O)cc2)C(O)C(O)C1O,ILRCGYURZSFMEG-UHFFFAOYSA-N,1
CHEMBL2039,CHEMBL3288306,O=C1CCCc2cc(O)ccc21,FNSQPQKPPGALFA-UHFFFAOYSA-N,0
CHEMBL2039,CHEMBL121,CN(CCOc1ccc(CC2SC(=O)NC2=O)cc1)c1ccccn1,YASAKCUCGLMORW-UHFFFAOYSA-N,1
CHEMBL2039,CHEMBL55814,O=C1c2ccccc2C(=O)c2c1ccc(O)c2O,RGCKGOZRHPZPFP-UHFFFAOYSA-N,0
CHEMBL2039,CHEMBL13045,COc1ccc2c(c[n+](C)c3c4cc5c(cc4ccc23)OCO5)c1OC,LLEJIEBFSOEYIV-UHFFFAOYSA-N,0
CHEMBL2039,CHEMBL490355,O=C1C(=Cc2ccc(O)c(O)c2)Oc2cc(O)ccc21,RGNXWPVNPFAADO-UHFFFAOYSA-N,0
CHEMBL2039,CHEMBL470881,COc1cc2c(cc1OC)-c1c(OC)c(OC)cc3ccnc(c13)C2=O,ZYKCETVKVRJFGD-UHFFFAOYSA-N,0
CHEMBL2039,CHEMBL309490,O=c1c(O)c(-c2ccccc2)oc2cc(O)cc(O)c12,VCCRNZQBSJXYJD-UHFFFAOYSA-N,1
CHEMBL2039,CHEMBL4126384,CN1Cc2c(ccc3c2OCO3)C2(C)C(O)Cc3cc4c(cc3C12)OCO4,IQUGPRHKZNCHGC-UHFFFAOYSA-N,0
CHEMBL2039,CHEMBL612,CC(N)Cc1ccccc1,KWTSXDURSIMDCE-UHFFFAOYSA-N,0
CHEMBL2039,CHEMBL448891,COc1cc2c(cc1OC)C1Cc3ccc(O)c(OC)c3CN1CC2,DIHXHTWYVOYYDC-UHFFFAOYSA-N,0
CHEMBL2039,CHEMBL12208,Cc1cc(=O)oc2cc(O)ccc12,HSHNITRMYYLLCV-UHFFFAOYSA-N,0
CHEMBL2039,CHEMBL4130319,COc1cc2c(cc1OC)C1C(C)c3ccc(OC)c(OC)c3CN1CC2,VRSRXLJTYQVOHC-UHFFFAOYSA-N,0
CHEMBL2039,CHEMBL243664,COc1ccc(-c2cc(=O)c3c(O)cc(O)cc3o2)cc1,DANYIYRPLHHOCZ-UHFFFAOYSA-N,1
CHEMBL2039,CHEMBL4128948,COc1cc2c(cc1OC)-c1c(C)c3ccc(O)c(OC)c3c[n+]1CC2,ZTZIGDQAGXBTIT-UHFFFAOYSA-O,0
CHEMBL2039,CHEMBL2334892,COc1cc2c(cc1O)C1Cc3ccc(OC)c(OC)c3CN1CC2,KDFKJOFJHSVROC-UHFFFAOYSA-N,0
CHEMBL2039,CHEMBL286796,CCOC(=O)C=Cc1ccc(O)c(OC)c1,ATJVZXXHKSYELS-UHFFFAOYSA-N,1
CHEMBL2039,CHEMBL376915,CC(C)=CCc1c(O)cc(O)c2c1OC(c1ccc(O)cc1)CC2=O,LPEPZZAVFJPLNZ-UHFFFAOYSA-N,0
CHEMBL2039,CHEMBL4579018,CC(C)=CCc1c(O)c(CC=C(C)C)c2c(c1O)C(=O)CC(c1ccc(O)cc1O)O2,ZTEYEFPSJPSRRA-UHFFFAOYSA-N,0
