target_chembl_id,compound_chembl_id,c_smiles,noiso_InChIKey,active_label
CHEMBL256,CHEMBL2113533,COCC1OC(n2cnc3c(NC4CCCC4)nc(Cl)nc32)C(O)C1O,BEAMUZQXJYLFAG-UHFFFAOYSA-N,1
CHEMBL256,CHEMBL388590,CCc1oc2ccccc2c1C(=O)c1cc(Br)c(O)c(Br)c1,WHQCHUCQKNIQEC-UHFFFAOYSA-N,1
CHEMBL256,CHEMBL477,Nc1ncnc2c1ncn2C1OC(CO)C(O)C1O,OIRDTQYFTABQOQ-UHFFFAOYSA-N,1
CHEMBL256,CHEMBL193,COC(=O)C1=C(C)NC(C)=C(C(=O)OC)C1c1ccccc1[N+](=O)[O-],HYIMSNHJOBLJNT-UHFFFAOYSA-N,1
CHEMBL256,CHEMBL1099207,CCOC(=O)C1=C(C)NC(C)=C(C(=O)OCC)C1c1cccc([N+](=O)[O-])c1,ITAOFSSOVNYZCS-UHFFFAOYSA-N,1
CHEMBL256,CHEMBL304009,CCn1cnc2c(N)ncnc21,MUIPLRMGAXZWSQ-UHFFFAOYSA-N,0
CHEMBL256,CHEMBL266094,Nc1ncnc2c1ncn2Cc1ccccc1,MRHCSNNEUHXNIC-UHFFFAOYSA-N,0
CHEMBL256,CHEMBL449346,Cn1cnc2ncnc(N)c21,HCGHYQLFMPXSDU-UHFFFAOYSA-N,0
CHEMBL256,CHEMBL547,CC(C=CC1=C(C)CCCC1(C)C)=CC=CC(C)=CC(=O)O,SHGAZHPCJJPHSC-UHFFFAOYSA-N,1
CHEMBL256,CHEMBL2079587,CC12Cc3c[nH]nc3CC1CCC1C2CCC2(C)C1CCC2(C)O,LKAJKIOFIWVMDJ-UHFFFAOYSA-N,1
CHEMBL256,CHEMBL1062,CC(=O)C1(O)CCC2C3CCC4=CC(=O)CCC4(C)C3CCC21C,DBPWSSGDRRHUNT-UHFFFAOYSA-N,1
CHEMBL256,CHEMBL118,Cc1ccc(-c2cc(C(F)(F)F)nn2-c2ccc(S(N)(=O)=O)cc2)cc1,RZEKVGVHFLEQIL-UHFFFAOYSA-N,0
CHEMBL256,CHEMBL2113536,COCC1OC(n2cnc3c(N)ncnc32)C(O)C1O,MLFJPVLRZZMIIP-UHFFFAOYSA-N,1
CHEMBL256,CHEMBL91,Clc1ccc(COC(Cn2ccnc2)c2ccc(Cl)cc2Cl)c(Cl)c1,BYBLEWFAAKGYCD-UHFFFAOYSA-N,1
CHEMBL256,CHEMBL954,CCN(CC)CCOc1ccc(C(=C(Cl)c2ccccc2)c2ccccc2)cc1,GKIRPKYJQBWNGO-UHFFFAOYSA-N,1
CHEMBL256,CHEMBL1479,C#CC1(O)CCC2C3CCC4=Cc5oncc5CC4(C)C3CCC21C,POZRVZJJTULAOH-UHFFFAOYSA-N,1
CHEMBL256,CHEMBL153062,CCCCCCCCCc1ccc(O)cc1,IGFHQQFPSIBGKE-UHFFFAOYSA-N,1
CHEMBL256,CHEMBL282575,CC12CCC3c4ccc(OC(=O)c5ccccc5)cc4CCC3C1CCC2O,UYIFTLBWAOGQBI-UHFFFAOYSA-N,0
CHEMBL256,CHEMBL83,CCC(=C(c1ccccc1)c1ccc(OCCN(C)C)cc1)c1ccccc1,NKANXQFJJICGDU-UHFFFAOYSA-N,1
CHEMBL256,CHEMBL828,c1ccc2c(c1)Nc1ccccc1S2,WJFKNYWRSNBZNX-UHFFFAOYSA-N,0
CHEMBL256,CHEMBL496,Oc1c(Cl)cc(Cl)c(Cl)c1Cc1c(O)c(Cl)cc(Cl)c1Cl,ACGUYXCXAPNIKK-UHFFFAOYSA-N,1
CHEMBL256,CHEMBL104,Clc1ccccc1C(c1ccccc1)(c1ccccc1)n1ccnc1,VNFPBHJOKIVQEB-UHFFFAOYSA-N,1
CHEMBL256,CHEMBL411,CCC(=C(CC)c1ccc(O)cc1)c1ccc(O)cc1,RGLYKWWBQGJZGM-UHFFFAOYSA-N,1
CHEMBL256,CHEMBL691,C#CC1(O)CCC2C3CCc4cc(O)ccc4C3CCC21C,BFPYWIDHMRZLRN-UHFFFAOYSA-N,0
CHEMBL256,CHEMBL45176,COc1c2ccoc2cc2oc(C)cc(=O)c12,NZVQLVGOZRELTG-UHFFFAOYSA-N,0
CHEMBL256,CHEMBL309490,O=c1c(O)c(-c2ccccc2)oc2cc(O)cc(O)c12,VCCRNZQBSJXYJD-UHFFFAOYSA-N,1
CHEMBL256,CHEMBL411066,OCC1OC(n2cnc3c(NCc4ccco4)ncnc32)C(O)C1O,CAGLGYNQQSIUGX-UHFFFAOYSA-N,1
CHEMBL256,CHEMBL274318,O=C1CC(c2ccccc2)Oc2ccccc21,ZONYXWQDUYMKFB-UHFFFAOYSA-N,0
CHEMBL256,CHEMBL72617,COc1cc2oc(-c3ccc(O)cc3O)c(CC=C(C)C)c(=O)c2c(O)c1C=CC(C)C,KRGDFVQWQJIMEK-UHFFFAOYSA-N,1
CHEMBL256,CHEMBL74975,O=c1c(Cl)c(-c2ccccc2)oc2ccccc12,FHXDSQYFCFWKAW-UHFFFAOYSA-N,0
CHEMBL256,CHEMBL28626,O=c1c(O)c(-c2ccc(O)cc2O)oc2cc(O)cc(O)c12,YXOLAZRVSSWPPT-UHFFFAOYSA-N,0
CHEMBL256,CHEMBL75141,C=C1C(C)C2C(Cc3ccccc3)NC(=O)C23C(OC(C)=O)C=CC(C)(O)CC(C)CC=CC3C1O,NAEWXXDGBKTIMN-UHFFFAOYSA-N,0
CHEMBL256,CHEMBL75772,COc1cc(OC)c2c(=O)c(OC)c(-c3ccccc3)oc2c1,CBTHKWVPSIGKMI-UHFFFAOYSA-N,1
CHEMBL256,CHEMBL75169,COc1ccc(-c2oc3cc(OC)cc(OC)c3c(=O)c2OC)c(OC)c1,KPJGABLCRGWDRB-UHFFFAOYSA-N,1
CHEMBL256,CHEMBL275638,O=c1cc(-c2ccccc2)oc2ccccc12,VHBFFQKBGNRLFZ-UHFFFAOYSA-N,0
CHEMBL256,CHEMBL74852,COc1cc(O)c2c(c1)OC(c1ccc(O)cc1)CC2=O,DJOJDHGQRNZXQQ-UHFFFAOYSA-N,1
CHEMBL256,CHEMBL113,Cn1c(=O)c2c(ncn2C)n(C)c1=O,RYYVLZVUVIJVGH-UHFFFAOYSA-N,0
CHEMBL256,CHEMBL73237,COC1C(O)C(CO)OC1n1cnc2c(N)ncnc21,FPUGCISOLXNPPC-UHFFFAOYSA-N,1
CHEMBL256,CHEMBL8488,Cn1c(=O)c2nc(-c3ccc(S(=O)(=O)O)cc3)[nH]c2n(C)c1=O,LXJSJIXZOAMHTG-UHFFFAOYSA-N,1
CHEMBL256,CHEMBL348436,COc1cc2oc(-c3ccc(O)cc3)cc(=O)c2c(O)c1OC,ZIIAJIWLQUVGHB-UHFFFAOYSA-N,1
CHEMBL256,CHEMBL357089,COc1cc(OC)c2c(=O)c(OC)c(-c3cc(OC)c(OC)c(OC)c3)oc2c1,CMRBCUQYNLDSKE-UHFFFAOYSA-N,0
CHEMBL256,CHEMBL337309,O=C1c2c(O)cc(O)cc2OC(c2ccc(O)c(O)c2)C1O,CXQWRCVTCMQVQX-UHFFFAOYSA-N,0
CHEMBL256,CHEMBL50,O=c1c(O)c(-c2ccc(O)c(O)c2)oc2cc(O)cc(O)c12,REFJWTPEDVJJIY-UHFFFAOYSA-N,0
CHEMBL256,CHEMBL356036,COc1ccc(-c2oc3cc(OC)cc(OC)c3c(=O)c2OC)cc1,YZWIIEJLESXODL-UHFFFAOYSA-N,1
CHEMBL256,CHEMBL3694769,Nc1nc(-n2cccn2)nc(-n2cccn2)c1Br,ATFXVNUWQOXRRU-UHFFFAOYSA-N,1
CHEMBL256,CHEMBL216750,CCCn1c(=O)c2nc(C3CC4CC3C3OC43)[nH]c2n(CCC)c1=O,OQCJPFYWFGUHIN-UHFFFAOYSA-N,1
