target_chembl_id,compound_chembl_id,c_smiles,noiso_InChIKey,active_label
CHEMBL3807,CHEMBL284616,O=C(C=Cc1ccc(O)c(O)c1)OC1CC(O)(C(=O)O)CC(O)C1O,CWVRJTMFETXNAD-UHFFFAOYSA-N,0
CHEMBL3807,CHEMBL301982,CC1=C(O)C(=O)C=C2C1=CC=C1C2(C)CCC2(C)C3CC(C)(C(=O)O)CCC3(C)CCC12C,KQJSQWZMSAGSHN-UHFFFAOYSA-N,0
CHEMBL3807,CHEMBL169,CC1CCC2(C(=O)O)CCC3(C)C(=CCC4C5(C)CCC(O)C(C)(C)C5CCC43C)C2C1C,WCGUUGGRBIKTOS-UHFFFAOYSA-N,1
CHEMBL3807,CHEMBL230006,CC1(C(=O)O)CCC2(C)CCC3(C)C(=CC(=O)C4C5(C)CCC(O)C(C)(C)C5CCC43C)C2C1,MPDGHEJMBKOTSU-UHFFFAOYSA-N,0
CHEMBL3807,CHEMBL129681,O=C(O)C(=O)c1ccc(OCc2ccc(COc3ccc(C(=O)C(=O)O)cc3)cc2)cc1,HNHFGJRWYYEILT-UHFFFAOYSA-N,1
CHEMBL3807,CHEMBL472896,CC1(C)CCC2(C(=O)O)CCC3(C)C(=CCC4C5(C)CCCC(C)(C)C5CCC43C)C2C1,MXEMKMNFLXVQBW-UHFFFAOYSA-N,1
CHEMBL3807,CHEMBL481854,CC1CCC2(C(=O)O)CCC3(C)C(=CCC4C5(C)CC(O)C(O)C(C)(CO)C5C(O)CC43C)C2C1C,PRAUVHZJPXOEIF-UHFFFAOYSA-N,0
CHEMBL3807,CHEMBL404313,CC1CCC2(C(=O)O)CCC3(C)C(=CCC4C5(C)CC(O)C(O)C(C)(CO)C5CCC43C)C2C1C,JXSVIVRDWWRQRT-UHFFFAOYSA-N,0
CHEMBL3807,CHEMBL437964,CC1CCC2(C)CCC3(C)C(=CC(=O)C4C5(C)CCC(O)C(C)(C(=O)O)C5CCC43C)C2C1C,YIMHGPSYDOGBPI-UHFFFAOYSA-N,1
CHEMBL3807,CHEMBL391533,CC1CCC2(C(=O)O)CCC3(C)C(=CCC4C5(C)CC(O)C(O)C(C)(C)C5CCC43C)C2C1C,HFGSQOYIOKBQOW-UHFFFAOYSA-N,0
CHEMBL3807,CHEMBL267225,CC1CCC2(C)CCC3(C)C(=CCC4C5(C)CCC(O)C(C)(C(=O)O)C5CCC43C)C2C1C,NBGQZFQREPIKMG-UHFFFAOYSA-N,0
CHEMBL3807,CHEMBL489670,C=C1CCC2(C)C(CCC3(C)C2CC=C2C4CC(C)(C)CCC4(C(=O)O)CCC23C)C1(C)C,SFPUEIBAFNRBBA-UHFFFAOYSA-N,1
CHEMBL3807,CHEMBL470029,CC1(C)CCC2(C(=O)O)CCC3(C)C(=CCC4C5(C)CCC(=O)C(C)(C)C5CCC43C)C2C1,FMIMFCRXYXVFTA-UHFFFAOYSA-N,1
CHEMBL3807,CHEMBL486382,CC1(C)CCC2(C(=O)O)CCC3(C)C(=CCC4C5(C)CCC(O)C(C)(C)C5CCC43C)C2C1,MIJYXULNPSFWEK-UHFFFAOYSA-N,1
CHEMBL3807,CHEMBL117869,COC(=O)c1c(O)cccc1OCC=Cc1ccc(F)c(-c2cc(C(=O)O)no2)c1,QKHWJUMLYAYZFS-UHFFFAOYSA-N,0
CHEMBL3807,CHEMBL325029,C=CCOC(=O)NC(Cc1ccc(N(C(=O)C(=O)O)c2ccccc2C(=O)O)cc1)C(=O)NCCCCOc1cccc(O)c1C(=O)OC,JTJBRKLISQICDU-UHFFFAOYSA-N,1
CHEMBL3807,CHEMBL462894,COC(=O)C1=COC(OC2OC(CO)C(O)C(O)C2O)C2C(CO)=CCC12,IBFYXTRXDNAPMM-UHFFFAOYSA-N,0
CHEMBL3807,CHEMBL521162,C=C1C(=O)OC2C=C(C)CC(O)C=C(C)CC(OC(=O)C(=CC)CO)C12,JZJVLLYTTWUPBF-UHFFFAOYSA-N,0
CHEMBL3807,CHEMBL5070918,C=C1C(=O)OC2C=C(C)CCC=C(C)CC(OC(=O)C(=CC)CO)C12,LQAWDKQOLJURMN-UHFFFAOYSA-N,0
CHEMBL3807,CHEMBL5075131,C=C1C(=O)OC2C=C(C)CC(O)C=C(C)CC(OC(=O)C(=CC)COC(C)=O)C12,WTROTTYFRJDSKY-UHFFFAOYSA-N,0
CHEMBL3807,CHEMBL490011,C=C1C(=O)OC2C=C(C)CCC=C(C)CC(OC(=O)C(=CCO)CO)C12,VWJYWGYJIDQUEG-UHFFFAOYSA-N,0
CHEMBL3807,CHEMBL459016,COC(=O)C1=COC(O)C2C(CO)=CCC12,AZKVWQKMDGGDSV-UHFFFAOYSA-N,0
CHEMBL3807,CHEMBL464276,CC(=CCCc1ccoc1)CCC=C(C)CCCC(C)C=C1OC(=O)C(C)=C1O,HPVSJNGZYYDDMU-UHFFFAOYSA-N,1
CHEMBL3807,CHEMBL2332880,CC(C)=C1CC2C(CCC2(C)O)C(C)(O)CC1=O,TXIKNNOOLCGADE-UHFFFAOYSA-N,0
CHEMBL3807,CHEMBL2332430,CC1=CC(=O)C(=C(C)C)CC2C1CCC2(C)O,RHBOHEXDGUVIIY-UHFFFAOYSA-N,0
CHEMBL3807,CHEMBL2332431,CC1=CC(=O)C(=C(C)C)CC2C(C)(O)CCC12O,IXQJBPRUTQTCMW-UHFFFAOYSA-N,0
CHEMBL3807,CHEMBL201515,CC1(C)CCC2(C(=O)O)CCC3(C)C(=CCC4C5(C)CC(O)C(O)C(C)(C)C5CCC43C)C2C1,MDZKJHQSJHYOHJ-UHFFFAOYSA-N,0
CHEMBL3807,CHEMBL1223852,CC1=C(C)C(=O)C(CCC(C)(O)CCCC(C)CCCC(C)CCCC(C)C)=C(C)C1=O,LTVDFSLWFKLJDQ-UHFFFAOYSA-N,0
CHEMBL3807,CHEMBL187460,CC1COC2=C1C(=O)C(=O)c1c2ccc2c1CCCC2(C)C,GVKKJJOMQCNPGB-UHFFFAOYSA-N,0
