target_chembl_id,compound_chembl_id,c_smiles,noiso_InChIKey,active_label
CHEMBL3397,CHEMBL1403281,CC(C)CC1C(=O)N2CCCC2C2(O)OC(NC(=O)C3C=C4c5cccc6[nH]cc(c56)CC4N(C)C3)(C(C)C)C(=O)N12,YDOTUXAWKBPQJW-UHFFFAOYSA-N,1
CHEMBL3397,CHEMBL456807,NNc1ccccc1,HKOOXMFOFWEVGF-UHFFFAOYSA-N,1
CHEMBL3397,CHEMBL43469,c1cc2c(cc1C1OCC3C(c4ccc5c(c4)OCO5)OCC13)OCO2,PEYUIKBAABKQKQ-UHFFFAOYSA-N,1
CHEMBL3397,CHEMBL1201139,CC(=O)OC1(C(C)=O)CCC2C3C=C(C)C4=CC(=O)CCC4(C)C3CCC21C,RQZAXGRLVPAYTJ-UHFFFAOYSA-N,1
CHEMBL3397,CHEMBL942,CC(=O)Oc1ccc(C(c2ccc(OC(C)=O)cc2)c2ccccn2)cc1,KHOITXIGCFIULA-UHFFFAOYSA-N,1
CHEMBL3397,CHEMBL1095671,CCCCCCCC(O)CC(=O)CCc1ccc(O)c(OC)c1,BCIWKKMTBRYQJU-UHFFFAOYSA-N,1
CHEMBL3397,CHEMBL402978,CCCCCC(O)CC(=O)CCc1ccc(O)c(OC)c1,NLDDIKRKFXEWBK-UHFFFAOYSA-N,0
CHEMBL3397,CHEMBL173038,Clc1ccc(COC(Cn2ccnc2)c2ccc(Cl)cc2Cl)c(Cl)c1,BYBLEWFAAKGYCD-UHFFFAOYSA-N,1
CHEMBL3397,CHEMBL1276308,CC#CC1(O)CCC2C3CCC4=CC(=O)CCC4=C3C(c3ccc(N(C)C)cc3)CC21C,VKHAHZOOUSRJNA-UHFFFAOYSA-N,1
CHEMBL3397,CHEMBL625,c1ccc2[nH]c(-c3cscn3)nc2c1,WJCNZQLZVWNLKY-UHFFFAOYSA-N,0
CHEMBL3397,CHEMBL3526697,COc1ccnc(C[S+]([O-])c2nc3ccc(OC(F)F)cc3[nH]2)c1OC,IQPSEEYGBUAQFF-UHFFFAOYSA-N,0
CHEMBL3397,CHEMBL1294,C=CC1CN2CCC1CC2C(O)c1ccnc2ccc(OC)cc12,LOUPRKONTZGTKE-UHFFFAOYSA-N,0
CHEMBL3397,CHEMBL103,CC(=O)C1CCC2C3CCC4=CC(=O)CCC4(C)C3CCC12C,RJKFOVLPORLFTN-UHFFFAOYSA-N,1
CHEMBL3397,CHEMBL16,O=C1NC(=O)C(c2ccccc2)(c2ccccc2)N1,CXOFVDLJLONNDW-UHFFFAOYSA-N,1
CHEMBL3397,CHEMBL17201,O=C(C=Cc1ccccc1)C=Cc1ccccc1,WMKGGPCROCCUDY-UHFFFAOYSA-N,0
CHEMBL3397,CHEMBL1466,O=c1oc2ccccc2c(O)c1Cc1c(O)c2ccccc2oc1=O,DOBMPNYZJYQDGZ-UHFFFAOYSA-N,1
CHEMBL3397,CHEMBL116438,COc1cc(C=CC(=O)C=C(O)C=Cc2ccc(O)c(OC)c2)ccc1O,ZIUSSTSXXLLKKK-UHFFFAOYSA-N,1
CHEMBL3397,CHEMBL447955,CC(OC1CCC2CN(C3=CC(=O)CC3)CC2C1c1ccc(F)cc1)c1cc(C(F)(F)F)cc(C(F)(F)F)c1,FLNYCRJBCNNHRH-UHFFFAOYSA-N,0
CHEMBL3397,CHEMBL150,O=c1c(O)c(-c2ccc(O)cc2)oc2cc(O)cc(O)c12,IYRMWMYZSQPJKC-UHFFFAOYSA-N,1
CHEMBL3397,CHEMBL163,CC(C)c1nc(CN(C)C(=O)NC(C(=O)NC(Cc2ccccc2)CC(O)C(Cc2ccccc2)NC(=O)OCc2cncs2)C(C)C)cs1,NCDNCNXCDXHOMX-UHFFFAOYSA-N,1
CHEMBL3397,CHEMBL1464,CC(=O)CC(c1ccccc1)c1c(O)c2ccccc2oc1=O,PJVWKTKQMONHTI-UHFFFAOYSA-N,0
CHEMBL3397,CHEMBL117,O=c1cc(-c2ccccc2)oc2cc(O)cc(O)c12,RTIXKCRFFJGDFG-UHFFFAOYSA-N,1
CHEMBL3397,CHEMBL118,Cc1ccc(-c2cc(C(F)(F)F)nn2-c2ccc(S(N)(=O)=O)cc2)cc1,RZEKVGVHFLEQIL-UHFFFAOYSA-N,1
CHEMBL3397,CHEMBL484853,CC(C)c1cc2c(c(O)c1O)C1(C(=O)O)CCCC(C)(C)C1CC2,QRYRORQUOLYVBU-UHFFFAOYSA-N,1
CHEMBL3397,CHEMBL364713,COc1ccc2c(c1OC)C(=O)OC2C1c2c(cc3c(c2OC)OCO3)CCN1C,AKNNEGZIBPJZJG-UHFFFAOYSA-N,1
CHEMBL3397,CHEMBL165,Oc1ccc(C=Cc2cc(O)cc(O)c2)cc1,LUKBXSAWLPMMSZ-UHFFFAOYSA-N,1
CHEMBL3397,CHEMBL2079587,CC12Cc3c[nH]nc3CC1CCC1C2CCC2(C)C1CCC2(C)O,LKAJKIOFIWVMDJ-UHFFFAOYSA-N,1
CHEMBL3397,CHEMBL1089,NNCCc1ccccc1,RMUCZJUITONUFY-UHFFFAOYSA-N,1
CHEMBL3397,CHEMBL472,COc1ccc(Cl)cc1C(=O)NCCc1ccc(S(=O)(=O)NC(=O)NC2CCCCC2)cc1,ZNNLBTZKUZBEKO-UHFFFAOYSA-N,1
CHEMBL3397,CHEMBL1479,C#CC1(O)CCC2C3CCC4=Cc5oncc5CC4(C)C3CCC21C,POZRVZJJTULAOH-UHFFFAOYSA-N,1
CHEMBL3397,CHEMBL8,O=C(O)c1cn(C2CC2)c2cc(N3CCNCC3)c(F)cc2c1=O,MYSWGUAQZAJSOK-UHFFFAOYSA-N,0
CHEMBL3397,CHEMBL61,COc1cc(C2c3cc4c(cc3C(O)C3COC(=O)C23)OCO4)cc(OC)c1OC,YJGVMLPVUAXIQN-UHFFFAOYSA-N,1
CHEMBL3397,CHEMBL104,Clc1ccccc1C(c1ccccc1)(c1ccccc1)n1ccnc1,VNFPBHJOKIVQEB-UHFFFAOYSA-N,1
CHEMBL3397,CHEMBL81,O=C(c1ccc(OCCN2CCCCC2)cc1)c1c(-c2ccc(O)cc2)sc2cc(O)ccc12,GZUITABIAKMVPG-UHFFFAOYSA-N,1
CHEMBL3397,CHEMBL799,O=C1CCc2cc(OCCCCc3nnnn3C3CCCCC3)ccc2N1,RRGUKTPIGVIEKM-UHFFFAOYSA-N,1
CHEMBL3397,CHEMBL385517,N#CC1CC2CC2N1C(=O)C(N)C12CC3CC(CC(O)(C3)C1)C2,QGJUIPDUBHWZPV-UHFFFAOYSA-N,0
CHEMBL3397,CHEMBL115,CC(C)(C)NC(=O)C1CN(Cc2cccnc2)CCN1CC(O)CC(Cc1ccccc1)C(=O)NC1c2ccccc2CC1O,CBVCZFGXHXORBI-UHFFFAOYSA-N,0
CHEMBL3397,CHEMBL1064,CCC(C)(C)C(=O)OC1CC(C)C=C2C=CC(C)C(CCC3CC(O)CC(=O)O3)C21,RYMZZMVNJRMUDD-UHFFFAOYSA-N,0
CHEMBL3397,CHEMBL54,O=C(CCCN1CCC(O)(c2ccc(Cl)cc2)CC1)c1ccc(F)cc1,LNEPOXFFQSENCJ-UHFFFAOYSA-N,0
CHEMBL3397,CHEMBL6966,COc1ccc(CCN(C)CCCC(C#N)(c2ccc(OC)c(OC)c2)C(C)C)cc1OC,SGTNSNPWRIOYBX-UHFFFAOYSA-N,0
CHEMBL3397,CHEMBL193,COC(=O)C1=C(C)NC(C)=C(C(=O)OC)C1c1ccccc1[N+](=O)[O-],HYIMSNHJOBLJNT-UHFFFAOYSA-N,1
CHEMBL3397,CHEMBL42,CN1CCN(C2=Nc3cc(Cl)ccc3Nc3ccccc32)CC1,QZUDBNBUXVUHMW-UHFFFAOYSA-N,0
CHEMBL3397,CHEMBL521,CC(C)Cc1ccc(C(C)C(=O)O)cc1,HEFNNWSXXWATRW-UHFFFAOYSA-N,0
CHEMBL3397,CHEMBL1648,COC(=O)C1=C(C)NC(C)=C(C(=O)OC(C)C)C1c1cccc2nonc12,HMJIYCCIJYRONP-UHFFFAOYSA-N,1
CHEMBL3397,CHEMBL998,CCOC(=O)N1CCC(=C2c3ccc(Cl)cc3CCc3cccnc32)CC1,JCCNYMKQOSZNPW-UHFFFAOYSA-N,0
CHEMBL3397,CHEMBL833,Clc1ccccc1CN1CCc2sccc2C1,PHWBOXQYWZNQIN-UHFFFAOYSA-N,0
CHEMBL3397,CHEMBL2114284,COc1c(C(CC(C)=O)c2ccccc2)c(=O)oc2ccccc12,FGAWENWBTHQLEE-UHFFFAOYSA-N,1
CHEMBL3397,CHEMBL9,CCn1cc(C(=O)O)c(=O)c2cc(F)c(N3CCNCC3)cc21,OGJPXUAPXNRGGI-UHFFFAOYSA-N,0
CHEMBL3397,CHEMBL1451,CC12C=CC(=O)C=C1CCC1C3CC(O)C(O)(C(=O)CO)C3(C)CC(O)C12F,GFNANZIMVAIWHM-UHFFFAOYSA-N,0
CHEMBL3397,CHEMBL83,CCC(=C(c1ccccc1)c1ccc(OCCN(C)C)cc1)c1ccccc1,NKANXQFJJICGDU-UHFFFAOYSA-N,0
CHEMBL3397,CHEMBL13,COCCc1ccc(OCC(O)CNC(C)C)cc1,IUBSYMUCCVWXPE-UHFFFAOYSA-N,0
CHEMBL3397,CHEMBL147806,CC(C)(C)NCc1ccc(Nc2ccnc3cc(Cl)ccc23)cc1O,ZVMMVSSEAMUNGI-UHFFFAOYSA-N,0
CHEMBL3397,CHEMBL71,CN(C)CCCN1c2ccccc2Sc2ccc(Cl)cc21,ZPEIMTDSQAKGNT-UHFFFAOYSA-N,0
CHEMBL3397,CHEMBL577397,COc1c(-c2ccc3c(c2)OCO3)oc2c(ccc3occc32)c1=O,IGFBIJDAWSAJIF-UHFFFAOYSA-N,0
CHEMBL3397,CHEMBL110,O=C(Cn1ccnc1[N+](=O)[O-])NCc1ccccc1,CULUWZNBISUWAS-UHFFFAOYSA-N,0
CHEMBL3397,CHEMBL190461,C=C(C)C1CCC(C)=CC1c1c(O)cc(CCCCC)cc1O,QHMBSVQNZZTUGM-UHFFFAOYSA-N,1
