target_chembl_id,compound_chembl_id,c_smiles,noiso_InChIKey,active_label
CHEMBL221,CHEMBL480462,Oc1ccc(C2c3c(O)cc(O)cc3C3C(c4ccc(O)cc4)c4c(O)cc(O)cc4C23)cc1,YNVJOQCPHWKWSO-UHFFFAOYSA-N,0
CHEMBL221,CHEMBL571,CC(C(=O)O)c1cccc(C(=O)c2ccccc2)c1,DKYWVDODHFEZIM-UHFFFAOYSA-N,1
CHEMBL221,CHEMBL469,O=C(c1ccccc1)c1ccc2n1CCC2C(=O)O,OZWKMVRBQXNZKK-UHFFFAOYSA-N,1
CHEMBL221,CHEMBL473518,COc1ccc(C=Cc2cc(O)cc(O)c2)cc1OC,WHKSEHKYYXHCTA-UHFFFAOYSA-N,1
CHEMBL221,CHEMBL109341,COc1cc(C=CC(=O)O)cc(OC)c1O,PCMORTLOPMLEFB-UHFFFAOYSA-N,0
CHEMBL221,CHEMBL165790,CC(C)Oc1ccc2c(=O)c(-c3ccccc3)coc2c1,SFBODOKJTYAUCM-UHFFFAOYSA-N,1
CHEMBL221,CHEMBL294199,COc1cc(CNC(=O)CCCCC=CC(C)C)ccc1O,YKPUWZUDDOIDPM-UHFFFAOYSA-N,1
CHEMBL221,CHEMBL413965,O=C(O)Cc1ccc(-c2ccccc2)cc1,QRZAKQDHEVVFRX-UHFFFAOYSA-N,1
CHEMBL221,CHEMBL954,CCN(CC)CCOc1ccc(C(=C(Cl)c2ccccc2)c2ccccc2)cc1,GKIRPKYJQBWNGO-UHFFFAOYSA-N,1
CHEMBL221,CHEMBL83527,COc1cc(C=Cc2ccc(O)cc2)cc(OC)c1,VLEUZFDZJKSGMX-UHFFFAOYSA-N,1
CHEMBL221,CHEMBL83,CCC(=C(c1ccccc1)c1ccc(OCCN(C)C)cc1)c1ccccc1,NKANXQFJJICGDU-UHFFFAOYSA-N,1
CHEMBL221,CHEMBL291501,COc1ccc(C=Cc2cc(O)cc(O)c2)cc1,IHVRWFJGOIWMGC-UHFFFAOYSA-N,0
CHEMBL221,CHEMBL828,c1ccc2c(c1)Nc1ccccc1S2,WJFKNYWRSNBZNX-UHFFFAOYSA-N,1
CHEMBL221,CHEMBL526,CC(C)c1cccc(C(C)C)c1O,OLBCVFGFOZPWHH-UHFFFAOYSA-N,1
CHEMBL221,CHEMBL175,CC(C)Cc1ccc(C(C)C(=O)O)cc1,HEFNNWSXXWATRW-UHFFFAOYSA-N,1
CHEMBL221,CHEMBL39,NCCc1c[nH]c2ccc(O)cc12,QZAYGJVTTNCVMB-UHFFFAOYSA-N,0
CHEMBL221,CHEMBL154,COc1ccc2cc(C(C)C(=O)O)ccc2c1,CMWTZPSULFXXJA-UHFFFAOYSA-N,1
CHEMBL221,CHEMBL411,CCC(=C(CC)c1ccc(O)cc1)c1ccc(O)cc1,RGLYKWWBQGJZGM-UHFFFAOYSA-N,1
CHEMBL221,CHEMBL145,O=C(O)C=Cc1ccc(O)c(O)c1,QAIPRVGONGVQAS-UHFFFAOYSA-N,0
CHEMBL221,CHEMBL115590,C=CC1(C)CC=C2C(CCC3C(C)(CO)CCCC23C)C1,YSFNIVKHYKBKHI-UHFFFAOYSA-N,0
CHEMBL221,CHEMBL152325,C=CC1(C)CC=C2C(CCC3C(C)(C(=O)O)CCCC23C)C1,TVHDZSRRHQKNEZ-UHFFFAOYSA-N,0
CHEMBL221,CHEMBL35482,COc1cccc(-c2cc(=O)c3ccccc3o2)c1N,QFWCYNPOPKQOKV-UHFFFAOYSA-N,1
CHEMBL221,CHEMBL112,CC(=O)Nc1ccc(O)cc1,RZVAJINKPMORJF-UHFFFAOYSA-N,0
CHEMBL221,CHEMBL503412,OCC1OC(Oc2cc(O)cc(C3c4cc(C=Cc5cc(O)cc(O)c5)ccc4OC3c3ccc(O)cc3)c2)C(O)C(O)C1O,ZJIBDVBTKQSZQZ-UHFFFAOYSA-N,1
CHEMBL221,CHEMBL424,O=C(O)c1ccccc1O,YGSDEFSMJLZEOE-UHFFFAOYSA-N,0
CHEMBL221,CHEMBL402978,CCCCCC(O)CC(=O)CCc1ccc(O)c(OC)c1,NLDDIKRKFXEWBK-UHFFFAOYSA-N,0
CHEMBL221,CHEMBL260553,CC(C)=CCc1c(O)cc2oc3cc(O)c(O)c(CC=C(C)C)c3c(=O)c2c1O,VEZXFTKZUMARDU-UHFFFAOYSA-N,1
CHEMBL221,CHEMBL465208,OCC1OC(OCCc2ccc(O)cc2)C(O)C(O)C1O,ILRCGYURZSFMEG-UHFFFAOYSA-N,0
CHEMBL221,CHEMBL250872,COc1cc(C=CCO)cc(OC)c1OC1OC(CO)C(O)C(O)C1O,QJVXKWHHAMZTBY-UHFFFAOYSA-N,0
CHEMBL221,CHEMBL465371,CC(C)=CCc1c(C2CCc3ccc(O)cc3O2)cc2c(c1O)OC(C)(C)C=C2,QSCBHDIGHKHWKC-UHFFFAOYSA-N,0
CHEMBL221,CHEMBL54909,COc1cc2ccc(=O)oc2c(O)c1O,HAVWRBANWNTOJX-UHFFFAOYSA-N,0
CHEMBL221,CHEMBL458470,O=C(O)C1OC(Oc2c(-c3cc(O)c(O)c(O)c3)oc3cc(O)cc(O)c3c2=O)C(O)C(O)C1O,MBWOCQLTCWTIJE-UHFFFAOYSA-N,1
CHEMBL221,CHEMBL281202,Cc1ccc(C(C)C)cc1O,RECUKUPTGUEGMW-UHFFFAOYSA-N,1
CHEMBL221,CHEMBL518543,CC(C)=CCc1c(-c2ccc(O)cc2O)oc2c(CC=C(C)C)c(O)cc(O)c2c1=O,UWQYBLOHTQWSQD-UHFFFAOYSA-N,0
CHEMBL221,CHEMBL517334,CC(=CCc1c(O)ccc(C(=O)C=Cc2ccc(O)cc2)c1O)COC(=O)C=Cc1ccc(O)cc1,YKTQNXNBVRMYNF-UHFFFAOYSA-N,0
CHEMBL221,CHEMBL512578,Oc1cc(O)cc(-c2cc3ccc(O)cc3o2)c1,LHPRYOJTASOZGJ-UHFFFAOYSA-N,1
CHEMBL221,CHEMBL503797,COc1c(O)cc(C2Oc3c(c(O)cc(O)c3C3c4c(O)cc(O)cc4OC(c4ccc(O)cc4)C3O)CC2O)cc1O,JPFCOVZKLAXXOE-UHFFFAOYSA-N,0
CHEMBL221,CHEMBL465194,O=C1CC(c2ccc(O)cc2O)Oc2cc(O)cc(O)c21,QBLQLKNOKUHRCH-UHFFFAOYSA-N,1
CHEMBL221,CHEMBL244743,O=c1ccc2cc(O)c(O)cc2o1,ILEDWLMCKZNDJK-UHFFFAOYSA-N,0
CHEMBL221,CHEMBL463126,CC(C)=CCc1cc(C=Cc2cc(O)cc(O)c2)c(O)cc1O,KYQWCQJWDVPXKY-UHFFFAOYSA-N,1
CHEMBL221,CHEMBL311498,Oc1cc(O)c2c(c1)OC(c1ccc(O)c(O)c1)C(O)C2,PFTAWBLQPZVEMU-UHFFFAOYSA-N,0
CHEMBL221,CHEMBL517609,CC1(C)CCC2(C)CCC3(C)C4CC=C5C(CCC(=O)C5(C)C)C4(C)CCC3(C)C2C1,XUPCBKGIPJPDGW-UHFFFAOYSA-N,1
CHEMBL221,CHEMBL404515,Oc1cc(O)c2cc(O)c(-c3ccc(O)c(O)c3)[o+]c2c1,VEVZSMAEJFVWIL-UHFFFAOYSA-O,0
CHEMBL221,CHEMBL464610,CC(C)=CCC12Oc3cc(O)ccc3C1(O)Oc1cc(O)c(C3C=C(C)CC(c4ccc(O)cc4O)C3C(=O)c3ccc(O)cc3O)c(O)c1C2=O,SUOXGDJCEWTZIZ-UHFFFAOYSA-N,0
CHEMBL221,CHEMBL504256,COc1ccc2cc1Oc1ccc(cc1)CC1c3cc(c(OC)cc3CCN1C)Oc1c(O)c(OC)cc3c1C(C2)N(C)CC3,IIQSJHUEZBTSAT-UHFFFAOYSA-N,0
CHEMBL221,CHEMBL125743,Oc1cc(O)c2c(c1)OC(c1cc(O)c(O)c(O)c1)C(O)C2,XMOCLSLCDHWDHP-UHFFFAOYSA-N,0
CHEMBL221,CHEMBL463145,O=c1cc(-c2ccc(O)cc2O)oc2cc(O)cc(O)c12,ZSYPIPFQOQGYHH-UHFFFAOYSA-N,0
CHEMBL221,CHEMBL189,Cc1[nH]c(=O)c(C#N)cc1-c1ccncc1,PZRHRDRVRGEVNW-UHFFFAOYSA-N,1
CHEMBL221,CHEMBL463453,O=C1c2c(O)cc(O)cc2OC(c2ccc(O)cc2O)C1O,QIWOFDHUQPJCJF-UHFFFAOYSA-N,0
CHEMBL221,CHEMBL322045,CS(=O)(=O)c1ccc(C2=C(c3ccc(F)cc3)CC(CF)(CF)C2)cc1,JWSZCVWFUJUURI-UHFFFAOYSA-N,0
CHEMBL221,CHEMBL244948,O=c1ccc2ccc(O)c(O)c2o1,ATEFPOUAMCWAQS-UHFFFAOYSA-N,0
CHEMBL221,CHEMBL457145,CC(C)=CCc1cc(C=Cc2cc(O)cc(O)c2)ccc1O,BWCJJGGZRYKPID-UHFFFAOYSA-N,1
CHEMBL221,CHEMBL350475,CC(C)=CCc1c(O)ccc2ccc(=O)oc12,RAKJVIPCCGXHHS-UHFFFAOYSA-N,0
CHEMBL221,CHEMBL43065,Oc1cc(O)cc(C=Cc2ccc(O)cc2O)c1,PDHAOJSHSJQANO-UHFFFAOYSA-N,1
CHEMBL221,CHEMBL485981,C=C1CCC=C(C)C(=O)C(OC(C)=O)C2C1CC2(C)C,SXWKLEULMBLXJM-UHFFFAOYSA-N,0
CHEMBL221,CHEMBL42710,C=CCc1ccc(O)c(OC)c1,RRAFCDWBNXTKKO-UHFFFAOYSA-N,1
CHEMBL221,CHEMBL243362,C=C(C)C(CC=C(C)C)Cc1c(O)cc(OC)c(C(=O)C=Cc2ccc(O)cc2O)c1O,PIAPWPAWQGDOMN-UHFFFAOYSA-N,1
CHEMBL221,CHEMBL243796,C=C(C)C(CC=C(C)C)Cc1c(O)cc(OC)c2c1OC(c1ccc(O)cc1O)CC2=O,LTTQKYMNTNISSZ-UHFFFAOYSA-N,1
CHEMBL221,CHEMBL168,CC1(C)CCC2(C(=O)O)CCC3(C)C(=CCC4C5(C)CCC(O)C(C)(C)C5CCC43C)C2C1,MIJYXULNPSFWEK-UHFFFAOYSA-N,0
CHEMBL221,CHEMBL450070,CC(C)=CCCC1(C)C=Cc2cc(O)cc(C)c2O1,OBBCGWKGCBJQIW-UHFFFAOYSA-N,1
CHEMBL221,CHEMBL108299,C=CCc1ccc(OC(C)=O)c(OC)c1,SCCDQYPEOIRVGX-UHFFFAOYSA-N,1
CHEMBL221,CHEMBL507430,CC(C)=CCC12Oc3cc(O)c(C4=CC5(C)CC(C4)c4ccc(O)cc4O5)c(O)c3C(=O)C1(O)Oc1cc(O)ccc12,GJKQLIDFFREHGO-UHFFFAOYSA-N,0
CHEMBL221,CHEMBL446319,CC(C)(O)C(O)Cc1cc(C=Cc2cc(O)cc(O)c2)ccc1O,BPJJUNOJJPFGCB-UHFFFAOYSA-N,1
CHEMBL221,CHEMBL85139,O=c1c2ccccc2nc2n1CCc1c-2[nH]c2ccccc12,ACVGWSKVRYFWRP-UHFFFAOYSA-N,1
CHEMBL221,CHEMBL465001,CC1CC(=O)C2(CO)C(CCCC23CO3)C12CC(c1ccoc1)OC2=O,KRDZPLIXVXKNST-UHFFFAOYSA-N,0
CHEMBL221,CHEMBL459056,COc1cc(C=CCO)ccc1OC1OC(CO)C(O)C(O)C1O,SFLMUHDGSQZDOW-UHFFFAOYSA-N,0
CHEMBL221,CHEMBL446974,COc1cc(O)c2c(=O)cc(C)oc2c1,SUTUBQHKZRNZRA-UHFFFAOYSA-N,0
CHEMBL221,CHEMBL464006,CC(C)=CCc1c(-c2ccc(O)cc2O)oc2c3c(cc(O)c2c1=O)OC(C)(C)C=C3,XFFOMNJIDRDDLQ-UHFFFAOYSA-N,0
CHEMBL221,CHEMBL463125,CC(C)=CCc1c(O)ccc2cc(-c3cc(O)cc(O)c3)oc12,PMSZSXKBGUQXFG-UHFFFAOYSA-N,1
CHEMBL221,CHEMBL44,O=c1c(-c2ccc(O)cc2)coc2cc(O)cc(O)c12,TZBJGXHYKVUXJN-UHFFFAOYSA-N,0
CHEMBL221,CHEMBL1560,CC(CS)C(=O)N1CCCC1C(=O)O,FAKRSMQSSFJEIM-UHFFFAOYSA-N,0
CHEMBL221,CHEMBL150,O=c1c(O)c(-c2ccc(O)cc2)oc2cc(O)cc(O)c12,IYRMWMYZSQPJKC-UHFFFAOYSA-N,0
CHEMBL221,CHEMBL485805,C=C1CCCC2(C)CC3OC(=O)C(C)=C3CC12,OQYBLUDOOFOBPO-UHFFFAOYSA-N,0
CHEMBL221,CHEMBL1916957,O=C(NS(=O)(=O)c1ccc(F)cc1)c1ccncc1,FZCHAKCBHFTEOS-UHFFFAOYSA-N,0
CHEMBL221,CHEMBL75390,CC(=O)C=Cc1ccc(O)c(O)c1,YIFZKRGUGKLILR-UHFFFAOYSA-N,0
CHEMBL221,CHEMBL3338322,CC(=O)NC=Cc1ccc2c(c1)OC(c1ccc(O)c(O)c1)C(NC(C)=O)O2,RCEWLGWTZHROAQ-UHFFFAOYSA-N,1
CHEMBL221,CHEMBL52229,COc1ccc2ccc(=O)oc2c1CC=C(C)C,MBRLOUHOWLUMFF-UHFFFAOYSA-N,0
CHEMBL221,CHEMBL169,CC1CCC2(C(=O)O)CCC3(C)C(=CCC4C5(C)CCC(O)C(C)(C)C5CCC43C)C2C1C,WCGUUGGRBIKTOS-UHFFFAOYSA-N,0
CHEMBL221,CHEMBL449520,C=C1CCCC2(C)C=C3OC(=O)C(C)=C3CC12,ZTVSGQPHMUYCRS-UHFFFAOYSA-N,0
CHEMBL221,CHEMBL486961,C=C1CCCC2(C)CC3(O)OC(=O)C(C)=C3CC12,FBMORZZOJSDNRQ-UHFFFAOYSA-N,0
CHEMBL221,CHEMBL486189,C=C1CCCC2(C)Cc3occ(C)c3CC12,TYPSVDGIQAOBAD-UHFFFAOYSA-N,0
CHEMBL221,CHEMBL137743,CC(=O)NCCc1ccc(O)c(O)c1,OFSAJYZMIPNPHE-UHFFFAOYSA-N,0
CHEMBL221,CHEMBL228120,Oc1cc(O)cc(CCc2ccccc2)c1,LDBYHULIXFIJAZ-UHFFFAOYSA-N,0
CHEMBL221,CHEMBL4785042,CNc1ccccc1C(=O)NCCc1c[nH]c2ccccc12,ALKZZCZKVMJWBG-UHFFFAOYSA-N,0
CHEMBL221,CHEMBL228126,COc1cc(O)cc(CCc2ccccc2O)c1,IUMFLNFLJUUODE-UHFFFAOYSA-N,0
CHEMBL221,CHEMBL463212,COC(=O)C(=C1OC(=O)C(c2ccccc2)=C1O)c1ccccc1,OMZRMXULWNMRAE-UHFFFAOYSA-N,0
