target_chembl_id,compound_chembl_id,c_smiles,noiso_InChIKey,active_label
CHEMBL215,CHEMBL485805,C=C1CCCC2(C)CC3OC(=O)C(C)=C3CC12,OQYBLUDOOFOBPO-UHFFFAOYSA-N,0
CHEMBL215,CHEMBL319244,O=C(C=Cc1ccc(O)c(O)c1)OCCc1ccccc1,SWUARLUWKZWEBQ-UHFFFAOYSA-N,1
CHEMBL215,CHEMBL52229,COc1ccc2ccc(=O)oc2c1CC=C(C)C,MBRLOUHOWLUMFF-UHFFFAOYSA-N,0
CHEMBL215,CHEMBL304236,O=C1OCc2c1cc1cc3c(cc1c2-c1ccc2c(c1)OCO2)OCO3,VSMWRDYVLPCABE-UHFFFAOYSA-N,1
CHEMBL215,CHEMBL462801,CCCCCCCCCCCCCC1=C(O)C(=O)C=C(O)C1=O,AMKNOBHCKRZHIO-UHFFFAOYSA-N,1
CHEMBL215,CHEMBL71851,COc1cc2ccc(=O)oc2cc1O,RODXRVNMMDRFIK-UHFFFAOYSA-N,0
CHEMBL215,CHEMBL227187,Oc1ccc(C2OCC3C(c4ccc(O)c(O)c4)OCC23)cc1O,OQSOTSIYXPYTRE-UHFFFAOYSA-N,1
CHEMBL215,CHEMBL116438,COc1cc(C=CC(=O)C=C(O)C=Cc2ccc(O)c(OC)c2)ccc1O,ZIUSSTSXXLLKKK-UHFFFAOYSA-N,1
CHEMBL215,CHEMBL2018876,CC(C)=CCc1c(O)cc(-c2cc3ccc(O)cc3o2)cc1O,ZTGHWUWBQNCCOH-UHFFFAOYSA-N,1
CHEMBL215,CHEMBL65755,O=C1OCc2cc3cc4c(cc3c(-c3ccc5c(c3)OCO5)c21)OCO4,YMGOOHXUOWZQOE-UHFFFAOYSA-N,1
CHEMBL215,CHEMBL460862,COc1cc(C2OCC3C(c4ccc(O)c(OC)c4)OCC23)ccc1O,HGXBRUKMWQGOIE-UHFFFAOYSA-N,0
CHEMBL215,CHEMBL390320,COc1cc2oc(=O)ccc2cc1O,SYTYLPHCLSSCOJ-UHFFFAOYSA-N,0
CHEMBL215,CHEMBL150,O=c1c(O)c(-c2ccc(O)cc2)oc2cc(O)cc(O)c12,IYRMWMYZSQPJKC-UHFFFAOYSA-N,1
CHEMBL215,CHEMBL2386654,CC1(C)CCC2(C(=O)O)CCC3(C)C(=CCC4C5(C)CCC(O)C(C)(C(=O)O)C5CCC43C)C2C1,PAIBKVQNJKUVCE-UHFFFAOYSA-N,0
CHEMBL215,CHEMBL395428,CC1(C)CCC2(C)CCC3(C)C(=CCC4C5(C)CCC(O)C(C)(C(=O)O)C5CCC43C)C2C1,BZXULBWGROURAF-UHFFFAOYSA-N,0
CHEMBL215,CHEMBL230006,CC1(C(=O)O)CCC2(C)CCC3(C)C(=CC(=O)C4C5(C)CCC(O)C(C)(C)C5CCC43C)C2C1,MPDGHEJMBKOTSU-UHFFFAOYSA-N,0
CHEMBL215,CHEMBL4462866,CC1(C)CCC2(C)CCC3(C)C(=CC(=O)C4C5(C)CCC(O)C(C)(C)C5CCC43C)C2C1,UKAIYBGRLWQHDQ-UHFFFAOYSA-N,0
CHEMBL215,CHEMBL464466,CC1(C)CCC2(C(=O)O)CCC3(C)C(=CCC4C5(C)CC(O)C(O)C(C)(CO)C5CCC43C)C2C1,RWNHLTKFBKYDOJ-UHFFFAOYSA-N,0
CHEMBL215,CHEMBL1802044,CC(=O)OC1CCC2(C)C(CCC3(C)C2CC=C2C4CC(C)(C)CCC4(C)CCC23C)C1(C)C(=O)O,IAWGZKRQDHPFCZ-UHFFFAOYSA-N,0
CHEMBL215,CHEMBL169,CC1CCC2(C(=O)O)CCC3(C)C(=CCC4C5(C)CCC(O)C(C)(C)C5CCC43C)C2C1C,WCGUUGGRBIKTOS-UHFFFAOYSA-N,0
CHEMBL215,CHEMBL2147416,CC1C(c2ccc(O)cc2)OC(c2ccc(O)cc2)C1C,PIBJADPEZQHMQS-UHFFFAOYSA-N,0
CHEMBL215,CHEMBL404313,CC1CCC2(C(=O)O)CCC3(C)C(=CCC4C5(C)CC(O)C(O)C(C)(CO)C5CCC43C)C2C1C,JXSVIVRDWWRQRT-UHFFFAOYSA-N,0
CHEMBL215,CHEMBL201515,CC1(C)CCC2(C(=O)O)CCC3(C)C(=CCC4C5(C)CC(O)C(O)C(C)(C)C5CCC43C)C2C1,MDZKJHQSJHYOHJ-UHFFFAOYSA-N,0
CHEMBL215,CHEMBL391533,CC1CCC2(C(=O)O)CCC3(C)C(=CCC4C5(C)CC(O)C(O)C(C)(C)C5CCC43C)C2C1C,HFGSQOYIOKBQOW-UHFFFAOYSA-N,0
CHEMBL215,CHEMBL442334,CCC(OC)(c1cc(F)cc(OCc2ccc3c(ccc(=O)n3C)c2)c1)c1nccs1,LKADLMFAUZHGIW-UHFFFAOYSA-N,1
CHEMBL215,CHEMBL520726,CC1(C)CCC2(C(=O)O)CCC3(C)C(=CCC4C5(C)CC(O)C(O)C(C)(C(=O)O)C5CCC43C)C2C1,IDGXIXSKISLYAC-UHFFFAOYSA-N,0
CHEMBL215,CHEMBL486400,CC1(C)CCC2(C(=O)O)CCC3(C)C(=CCC4C5(C)CCC(O)C(C)(CO)C5CCC43C)C2C1,PGOYMURMZNDHNS-UHFFFAOYSA-N,0
CHEMBL215,CHEMBL455098,CC1(C)CCC2(C)CCC3(C)C(=CCC4C5(C)CCC(O)C(C)(C)C5CCC43C)C2C1,JFSHUTJDVKUMTJ-UHFFFAOYSA-N,0
CHEMBL215,CHEMBL267225,CC1CCC2(C)CCC3(C)C(=CCC4C5(C)CCC(O)C(C)(C(=O)O)C5CCC43C)C2C1C,NBGQZFQREPIKMG-UHFFFAOYSA-N,0
CHEMBL215,CHEMBL4561483,CC1(CO)CCC2(C)CCC3(C)C(=CC(=O)C4C5(C)CCC(O)C(C)(C)C5CCC43C)C2C1,JCGXIYQLRYPHDG-UHFFFAOYSA-N,0
CHEMBL215,CHEMBL455357,CC1CCC2(C)CCC3(C)C(=CCC4C5(C)CCC(O)C(C)(C)C5CCC43C)C2C1C,FSLPMRQHCOLESF-UHFFFAOYSA-N,0
CHEMBL215,CHEMBL469433,CCCCCCCCCCCC1=CC(=O)C=C(OC)C1=O,LRYVDYNQYBMNJP-UHFFFAOYSA-N,1
CHEMBL215,CHEMBL487933,CC1(C(=O)O)CCC2(C)CCC3(C)C(=CCC4C5(C)CCC(O)C(C)(C)C5CCC43C)C2C1,JZFSMVXQUWRSIW-UHFFFAOYSA-N,0
CHEMBL215,CHEMBL400074,CC1(C)CCC2(CO)CCC3(C)C(=CCC4C5(C)CCC(O)C(C)(C)C5CCC43C)C2C1,PSZDOEIIIJFCFE-UHFFFAOYSA-N,0
CHEMBL215,CHEMBL236906,CC(=O)OC1CCC2(C)C(CCC3(C)C2CC=C2C4C(C)C(C)CCC4(C)CCC23C)C1(C)C(=O)O,YJBVHJIKNLBFDX-UHFFFAOYSA-N,0
CHEMBL215,CHEMBL2147421,CC=Cc1ccc2c(c1)C(C)C(c1ccc(O)cc1)O2,GXJSAHXNLJFDPO-UHFFFAOYSA-N,0
CHEMBL215,CHEMBL399873,CC1CCC2(CO)CCC3(C)C(=CCC4C5(C)CCC(O)C(C)(C)C5CCC43C)C2C1C,XUARCIYIVXVTAE-UHFFFAOYSA-N,0
CHEMBL215,CHEMBL128729,COc1cc(C=CC(=O)C=Cc2ccc(O)c(OC)c2)ccc1O,ISIMGBQRFXXNON-UHFFFAOYSA-N,1
CHEMBL215,CHEMBL69863,Oc1cc(O)cc(C=Cc2ccc(O)c(O)c2)c1,CDRPUGZCRXZLFL-UHFFFAOYSA-N,1
CHEMBL215,CHEMBL296411,COc1ccc(C=Cc2cc(OC)cc(OC)c2)cc1,GDHNBPHYVRHYCC-UHFFFAOYSA-N,1
CHEMBL215,CHEMBL318743,COc1cc(CCC(=O)CC(=O)CCc2ccc(O)c(OC)c2)ccc1O,LBTVHXHERHESKG-UHFFFAOYSA-N,1
CHEMBL215,CHEMBL521,CC(C)Cc1ccc(C(C)C(=O)O)cc1,HEFNNWSXXWATRW-UHFFFAOYSA-N,0
CHEMBL215,CHEMBL165,Oc1ccc(C=Cc2cc(O)cc(O)c2)cc1,LUKBXSAWLPMMSZ-UHFFFAOYSA-N,1
CHEMBL215,CHEMBL43065,Oc1cc(O)cc(C=Cc2ccc(O)cc2O)c1,PDHAOJSHSJQANO-UHFFFAOYSA-N,0
CHEMBL215,CHEMBL6,COc1ccc2c(c1)c(CC(=O)O)c(C)n2C(=O)c1ccc(Cl)cc1,CGIGDMFJXJATDK-UHFFFAOYSA-N,1
CHEMBL215,CHEMBL83527,COc1cc(C=Cc2ccc(O)cc2)cc(OC)c1,VLEUZFDZJKSGMX-UHFFFAOYSA-N,1
CHEMBL215,CHEMBL332610,COc1cc(C=Cc2ccc(O)c(O)c2)cc(OC)c1,UQRBFXIUUDJHSN-UHFFFAOYSA-N,1
CHEMBL215,CHEMBL449520,C=C1CCCC2(C)C=C3OC(=O)C(C)=C3CC12,ZTVSGQPHMUYCRS-UHFFFAOYSA-N,0
CHEMBL215,CHEMBL486961,C=C1CCCC2(C)CC3(O)OC(=O)C(C)=C3CC12,FBMORZZOJSDNRQ-UHFFFAOYSA-N,0
CHEMBL215,CHEMBL450070,CC(C)=CCCC1(C)C=Cc2cc(O)cc(C)c2O1,OBBCGWKGCBJQIW-UHFFFAOYSA-N,1
CHEMBL215,CHEMBL486189,C=C1CCCC2(C)Cc3occ(C)c3CC12,TYPSVDGIQAOBAD-UHFFFAOYSA-N,0
CHEMBL215,CHEMBL151,O=c1cc(-c2ccc(O)c(O)c2)oc2cc(O)cc(O)c12,IQPNAANSBPBGFQ-UHFFFAOYSA-N,1
CHEMBL215,CHEMBL4082457,COc1cc(O)cc(CCc2ccc(OC)c(O)c2CC=C(C)C)c1,NGQFSSVGVDXEOE-UHFFFAOYSA-N,1
CHEMBL215,CHEMBL253896,COc1cc(O)c(CC=C(C)C)c(O)c1C(=O)C=Cc1ccc(O)cc1,ORXQGKIUCDPEAJ-UHFFFAOYSA-N,1
CHEMBL215,CHEMBL294199,COc1cc(CNC(=O)CCCCC=CC(C)C)ccc1O,YKPUWZUDDOIDPM-UHFFFAOYSA-N,0
CHEMBL215,CHEMBL341291,O=C1NC(Oc2ccc(F)cc2)CN(c2ccccc2)N1,FOESFKJBZQTYHJ-UHFFFAOYSA-N,1
CHEMBL215,CHEMBL69439,CCCCCC=CCC=CC=CC=CC1OC1CCCC(=O)O,UFPQIRYSPUYQHK-UHFFFAOYSA-N,1
CHEMBL215,CHEMBL140,COc1cc(C=CC(=O)CC(=O)C=Cc2ccc(O)c(OC)c2)ccc1O,VFLDPWHFBUODDF-UHFFFAOYSA-N,0
CHEMBL215,CHEMBL488313,COc1c(CC=C(C)C)c(O)c(C(CC(C)C)c2c(O)c(CC=C(C)C)c(O)c(C(C)=O)c2O)c(O)c1C(C)=O,KLFWXYAHGSXKAW-UHFFFAOYSA-N,1
CHEMBL215,CHEMBL293492,O=CC=Cc1ccccc1,KJPRLNWUNMBNBZ-UHFFFAOYSA-N,0
CHEMBL215,CHEMBL222556,O=c1cc(-c2ccc(O)c(O)c2)oc2ccccc12,SRNPMQHYWVKBAV-UHFFFAOYSA-N,1
CHEMBL215,CHEMBL43185,O=C(C=CC=Cc1ccc2c(c1)OCO2)N1CCCCC1,MXXWOMGUGJBKIW-UHFFFAOYSA-N,0
CHEMBL215,CHEMBL4070013,COc1cc(O)c2c(c1)CCC21C=CC(=O)CC1,MVYJADZNMQXLJB-UHFFFAOYSA-N,1
CHEMBL215,CHEMBL42710,C=CCc1ccc(O)c(OC)c1,RRAFCDWBNXTKKO-UHFFFAOYSA-N,0
CHEMBL215,CHEMBL30131,CC(=O)NNc1ccccc1,UICBCXONCUFSOI-UHFFFAOYSA-N,0
CHEMBL215,CHEMBL301624,O=c1cc(-c2ccc(O)c(O)c2)oc2cc(O)ccc12,PVFGJHYLIHMCQD-UHFFFAOYSA-N,1
CHEMBL215,CHEMBL4098732,COc1cc(-c2cc(=O)c3c(O)c(CC=C(C)CCC=C(C)C)c(O)cc3o2)ccc1O,MWGFICMOCSIQMV-UHFFFAOYSA-N,1
CHEMBL215,CHEMBL223256,CC(C)=CCCC(C)=CCc1c(O)cc2c(c1O)C(=O)CC(c1ccc(O)c(O)c1)O2,XCYSQFHYFNWYFP-UHFFFAOYSA-N,1
CHEMBL215,CHEMBL16901,C=CCc1ccc(O)c(-c2ccc(O)c(CC=C)c2)c1,FVYXIJYOAGAUQK-UHFFFAOYSA-N,1
CHEMBL215,CHEMBL46469,O=C1c2c(O)cccc2Cc2cccc(O)c21,NUZWLKWWNNJHPT-UHFFFAOYSA-N,1
CHEMBL215,CHEMBL569136,C=CCc1ccc(O)c(-c2ccc(O)c(C=CC)c2)c1,MHZPQXNOHIORFI-UHFFFAOYSA-N,1
CHEMBL215,CHEMBL518103,COc1cc(C=C2CCn3c2nc2ccccc2c3=O)cc(OC)c1O,UBCUTNIGHUVICE-UHFFFAOYSA-N,1
CHEMBL215,CHEMBL97453,COc1cc(O)c2c(c1)oc(=O)c1c3cc(O)c(O)cc3oc21,XQDCKJKKMFWXGB-UHFFFAOYSA-N,1
CHEMBL215,CHEMBL221137,CCCCCCCCCCCC1=C(O)C(=O)C=C(O)C1=O,IRSFLDGTOHBADP-UHFFFAOYSA-N,1
CHEMBL215,CHEMBL464006,CC(C)=CCc1c(-c2ccc(O)cc2O)oc2c3c(cc(O)c2c1=O)OC(C)(C)C=C3,XFFOMNJIDRDDLQ-UHFFFAOYSA-N,0
CHEMBL215,CHEMBL89700,C=CCc1ccc(O)c(-c2ccc(OC)c(CC=C)c2)c1,OQFHJKZVOALSPV-UHFFFAOYSA-N,1
CHEMBL215,CHEMBL4463619,CCCCCCCCCCCCCC1=CC(=O)C=C(OC)C1=O,CBEDFJLNGRMUQV-UHFFFAOYSA-N,1
CHEMBL215,CHEMBL471270,CCCCCCCCCCCC1=C(O)C(=O)C=C(OC)C1=O,KHBJLRRAMCJZLZ-UHFFFAOYSA-N,1
CHEMBL215,CHEMBL451919,CCCCCC1=CC(=O)C=C(OC)C1=O,WLWIMKWZMGJRBS-UHFFFAOYSA-N,1
CHEMBL215,CHEMBL1461,O=C(O)c1cc(O)ccc1O,WXTMDXOMEHJXQO-UHFFFAOYSA-N,0
CHEMBL215,CHEMBL1950045,OCCc1ccc(O)c(O)c1,JUUBCHWRXWPFFH-UHFFFAOYSA-N,0
CHEMBL215,CHEMBL25948,CCCCCC=CC(=O)CCc1ccc(O)c(OC)c1,OQWKEEOHDMUXEO-UHFFFAOYSA-N,1
CHEMBL215,CHEMBL292540,COc1cc2cc3c(c(-c4ccc5c(c4)OCO5)c2cc1OC)COC3=O,TXDMVCNSUVLKHW-UHFFFAOYSA-N,1
CHEMBL215,CHEMBL3144583,Cn1[nH]c2ccccc2c1=O,FPNXGZRMUROVNY-UHFFFAOYSA-N,1
