target_chembl_id,compound_chembl_id,c_smiles,noiso_InChIKey,active_label
CHEMBL312,CHEMBL152346,O=C(C=Cc1ccccc1)NO,UVDDFTZLVFIQFL-UHFFFAOYSA-N,0
CHEMBL312,CHEMBL485981,C=C1CCC=C(C)C(=O)C(OC(C)=O)C2C1CC2(C)C,SXWKLEULMBLXJM-UHFFFAOYSA-N,0
CHEMBL312,CHEMBL52,CC(Cc1ccc(O)c(O)c1)C(C)Cc1ccc(O)c(O)c1,HCZKYJDFEPMADG-UHFFFAOYSA-N,1
CHEMBL312,CHEMBL122451,Cc1ccc2ccccc2c1O,SRJCJJKWVSSELL-UHFFFAOYSA-N,1
CHEMBL312,CHEMBL243664,COc1ccc(-c2cc(=O)c3c(O)cc(O)cc3o2)cc1,DANYIYRPLHHOCZ-UHFFFAOYSA-N,0
CHEMBL312,CHEMBL122649,Oc1ccccc1Cc1ccccc1,CDMGNVWZXRKJNS-UHFFFAOYSA-N,0
CHEMBL312,CHEMBL122617,Oc1cccc2ccccc12,KJCVRFUGPWSIIH-UHFFFAOYSA-N,1
CHEMBL312,CHEMBL7568,CCN(CC)CCCC(C)Nc1c2ccc(Cl)cc2nc2ccc(OC)cc12,GPKJTRJOBQGKQK-UHFFFAOYSA-N,0
CHEMBL312,CHEMBL711,O=C1c2ccccc2C(=O)C1c1ccccc1,NFBAXHOPROOJAW-UHFFFAOYSA-N,0
CHEMBL312,CHEMBL72637,COc1cc2oc(-c3ccc(O)c(O)c3)cc(=O)c2c(O)c1OC,IMEYGBIXGJLUIS-UHFFFAOYSA-N,1
CHEMBL312,CHEMBL521,CC(C)Cc1ccc(C(C)C(=O)O)cc1,HEFNNWSXXWATRW-UHFFFAOYSA-N,0
CHEMBL312,CHEMBL284127,CC(=O)C1C(=O)C=C(C)OC1=O,PGRHXDWITVMQBC-UHFFFAOYSA-N,0
CHEMBL312,CHEMBL154,COc1ccc2cc(C(C)C(=O)O)ccc2c1,CMWTZPSULFXXJA-UHFFFAOYSA-N,0
CHEMBL312,CHEMBL384467,CC1CC2C3CCC4=CC(=O)C=CC4(C)C3(F)C(O)CC2(C)C1(O)C(=O)CO,UREBDLICKHMUKA-UHFFFAOYSA-N,0
CHEMBL312,CHEMBL15770,CC1=C(CC(=O)O)c2cc(F)ccc2C1=Cc1ccc([S+](C)[O-])cc1,MLKXDPUZXIRXEP-UHFFFAOYSA-N,0
CHEMBL312,CHEMBL50,O=c1c(O)c(-c2ccc(O)c(O)c2)oc2cc(O)cc(O)c12,REFJWTPEDVJJIY-UHFFFAOYSA-N,1
CHEMBL312,CHEMBL828,c1ccc2c(c1)Nc1ccccc1S2,WJFKNYWRSNBZNX-UHFFFAOYSA-N,1
CHEMBL312,CHEMBL126804,O=C(C=Cc1ccc(O)cc1)c1ccccc1O,FGPJTMCJNPRZGF-UHFFFAOYSA-N,0
CHEMBL312,CHEMBL340244,COc1ccc(C(=O)C=Cc2ccc(O)c(O)c2)c(O)c1,IULVGTQOZKYHCS-UHFFFAOYSA-N,1
CHEMBL312,CHEMBL105310,O=C(C=Cc1ccccc1)c1ccc(O)cc1O,JUMSUVHHUVPSOY-UHFFFAOYSA-N,0
CHEMBL312,CHEMBL338066,O=C(C=Cc1ccc(O)cc1)c1c(O)cc(O)cc1O,YQHMWTPYORBCMF-UHFFFAOYSA-N,0
CHEMBL312,CHEMBL128000,O=C(C=Cc1ccc(O)c(O)c1)c1ccc(O)cc1O,AYMYWHCQALZEGT-UHFFFAOYSA-N,1
CHEMBL312,CHEMBL25207,O=C1c2ccccc2C(=O)C1C1C(=O)c2ccccc2C1=O,LRFYPSGRUORTIS-UHFFFAOYSA-N,0
CHEMBL312,CHEMBL129795,O=C(C=Cc1ccc(O)cc1)c1ccc(O)cc1O,DXDRHHKMWQZJHT-UHFFFAOYSA-N,0
CHEMBL312,CHEMBL129510,O=C(C=Cc1ccc(O)c(O)c1)c1ccccc1,HHKVOYUYPYZFHJ-UHFFFAOYSA-N,1
CHEMBL312,CHEMBL129371,O=C(C=Cc1ccccc1)c1c(O)cc(O)cc1O,LOYXTWZXLWHMBX-UHFFFAOYSA-N,0
CHEMBL312,CHEMBL145,O=C(O)C=Cc1ccc(O)c(O)c1,QAIPRVGONGVQAS-UHFFFAOYSA-N,0
CHEMBL312,CHEMBL157101,CC(=O)N1CCN(c2ccc(OCC3COC(Cn4ccnc4)(c4ccc(Cl)cc4Cl)O3)cc2)CC1,XMAYWYJOQHXEEK-UHFFFAOYSA-N,0
CHEMBL312,CHEMBL7976,O=C(C=Cc1ccccc1)c1ccccc1,DQFBYFPFKXHELB-UHFFFAOYSA-N,0
CHEMBL312,CHEMBL17347,CCOC(=O)C=Cc1ccc(O)c(O)c1,WDKYDMULARNCIS-UHFFFAOYSA-N,1
CHEMBL312,CHEMBL3144583,Cn1[nH]c2ccccc2c1=O,FPNXGZRMUROVNY-UHFFFAOYSA-N,1
