target_chembl_id,compound_chembl_id,c_smiles,noiso_InChIKey,active_label
CHEMBL321,CHEMBL67498,O=C(C=Cc1ccc(O)c(O)c1)NCCc1ccccc1,QOWABIXYAFJMQE-UHFFFAOYSA-N,1
CHEMBL321,CHEMBL2,COc1cc2nc(N3CCN(C(=O)c4ccco4)CC3)nc(N)c2cc1OC,IENZQIKPVFGBNW-UHFFFAOYSA-N,1
CHEMBL321,CHEMBL447,C=CCC1(C(C)CCC)C(=O)NC(=O)NC1=O,KQPKPCNLIDLUMF-UHFFFAOYSA-N,1
CHEMBL321,CHEMBL464825,O=c1c2cc(O)c(O)cc2oc2cc(O)c(C3OC(CO)C(O)C(O)C3O)c(O)c12,AEDDIBAIWPIIBD-UHFFFAOYSA-N,1
CHEMBL321,CHEMBL378188,COc1ccc(-c2cc(=O)c3c(O)cc(O)cc3o2)cc1-c1c(O)cc(O)c2c(=O)cc(-c3ccc(O)cc3)oc12,IWEIJEPIYMAGTH-UHFFFAOYSA-N,1
CHEMBL321,CHEMBL93118,Nc1ccc(-c2nc3ccccc3s2)cc1,WKRCOZSCENDENK-UHFFFAOYSA-N,0
CHEMBL321,CHEMBL50,O=c1c(O)c(-c2ccc(O)c(O)c2)oc2cc(O)cc(O)c12,REFJWTPEDVJJIY-UHFFFAOYSA-N,1
CHEMBL321,CHEMBL129795,O=C(C=Cc1ccc(O)cc1)c1ccc(O)cc1O,DXDRHHKMWQZJHT-UHFFFAOYSA-N,1
CHEMBL321,CHEMBL451902,COc1ccc(-c2cc(=O)c3c(O)cc(O)cc3o2)cc1-c1c(O)cc2oc(-c3ccc(O)cc3)cc(=O)c2c1O,ZBOKFHZIWKIWRZ-UHFFFAOYSA-N,0
CHEMBL321,CHEMBL63354,O=c1cc(-c2ccc(O)c(-c3c(O)cc(O)c4c(=O)cc(-c5ccc(O)cc5)oc34)c2)oc2cc(O)cc(O)c12,YUSWMAULDXZHPY-UHFFFAOYSA-N,1
CHEMBL321,CHEMBL63677,O=c1cc(-c2ccc(O)c(-c3c(O)cc4oc(-c5ccc(O)cc5)cc(=O)c4c3O)c2)oc2cc(O)cc(O)c12,BORWSEZUWHQTOK-UHFFFAOYSA-N,0
CHEMBL321,CHEMBL66,O=C1c2c(O)cc(O)cc2OC(c2ccc(O)c(O)c2)C1O,CXQWRCVTCMQVQX-UHFFFAOYSA-N,0
CHEMBL321,CHEMBL2048508,O=C1c2c(O)cc(O)cc2OC(c2cc(O)c(O)c(O)c2)C1O,KJXSIXMJHKAJOD-UHFFFAOYSA-N,0
CHEMBL321,CHEMBL151,O=c1cc(-c2ccc(O)c(O)c2)oc2cc(O)cc(O)c12,IQPNAANSBPBGFQ-UHFFFAOYSA-N,1
CHEMBL321,CHEMBL1532097,O=C(c1c(O)cc(O)cc1O)C1c2c(cc(O)c3c2OC(c2ccc(O)cc2)C(O)C3)OC1c1ccc(O)cc1,YXPCHLHMGOFXRA-UHFFFAOYSA-N,1
CHEMBL321,CHEMBL2048509,COc1cc(C(O)C(CO)Oc2ccc(C=CCO)cc2OC)ccc1O,FYEZJIXULOZDRT-UHFFFAOYSA-N,1
CHEMBL321,CHEMBL504873,CC1OC(OC2C(O)C(COC(=O)C=Cc3ccc(O)c(O)c3)OC(OCCc3ccc(O)c(O)c3)C2O)C(O)C(O)C1O,FNMHEHXNBNCPCI-UHFFFAOYSA-N,0
CHEMBL321,CHEMBL241405,COC(=O)C(Cc1ccc(O)c(O)c1)OC(=O)C=Cc1ccc(O)c(O)c1,XHALVRQBZGZHFE-UHFFFAOYSA-N,1
CHEMBL321,CHEMBL2048505,COC(=O)C(Cc1ccc(O)c(O)c1)OC(=O)C=Cc1ccc(O)c2c1C(C(=O)OC)C(c1ccc(O)c(O)c1)O2,YAXTXMBBIHBGPZ-UHFFFAOYSA-N,1
CHEMBL321,CHEMBL2048502,COC(=O)C1(O)CC(OC(=O)C=Cc2ccc(O)c(O)c2)C(O)C(OC(=O)C=Cc2ccc(O)c(O)c2)C1,VEBNYMXKXIIGFX-UHFFFAOYSA-N,0
CHEMBL321,CHEMBL790,N=C(NCCCCCCNC(=N)NC(=N)Nc1ccc(Cl)cc1)NC(=N)Nc1ccc(Cl)cc1,GHXZTYHSJHQHIJ-UHFFFAOYSA-N,1
CHEMBL321,CHEMBL145,O=C(O)C=Cc1ccc(O)c(O)c1,QAIPRVGONGVQAS-UHFFFAOYSA-N,1
CHEMBL321,CHEMBL2048507,O=C1c2c(O)cc(O)cc2OC2(c3ccc(O)cc3)Oc3cc(O)c4c(c3C12O)OC(c1ccc(O)cc1)CC4,KVPJDVHJFGPPAB-UHFFFAOYSA-N,0
CHEMBL321,CHEMBL71482,CCCCCCC(CC(=O)NO)C(=O)NC(Cc1c[nH]c2ccccc12)C(=O)NC,YSZLQAVPFNEECF-UHFFFAOYSA-N,1
CHEMBL321,CHEMBL500586,COc1ccc(C=CC(=O)OC(C(=O)O)C(O)(Cc2ccc(O)c(O)c2)C(=O)O)cc1O,YVHLLZXSGPDXOA-UHFFFAOYSA-N,0
CHEMBL321,CHEMBL116438,COc1cc(C=CC(=O)C=C(O)C=Cc2ccc(O)c(OC)c2)ccc1O,ZIUSSTSXXLLKKK-UHFFFAOYSA-N,1
CHEMBL321,CHEMBL148118,CC(C)Cc1ccc(C2(C)CCN(C(C)C(=O)NO)C2=O)cc1,NIUYUCAJYPRIRB-UHFFFAOYSA-N,1
CHEMBL321,CHEMBL280998,Oc1ccccc1O,YCIMNLLNPGFGHC-UHFFFAOYSA-N,0
CHEMBL321,CHEMBL476,CN(C)N=Nc1[nH]cnc1C(N)=O,FDKXTQMXEQVLRF-UHFFFAOYSA-N,1
CHEMBL321,CHEMBL220362,CC1CC(O)C2(O)C13CC(OC(=O)C3O)C(C)(O)C21COC1=O,GEVWHIDSUOMVRI-UHFFFAOYSA-N,0
CHEMBL321,CHEMBL85139,O=c1c2ccccc2nc2n1CCc1c-2[nH]c2ccccc12,ACVGWSKVRYFWRP-UHFFFAOYSA-N,0
