target_chembl_id,compound_chembl_id,c_smiles,noiso_InChIKey,active_label
CHEMBL3649,CHEMBL490355,O=C1C(=Cc2ccc(O)c(O)c2)Oc2cc(O)ccc21,RGNXWPVNPFAADO-UHFFFAOYSA-N,1
CHEMBL3649,CHEMBL151,O=c1cc(-c2ccc(O)c(O)c2)oc2cc(O)cc(O)c12,IQPNAANSBPBGFQ-UHFFFAOYSA-N,1
CHEMBL3649,CHEMBL1689269,COc1cc(-c2oc3cc(O)cc(O)c3c(=O)c2OC)cc(O)c1OC,YTYFGDJADQYGLC-UHFFFAOYSA-N,1
CHEMBL3649,CHEMBL351607,COc1c(O)cc2oc(-c3ccc(O)cc3)c(OC)c(=O)c2c1O,DDNPCXHBFYJXBJ-UHFFFAOYSA-N,1
CHEMBL3649,CHEMBL161957,COc1ccc(-c2oc3cc(O)c(OC)c(O)c3c(=O)c2OC)cc1,DWZAJFZEYZIHPO-UHFFFAOYSA-N,1
CHEMBL3649,CHEMBL77686,COc1ccc(-c2oc3cc(OC)cc(O)c3c(=O)c2OC)cc1,WSQWAMGRHJQANC-UHFFFAOYSA-N,1
CHEMBL3649,CHEMBL4294702,COc1cc(O)c2c(=O)c(OC)c(-c3cc(O)c(OC)c(OC)c3)oc2c1,LLDTYMGZAXZDDU-UHFFFAOYSA-N,0
CHEMBL3649,CHEMBL165064,COc1c(-c2ccc(O)cc2)oc2cc(O)cc(O)c2c1=O,VJJZJBUCDWKPLC-UHFFFAOYSA-N,1
CHEMBL3649,CHEMBL521934,COc1ccc(-c2oc3cc(OC)c(OC)c(O)c3c(=O)c2OC)cc1,ADNCDMHZHONBRR-UHFFFAOYSA-N,0
CHEMBL3649,CHEMBL126804,O=C(C=Cc1ccc(O)cc1)c1ccccc1O,FGPJTMCJNPRZGF-UHFFFAOYSA-N,0
CHEMBL3649,CHEMBL105310,O=C(C=Cc1ccccc1)c1ccc(O)cc1O,JUMSUVHHUVPSOY-UHFFFAOYSA-N,0
CHEMBL3649,CHEMBL145927,O=C(C=Cc1ccc(O)cc1)c1ccc(O)cc1,FZQLEXXZAVVCCA-UHFFFAOYSA-N,0
CHEMBL3649,CHEMBL129795,O=C(C=Cc1ccc(O)cc1)c1ccc(O)cc1O,DXDRHHKMWQZJHT-UHFFFAOYSA-N,0
CHEMBL3649,CHEMBL28,O=c1cc(-c2ccc(O)cc2)oc2cc(O)cc(O)c12,KZNIFHPLKGYRTM-UHFFFAOYSA-N,1
CHEMBL3649,CHEMBL147067,O=C(C=Cc1ccccc1O)c1ccccc1,UDOOPSJCRMKSGL-UHFFFAOYSA-N,0
CHEMBL3649,CHEMBL32147,O=C(C=Cc1ccccc1)c1ccccc1O,AETKQQBRKSELEL-UHFFFAOYSA-N,0
CHEMBL3649,CHEMBL283196,O=c1cc(-c2ccccc2)oc2c1ccc1ccccc12,VFMMPHCGEFXGIP-UHFFFAOYSA-N,0
CHEMBL3649,CHEMBL117,O=c1cc(-c2ccccc2)oc2cc(O)cc(O)c12,RTIXKCRFFJGDFG-UHFFFAOYSA-N,1
CHEMBL3649,CHEMBL26260,O=c1cc(-c2ccccc2)oc2ccc3ccccc3c12,OUGIDAPQYNCXRA-UHFFFAOYSA-N,0
CHEMBL3649,CHEMBL465836,O=C(O)C=Cc1ccc(O)c2oc(-c3ccc(O)c(O)c3)cc12,KSKIGSUQYGWNAK-UHFFFAOYSA-N,0
CHEMBL3649,CHEMBL424,O=C(O)c1ccccc1O,YGSDEFSMJLZEOE-UHFFFAOYSA-N,0
CHEMBL3649,CHEMBL222557,O=C(C=Cc1ccc(O)c(O)c1)c1ccc(O)c(O)c1O,GSBNFGRTUCCBTK-UHFFFAOYSA-N,1
CHEMBL3649,CHEMBL128000,O=C(C=Cc1ccc(O)c(O)c1)c1ccc(O)cc1O,AYMYWHCQALZEGT-UHFFFAOYSA-N,1
CHEMBL3649,CHEMBL129510,O=C(C=Cc1ccc(O)c(O)c1)c1ccccc1,HHKVOYUYPYZFHJ-UHFFFAOYSA-N,0
CHEMBL3649,CHEMBL214321,COc1cc(-c2cc(=O)c3c(O)cc(O)cc3o2)ccc1O,SCZVLDHREVKTSH-UHFFFAOYSA-N,0
CHEMBL3649,CHEMBL163316,COc1c(-c2ccc(O)c(O)c2)oc2cc(O)cc(O)c2c1=O,WEPBGSIAWZTEJR-UHFFFAOYSA-N,0
CHEMBL3649,CHEMBL471482,COc1c(-c2ccc(OC3OC(CO)C(O)C(O)C3O)c(O)c2)oc2cc(O)cc(O)c2c1=O,PCBCGLHWIGZJQI-UHFFFAOYSA-N,0
CHEMBL3649,CHEMBL446790,O=C1CC(c2ccc(O)c(O)c2)Oc2c1c(O)cc(O)c2C1C(=O)c2c(O)cc(O)cc2OC1c1ccc(O)cc1,IMIXFUXOSFSXPC-UHFFFAOYSA-N,0
CHEMBL3649,CHEMBL9323,O=C1c2c(O)cc(O)cc2OC(c2ccc(O)cc2)C1O,PADQINQHPQKXNL-UHFFFAOYSA-N,0
CHEMBL3649,CHEMBL233929,O=c1cc(-c2ccc(O)c(O)c2)oc2cc(OC3OC(CO)C(O)C(O)C3O)cc(O)c12,PEFNSGRTCBGNAN-UHFFFAOYSA-N,0
CHEMBL3649,CHEMBL252642,O=C1CC(c2ccc(O)cc2)Oc2cc(O)ccc21,FURUXTVZLHCCNA-UHFFFAOYSA-N,0
CHEMBL3649,CHEMBL243664,COc1ccc(-c2cc(=O)c3c(O)cc(O)cc3o2)cc1,DANYIYRPLHHOCZ-UHFFFAOYSA-N,0
CHEMBL3649,CHEMBL55415,O=c1cc(-c2ccc(O)cc2)oc2cc(O)c(O)c(O)c12,JVXZRQGOGOXCEC-UHFFFAOYSA-N,0
CHEMBL3649,CHEMBL63354,O=c1cc(-c2ccc(O)c(-c3c(O)cc(O)c4c(=O)cc(-c5ccc(O)cc5)oc34)c2)oc2cc(O)cc(O)c12,YUSWMAULDXZHPY-UHFFFAOYSA-N,0
CHEMBL3649,CHEMBL187265,O=c1c2cc(O)c(O)cc2oc2cc(O)cc(O)c12,ZHTQCPCDXKMMLU-UHFFFAOYSA-N,0
CHEMBL3649,CHEMBL16171,COc1c(O)cc(O)c2c(=O)cc(-c3ccccc3)oc12,XLTFNNCXVBYBSX-UHFFFAOYSA-N,0
CHEMBL3649,CHEMBL170405,O=c1c(O)c(-c2cc(O)c(O)c(O)c2)oc2cc(O)ccc12,SOEDEYVDCDYMMH-UHFFFAOYSA-N,1
CHEMBL3649,CHEMBL44,O=c1c(-c2ccc(O)cc2)coc2cc(O)cc(O)c12,TZBJGXHYKVUXJN-UHFFFAOYSA-N,1
CHEMBL3649,CHEMBL462894,COC(=O)C1=COC(OC2OC(CO)C(O)C(O)C2O)C2C(CO)=CCC12,IBFYXTRXDNAPMM-UHFFFAOYSA-N,0
CHEMBL3649,CHEMBL5190315,COC(=O)C1=COC(OC2OC(CO)C(O)C(O)C2O)C2C1CC1OC12CO,JJVJSIBMTMIANL-UHFFFAOYSA-N,0
CHEMBL3649,CHEMBL460031,O=C(O)C1=COC(OC2OC(CO)C(O)C(O)C2O)C2C(CO)=CCC12,ZJDOESGVOWAULF-UHFFFAOYSA-N,0
CHEMBL3649,CHEMBL5182322,COC(=O)C1=COC(O)C2C(CO)=CCC12,AZKVWQKMDGGDSV-UHFFFAOYSA-N,0
