target_chembl_id,compound_chembl_id,c_smiles,noiso_InChIKey,active_label
CHEMBL1841,CHEMBL2002702,Cc1cc(C)c(C=C2C(=O)Nc3ccccc32)[nH]1,WUWDLXZGHZSWQZ-UHFFFAOYSA-N,1
CHEMBL1841,CHEMBL281948,COC(=O)C1(O)CC2OC1(C)n1c3ccccc3c3c4c(c5c6ccccc6n2c5c31)C(=O)NC4,KOZFSFOOLUUIGY-UHFFFAOYSA-N,0
CHEMBL1841,CHEMBL283120,COc1cc(C2c3cc4c(cc3C(O)C3COC(=O)C23)OCO4)cc(OC)c1OC,YJGVMLPVUAXIQN-UHFFFAOYSA-N,0
CHEMBL1841,CHEMBL1236962,COc1ncc(-c2ccc3nccc(-c4ccnnc4)c3c2)cc1NS(=O)(=O)c1ccc(F)cc1F,CGBJSGAELGCMKE-UHFFFAOYSA-N,0
CHEMBL1841,CHEMBL44,O=c1c(-c2ccc(O)cc2)coc2cc(O)cc(O)c12,TZBJGXHYKVUXJN-UHFFFAOYSA-N,0
CHEMBL1841,CHEMBL269538,COc1ccc2c(c1)[nH]c1c(C)nccc12,BXNJHAXVSOCGBA-UHFFFAOYSA-N,0
CHEMBL1841,CHEMBL59,NCCc1ccc(O)c(O)c1,VYFYYTLLBUKUHU-UHFFFAOYSA-N,0
CHEMBL1841,CHEMBL164585,O=C(O)c1ccsc1,YNVOMSDITJMNET-UHFFFAOYSA-N,1
CHEMBL1841,CHEMBL319244,O=C(C=Cc1ccc(O)c(O)c1)OCCc1ccccc1,SWUARLUWKZWEBQ-UHFFFAOYSA-N,1
CHEMBL1841,CHEMBL1276308,CC#CC1(O)CCC2C3CCC4=CC(=O)CCC4=C3C(c3ccc(N(C)C)cc3)CC21C,VKHAHZOOUSRJNA-UHFFFAOYSA-N,0
CHEMBL1841,CHEMBL459,CC(N)(Cc1ccc(O)c(O)c1)C(=O)O,CJCSPKMFHVPWAR-UHFFFAOYSA-N,1
CHEMBL1841,CHEMBL17157,CC(C)(C)c1ccc(C(O)CCCN2CCC(C(O)(c3ccccc3)c3ccccc3)CC2)cc1,GUGOEEXESWIERI-UHFFFAOYSA-N,1
CHEMBL1841,CHEMBL280998,Oc1ccccc1O,YCIMNLLNPGFGHC-UHFFFAOYSA-N,0
CHEMBL1841,CHEMBL417,COc1cccc2c1C(=O)c1c(O)c3c(c(O)c1C2=O)CC(O)(C(=O)CO)CC3OC1CC(N)C(O)C(C)O1,AOJJSUZBOXZQNB-UHFFFAOYSA-N,1
CHEMBL1841,CHEMBL31184,c1ccc2c(c1)cc1ccc3cccc4ccc2c1c34,FMMWHPNWAFZXNH-UHFFFAOYSA-N,0
CHEMBL1841,CHEMBL442,CN1CC(C(=O)NC2(C)OC3(O)C4CCCN4C(=O)C(Cc4ccccc4)N3C2=O)C=C2c3cccc4[nH]cc(c34)CC21,XCGSFFUVFURLIX-UHFFFAOYSA-N,1
CHEMBL1841,CHEMBL307145,Oc1cccc(O)c1O,WQGWDDDVZFFDIG-UHFFFAOYSA-N,1
CHEMBL1841,CHEMBL91,Clc1ccc(COC(Cn2ccnc2)c2ccc(Cl)cc2Cl)c(Cl)c1,BYBLEWFAAKGYCD-UHFFFAOYSA-N,1
CHEMBL1841,CHEMBL1009,NC(Cc1ccc(O)c(O)c1)C(=O)O,WTDRDQBEARUVNC-UHFFFAOYSA-N,1
CHEMBL1841,CHEMBL954,CCN(CC)CCOc1ccc(C(=C(Cl)c2ccccc2)c2ccccc2)cc1,GKIRPKYJQBWNGO-UHFFFAOYSA-N,1
CHEMBL1841,CHEMBL26260,O=c1cc(-c2ccccc2)oc2ccc3ccccc3c12,OUGIDAPQYNCXRA-UHFFFAOYSA-N,1
CHEMBL1841,CHEMBL282575,CC12CCC3c4ccc(OC(=O)c5ccccc5)cc4CCC3C1CCC2O,UYIFTLBWAOGQBI-UHFFFAOYSA-N,0
CHEMBL1841,CHEMBL83,CCC(=C(c1ccccc1)c1ccc(OCCN(C)C)cc1)c1ccccc1,NKANXQFJJICGDU-UHFFFAOYSA-N,1
CHEMBL1841,CHEMBL496,Oc1c(Cl)cc(Cl)c(Cl)c1Cc1c(O)c(Cl)cc(Cl)c1Cl,ACGUYXCXAPNIKK-UHFFFAOYSA-N,1
CHEMBL1841,CHEMBL64391,CCC(C)n1ncn(-c2ccc(N3CCN(c4ccc(OCC5COC(Cn6cncn6)(c6ccc(Cl)cc6Cl)O5)cc4)CC3)cc2)c1=O,VHVPQPYKVGDNFY-UHFFFAOYSA-N,1
CHEMBL1841,CHEMBL1306,CC(C)N1CCN(c2ccc(OCC3COC(Cn4cncn4)(c4ccc(Cl)cc4Cl)O3)cc2)CC1,BLSQLHNBWJLIBQ-UHFFFAOYSA-N,1
CHEMBL1841,CHEMBL104,Clc1ccccc1C(c1ccccc1)(c1ccccc1)n1ccnc1,VNFPBHJOKIVQEB-UHFFFAOYSA-N,0
CHEMBL1841,CHEMBL81,O=C(c1ccc(OCCN2CCCCC2)cc1)c1c(-c2ccc(O)cc2)sc2cc(O)ccc12,GZUITABIAKMVPG-UHFFFAOYSA-N,1
CHEMBL1841,CHEMBL411,CCC(=C(CC)c1ccc(O)cc1)c1ccc(O)cc1,RGLYKWWBQGJZGM-UHFFFAOYSA-N,0
CHEMBL1841,CHEMBL71,CN(C)CCCN1c2ccccc2Sc2ccc(Cl)cc21,ZPEIMTDSQAKGNT-UHFFFAOYSA-N,1
