target_chembl_id,compound_chembl_id,c_smiles,noiso_InChIKey,active_label
CHEMBL5282,CHEMBL6200,c1cncc(C2CCCN2)c1,MYKUKUCHPMASKF-UHFFFAOYSA-N,0
CHEMBL5282,CHEMBL440464,CN1CCCC1c1cccnc1,SNICXCGAKADSCV-UHFFFAOYSA-N,0
CHEMBL5282,CHEMBL385517,N#CC1CC2CC2N1C(=O)C(N)C12CC3CC(CC(O)(C3)C1)C2,QGJUIPDUBHWZPV-UHFFFAOYSA-N,0
CHEMBL5282,CHEMBL3989843,NC1CC1c1ccccc1,AELCINSCMGFISI-UHFFFAOYSA-N,1
CHEMBL5282,CHEMBL195338,Clc1cccc2ccccc12,JTPNRXUCIXHOKM-UHFFFAOYSA-N,0
CHEMBL5282,CHEMBL549472,CCCCCCCCCC(O)CC(=O)CCc1ccc(O)c(OC)c1,AIULWNKTYPZYAN-UHFFFAOYSA-N,0
CHEMBL5282,CHEMBL373024,Cc1ccc2cccc(C)c2c1,SPUWFVKLHHEKGV-UHFFFAOYSA-N,0
CHEMBL5282,CHEMBL1095671,CCCCCCCC(O)CC(=O)CCc1ccc(O)c(OC)c1,BCIWKKMTBRYQJU-UHFFFAOYSA-N,0
CHEMBL5282,CHEMBL151649,S=C=NCCc1ccccc1,IZJDOKYDEWTZSO-UHFFFAOYSA-N,1
CHEMBL5282,CHEMBL190982,Clc1ccc(Cl)cc1,OCJBOOLMMGQPQU-UHFFFAOYSA-N,0
CHEMBL5282,CHEMBL664,CN1C(=O)CCC1c1cccnc1,UIKROCXWUNQSPJ-UHFFFAOYSA-N,0
CHEMBL5282,CHEMBL14126,Oc1ccc2ccccc2c1,JWAZRIHNYRIHIV-UHFFFAOYSA-N,0
CHEMBL5282,CHEMBL1522900,Cc1coc2c1CCC(C)C2,YGWKXXYGDYYFJU-UHFFFAOYSA-N,1
CHEMBL5282,CHEMBL416,COc1c2occc2cc2ccc(=O)oc12,QXKHYNVANLEOEG-UHFFFAOYSA-N,1
CHEMBL5282,CHEMBL25948,CCCCCC=CC(=O)CCc1ccc(O)c(OC)c1,OQWKEEOHDMUXEO-UHFFFAOYSA-N,0
CHEMBL5282,CHEMBL194983,Cc1ccc2cc(C)ccc2c1,YGYNBBAUIYTWBF-UHFFFAOYSA-N,1
CHEMBL5282,CHEMBL122617,Oc1cccc2ccccc12,KJCVRFUGPWSIIH-UHFFFAOYSA-N,0
CHEMBL5282,CHEMBL382541,Cc1ccc2ccccc2c1C,QNLZIZAQLLYXTC-UHFFFAOYSA-N,0
CHEMBL5282,CHEMBL194931,Cc1ccc2ccccc2n1,SMUQFGGVLNAIOZ-UHFFFAOYSA-N,0
CHEMBL5282,CHEMBL3358215,O=Cc1ccc2occc2c1,LLLBDLDNTMMZHL-UHFFFAOYSA-N,1
CHEMBL5282,CHEMBL2071440,CCCCCCCC(=O)CCc1ccc(O)c(OC)c1,CZNLTCTYLMYLHL-UHFFFAOYSA-N,0
CHEMBL5282,CHEMBL195857,COc1ccc2ccccc2c1,LUZDYPLAQQGJEA-UHFFFAOYSA-N,0
CHEMBL5282,CHEMBL190927,Cc1ccc(C=O)cc1,FXLOVSHXALFLKQ-UHFFFAOYSA-N,1
CHEMBL5282,CHEMBL191667,Cc1cc2ccccc2cn1,FVVXWRGARUACNW-UHFFFAOYSA-N,0
CHEMBL5282,CHEMBL195036,Cc1ccc2ccc(C)cc2c1,LRQYSMQNJLZKPS-UHFFFAOYSA-N,1
CHEMBL5282,CHEMBL370524,Cc1cc(C)c2ccccc2c1,QHJMFSMPSZREIF-UHFFFAOYSA-N,1
CHEMBL5282,CHEMBL383808,Cc1cccc2ccccc12,QPUYECUOLPXSFR-UHFFFAOYSA-N,0
CHEMBL5282,CHEMBL194502,Cc1ccc2nc(C)ccc2c1,JJPSZKIOGBRMHK-UHFFFAOYSA-N,0
CHEMBL5282,CHEMBL16293,c1ccc2ccccc2c1,UFWIBTONFRDIAS-UHFFFAOYSA-N,0
CHEMBL5282,CHEMBL405,CC(N)Cc1ccccc1,KWTSXDURSIMDCE-UHFFFAOYSA-N,1
CHEMBL5282,CHEMBL46730,c1ccc2c(c1)ccc1ccccc12,YNPNZTXNASCQKK-UHFFFAOYSA-N,0
CHEMBL5282,CHEMBL190461,C=C(C)C1CCC(C)=CC1c1c(O)cc(CCCCC)cc1O,QHMBSVQNZZTUGM-UHFFFAOYSA-N,0
CHEMBL5282,CHEMBL363803,Cc1ccc2c(C)cccc2c1,CBMXCNPQDUJNHT-UHFFFAOYSA-N,0
CHEMBL5282,CHEMBL15972,O=Cc1ccccc1,HUMNYLRZRPPJDN-UHFFFAOYSA-N,1
CHEMBL5282,CHEMBL283196,O=c1cc(-c2ccccc2)oc2c1ccc1ccccc12,VFMMPHCGEFXGIP-UHFFFAOYSA-N,0
CHEMBL5282,CHEMBL195895,Cc1ccc2ccccc2c1,QIMMUPPBPVKWKM-UHFFFAOYSA-N,1
CHEMBL5282,CHEMBL195661,Cc1cnc2ccccc2c1,DTBDAFLSBDGPEA-UHFFFAOYSA-N,0
CHEMBL5282,CHEMBL194876,Cc1ccc2ccc(C)nc2c1,QXKPLNCZSFACPU-UHFFFAOYSA-N,0
CHEMBL5282,CHEMBL117,O=c1cc(-c2ccccc2)oc2cc(O)cc(O)c12,RTIXKCRFFJGDFG-UHFFFAOYSA-N,0
CHEMBL5282,CHEMBL435106,Cc1cccc2c(C)cccc12,SDDBCEWUYXVGCQ-UHFFFAOYSA-N,0
CHEMBL5282,CHEMBL372646,Clc1ccc2ccccc2c1,CGYGETOMCSJHJU-UHFFFAOYSA-N,1
CHEMBL5282,CHEMBL26260,O=c1cc(-c2ccccc2)oc2ccc3ccccc3c12,OUGIDAPQYNCXRA-UHFFFAOYSA-N,0
CHEMBL5282,CHEMBL103299,Cc1ccc(CCN)cc1,VKJXAQYPOTYDLO-UHFFFAOYSA-N,1
CHEMBL5282,CHEMBL161598,COc1ccc(C=O)cc1,ZRSNZINYAWTAHE-UHFFFAOYSA-N,1
CHEMBL5282,CHEMBL610,NCCc1ccccc1,BHHGXPLMPWCGHP-UHFFFAOYSA-N,1
CHEMBL5282,CHEMBL1526229,c1cncc(C2CCCCN2)c1,MTXSIJUGVMTTMU-UHFFFAOYSA-N,0
CHEMBL5282,CHEMBL3640772,C1=CCC(c2cccnc2)NC1,SOPPBXUYQGUQHE-UHFFFAOYSA-N,0
CHEMBL5282,CHEMBL550,CCC1C(=O)OCC1Cc1cncn1C,QCHFTSOMWOSFHM-UHFFFAOYSA-N,1
CHEMBL5282,CHEMBL164660,O=c1ccc2cc3ccoc3cc2o1,ZCCUUQDIBDJBTK-UHFFFAOYSA-N,1
CHEMBL5282,CHEMBL577397,COc1c(-c2ccc3c(c2)OCO3)oc2c(ccc3occc32)c1=O,IGFBIJDAWSAJIF-UHFFFAOYSA-N,0
CHEMBL5282,CHEMBL6640,NCCc1c[nH]c2ccccc12,APJYDQYYACXCRM-UHFFFAOYSA-N,1
CHEMBL5282,CHEMBL242711,O=c1ccc2c(O)c3ccoc3cc2o1,GIJHDGJRTUSBJR-UHFFFAOYSA-N,0
CHEMBL5282,CHEMBL64,NNC(=O)c1ccncc1,QRXWMOHMRWLFEY-UHFFFAOYSA-N,0
CHEMBL5282,CHEMBL24171,COc1c2ccoc2cc2oc(=O)ccc12,BGEBZHIAGXMEMV-UHFFFAOYSA-N,0
