target_chembl_id,compound_chembl_id,c_smiles,noiso_InChIKey,active_label
CHEMBL3072,CHEMBL27769,CC12CCC3C(CCC4CC(=O)CCC43C)C1CCC2O,NVKAWKQGWWIWPM-UHFFFAOYSA-N,1
CHEMBL3072,CHEMBL418971,CC(C)(c1ccc(O)cc1)c1ccc(O)cc1,IISBACLAFKSPIT-UHFFFAOYSA-N,0
CHEMBL3072,CHEMBL1276308,CC#CC1(O)CCC2C3CCC4=CC(=O)CCC4=C3C(c3ccc(N(C)C)cc3)CC21C,VKHAHZOOUSRJNA-UHFFFAOYSA-N,1
CHEMBL3072,CHEMBL1563246,CC(=O)C1CCC2C3CCC4=CC(=O)CCC4(C)C3C(O)CC12C,BFZHCUBIASXHPK-UHFFFAOYSA-N,1
CHEMBL3072,CHEMBL1390,CC(=O)C1(O)CCC2C3CC(C)C4=CC(=O)CCC4(C)C3CCC21C,FRQMUZJSZHZSGN-UHFFFAOYSA-N,1
CHEMBL3072,CHEMBL386630,CC12CCC(=O)C=C1CCC1C2CCC2(C)C(O)CCC12,MUMGGOZAMZWBJJ-UHFFFAOYSA-N,1
CHEMBL3072,CHEMBL1201151,C#CC1(O)CCC2C3CCc4cc(OC)ccc4C3CCC21C,IMSSROKUHAOUJS-UHFFFAOYSA-N,1
CHEMBL3072,CHEMBL384467,CC1CC2C3CCC4=CC(=O)C=CC4(C)C3(F)C(O)CC2(C)C1(O)C(=O)CO,UREBDLICKHMUKA-UHFFFAOYSA-N,0
CHEMBL3072,CHEMBL1201139,CC(=O)OC1(C(C)=O)CCC2C3C=C(C)C4=CC(=O)CCC4(C)C3CCC21C,RQZAXGRLVPAYTJ-UHFFFAOYSA-N,1
CHEMBL3072,CHEMBL1230438,CC12CCC3C(CCC4CC(=O)CCC43C)C1CCC2=O,RAJWOBJTTGJROA-UHFFFAOYSA-N,1
CHEMBL3072,CHEMBL757,CC12CCC3C4CCC(=O)C=C4CCC3C1CCC2O,NPAGDVCDWIYMMC-UHFFFAOYSA-N,1
CHEMBL3072,CHEMBL2079587,CC12Cc3c[nH]nc3CC1CCC1C2CCC2(C)C1CCC2(C)O,LKAJKIOFIWVMDJ-UHFFFAOYSA-N,1
CHEMBL3072,CHEMBL1062,CC(=O)C1(O)CCC2C3CCC4=CC(=O)CCC4(C)C3CCC21C,DBPWSSGDRRHUNT-UHFFFAOYSA-N,1
CHEMBL3072,CHEMBL103,CC(=O)C1CCC2C3CCC4=CC(=O)CCC4(C)C3CCC12C,RJKFOVLPORLFTN-UHFFFAOYSA-N,1
CHEMBL3072,CHEMBL717,CC(=O)OC1(C(C)=O)CCC2C3CC(C)C4=CC(=O)CCC4(C)C3CCC21C,PSGAAPLEWMOORI-UHFFFAOYSA-N,1
CHEMBL3072,CHEMBL91,Clc1ccc(COC(Cn2ccnc2)c2ccc(Cl)cc2Cl)c(Cl)c1,BYBLEWFAAKGYCD-UHFFFAOYSA-N,1
CHEMBL3072,CHEMBL650,CC1CC2C(C(O)CC3(C)C2CCC3(O)C(=O)CO)C2(C)C=CC(=O)C=C12,VHRSUDSXCMQTMA-UHFFFAOYSA-N,0
CHEMBL3072,CHEMBL503,CCC(C)C(=O)OC1CC(C)C=C2C=CC(C)C(CCC3CC(O)CC(=O)O3)C21,PCZOHLXUXFIOCF-UHFFFAOYSA-N,0
CHEMBL3072,CHEMBL1479,C#CC1(O)CCC2C3CCC4=Cc5oncc5CC4(C)C3CCC21C,POZRVZJJTULAOH-UHFFFAOYSA-N,1
CHEMBL3072,CHEMBL493,CC(C)CC1C(=O)N2CCCC2C2(O)OC(NC(=O)C3C=C4c5cccc6[nH]c(Br)c(c56)CC4N(C)C3)(C(C)C)C(=O)N12,OZVBMTJYIDMWIL-UHFFFAOYSA-N,1
CHEMBL3072,CHEMBL274826,CC12CCC3C(CCC4=CC(=O)CCC43C)C1CCC2=O,AEMFNILZOJDQLW-UHFFFAOYSA-N,1
CHEMBL3072,CHEMBL282575,CC12CCC3c4ccc(OC(=O)c5ccccc5)cc4CCC3C1CCC2O,UYIFTLBWAOGQBI-UHFFFAOYSA-N,1
CHEMBL3072,CHEMBL83,CCC(=C(c1ccccc1)c1ccc(OCCN(C)C)cc1)c1ccccc1,NKANXQFJJICGDU-UHFFFAOYSA-N,0
CHEMBL3072,CHEMBL496,Oc1c(Cl)cc(Cl)c(Cl)c1Cc1c(O)c(Cl)cc(Cl)c1Cl,ACGUYXCXAPNIKK-UHFFFAOYSA-N,1
CHEMBL3072,CHEMBL1395,CC12CCC(=O)C=C1CCC1C2CCC2(C)C1CCC2(C)O,GCKMFJBGXUYNAG-UHFFFAOYSA-N,1
CHEMBL3072,CHEMBL421,O=C(O)c1cc(N=Nc2ccc(S(=O)(=O)Nc3ccccn3)cc2)ccc1O,NCEXYHBECQHGNR-UHFFFAOYSA-N,0
CHEMBL3072,CHEMBL691,C#CC1(O)CCC2C3CCc4cc(O)ccc4C3CCC21C,BFPYWIDHMRZLRN-UHFFFAOYSA-N,1
CHEMBL3072,CHEMBL3039217,CC(C)c1ccc2c(c1O)CCC1C3=C(CCC21C)C(=O)OC3,KPXIBWGPZSPABK-UHFFFAOYSA-N,1
CHEMBL3072,CHEMBL440283,CC12CCC(O)CC1=CCC1C2CCC2(C)C(O)CCC12,QADHLRWLCPCEKT-UHFFFAOYSA-N,1
CHEMBL3072,CHEMBL7976,O=C(C=Cc1ccccc1)c1ccccc1,DQFBYFPFKXHELB-UHFFFAOYSA-N,0
CHEMBL3072,CHEMBL194805,CC(C)(c1ccccc1)c1ccc(O)cc1,QBDSZLJBMIMQRS-UHFFFAOYSA-N,0
CHEMBL3072,CHEMBL325372,COC(=O)c1ccc(O)cc1,LXCFILQKKLGQFO-UHFFFAOYSA-N,0
CHEMBL3072,CHEMBL193482,CC12CCC3c4ccc(O)cc4CCC3C1CC(O)C2O,PROQIPRRNZUXQM-UHFFFAOYSA-N,0
CHEMBL3072,CHEMBL198877,Oc1ccc(C2COc3cc(O)ccc3C2)cc1,ADFCQWZHKCXPAJ-UHFFFAOYSA-N,0
CHEMBL3072,CHEMBL90039,O=C(c1ccccc1)c1ccccc1,RWCCWEUUXYIKHB-UHFFFAOYSA-N,0
CHEMBL3072,CHEMBL112570,CC(C)CCCC(C)C1CCC2C3CC=C4CC(O)CCC4(C)C3CCC12C,HVYWMOMLDIMFJA-UHFFFAOYSA-N,0
CHEMBL3072,CHEMBL195953,ClC1=C(Cl)C2(Cl)C3C4C=CC(C4)C3C1(Cl)C2(Cl)Cl,QBYJBZPUGVGKQQ-UHFFFAOYSA-N,0
CHEMBL3072,CHEMBL195693,CCC(C)(C)c1ccc(O)cc1,NRZWYNLTFLDQQX-UHFFFAOYSA-N,0
CHEMBL3072,CHEMBL29398,CCC(C)c1ccc(O)cc1,ZUTYZAFDFLLILI-UHFFFAOYSA-N,0
CHEMBL3072,CHEMBL2355051,CCN(CC)CCOc1ccc(C(=C(Cl)c2ccccc2)c2ccccc2)cc1,GKIRPKYJQBWNGO-UHFFFAOYSA-N,0
CHEMBL3072,CHEMBL16217,CC(C)(C)c1ccc(O)cc1,QHPQWRBYOIRBIT-UHFFFAOYSA-N,0
CHEMBL3072,CHEMBL261406,CC12CCCC1C1CCc3cc(O)ccc3C1CC2,HJKVPZJVBHWFCQ-UHFFFAOYSA-N,0
CHEMBL3072,CHEMBL389621,CC12CCC(=O)C=C1CCC1C2C(O)CC2(C)C1CCC2(O)C(=O)CO,JYGXADMDTFJGBT-UHFFFAOYSA-N,0
CHEMBL3072,CHEMBL194532,CC12CCC3C(CCC4CC(O)CCC43C)C1CCC2O,CBMYJHIOYJEBSB-UHFFFAOYSA-N,1
CHEMBL3072,CHEMBL13883,COc1cc(C=O)ccc1O,MWOOGOJBHIARFG-UHFFFAOYSA-N,0
CHEMBL3072,CHEMBL194014,CCCOC(=O)c1ccc(O)cc1,QELSKZZBTMNZEB-UHFFFAOYSA-N,0
CHEMBL3072,CHEMBL87285,CC12CCC3C(CCC4CC(O)CCC43C)C1CCC2=O,QGXBDMJGAMFCBF-UHFFFAOYSA-N,0
CHEMBL3072,CHEMBL274318,O=C1CC(c2ccccc2)Oc2ccccc21,ZONYXWQDUYMKFB-UHFFFAOYSA-N,0
CHEMBL3072,CHEMBL362919,COc1ccc(C(c2ccc(OC)cc2)C(Cl)(Cl)Cl)cc1,IAKOZHOLGAGEJT-UHFFFAOYSA-N,0
CHEMBL3072,CHEMBL41172,Oc1cccc(Cl)c1,HORNXRXVQWOLPJ-UHFFFAOYSA-N,0
CHEMBL3072,CHEMBL110739,CC12CCC(=O)C=C1CCC1C2C(O)CC2(C)C(C(=O)CO)CCC12,OMFXVFTZEKFJBZ-UHFFFAOYSA-N,0
CHEMBL3072,CHEMBL15891,ClC1C(Cl)C(Cl)C(Cl)C(Cl)C1Cl,JLYXXMFPNIAWKQ-UHFFFAOYSA-N,0
CHEMBL3072,CHEMBL1387,C#CC1(O)CCC2C3CCC4=C(CCC(=O)C4)C3CCC21C,ICTXHFFSOAJUMG-UHFFFAOYSA-N,1
CHEMBL3072,CHEMBL194399,O=S1OCC2C(CO1)C1(Cl)C(Cl)=C(Cl)C2(Cl)C1(Cl)Cl,RDYMFSUJUZBWLH-UHFFFAOYSA-N,0
CHEMBL3072,CHEMBL138649,O=c1cc(-c2ccccc2)oc2ccc(O)cc12,GPZYYYGYCRFPBU-UHFFFAOYSA-N,0
CHEMBL3072,CHEMBL269003,CC(=C(C)c1ccc(O)cc1)c1ccc(O)cc1,XPINIPXARSNZDM-UHFFFAOYSA-N,0
CHEMBL3072,CHEMBL153062,CCCCCCCCCc1ccc(O)cc1,IGFHQQFPSIBGKE-UHFFFAOYSA-N,0
CHEMBL3072,CHEMBL131,CC12C=CC(=O)C=C1CCC1C2C(O)CC2(C)C1CCC2(O)C(=O)CO,OIGNJSKKLXVSLS-UHFFFAOYSA-N,0
CHEMBL3072,CHEMBL276915,O=c1cc(-c2ccccc2)oc2cc(O)ccc12,MQGPSCMMNJKMHQ-UHFFFAOYSA-N,0
CHEMBL3072,CHEMBL275638,O=c1cc(-c2ccccc2)oc2ccccc12,VHBFFQKBGNRLFZ-UHFFFAOYSA-N,0
CHEMBL3072,CHEMBL196590,Clc1ccc(C(c2ccc(Cl)cc2)C(Cl)Cl)cc1,AHJKRLASYNVKDZ-UHFFFAOYSA-N,0
CHEMBL3072,CHEMBL30707,O=c1oc2cc(O)ccc2c2oc3cc(O)ccc3c12,ZZIALNLLNHEQPJ-UHFFFAOYSA-N,0
CHEMBL3072,CHEMBL445206,CC=Cc1ccc(O)c(OC)c1,BJIOGJUNALELMI-UHFFFAOYSA-N,0
CHEMBL3072,CHEMBL273453,CC12CCC(=O)C=C1CCC1C2C(O)CC2(C=O)C(C(=O)CO)CCC12,PQSUYGKTWSAVDQ-UHFFFAOYSA-N,0
CHEMBL3072,CHEMBL1170,CCC(=O)OC1CCC2C3CCC4=CC(=O)CCC4(C)C3CCC12C,PDMMFKSKQVNJMI-UHFFFAOYSA-N,1
CHEMBL3072,CHEMBL363554,CC12CCC3C(CC=C4CC(O)CCC43C)C1CCC2=O,FMGSKLZLMKYGDP-UHFFFAOYSA-N,0
CHEMBL3072,CHEMBL411,CCC(=C(CC)c1ccc(O)cc1)c1ccc(O)cc1,RGLYKWWBQGJZGM-UHFFFAOYSA-N,0
CHEMBL3072,CHEMBL44,O=c1c(-c2ccc(O)cc2)coc2cc(O)cc(O)c12,TZBJGXHYKVUXJN-UHFFFAOYSA-N,0
