target_chembl_id,compound_chembl_id,c_smiles,noiso_InChIKey,active_label
CHEMBL3180,CHEMBL3632946,CCOC(C)(C)C(O)C(O)CC(C)C1=C2CC(O)C3C4(C)CCC(=O)C(C)(C)C4CCC3(C)C2(C)CC1,QVVRXENOONWNGX-UHFFFAOYSA-N,1
CHEMBL3180,CHEMBL3632941,CC(CC(=O)C(O)C(C)(C)O)C1=C2C=CC3C4(C)CCC(=O)C(C)(C)C4CCC3(C)C2(C)CC1=O,GHJSMGTZWLBPHU-UHFFFAOYSA-N,1
CHEMBL3180,CHEMBL187460,CC1COC2=C1C(=O)C(=O)c1c2ccc2c1CCCC2(C)C,GVKKJJOMQCNPGB-UHFFFAOYSA-N,1
CHEMBL3180,CHEMBL3632943,CC(=O)OC(CC(C)C1=C2C=CC3C4(C)CCC(=O)C(C)(C)C4CCC3(C)C2(C)CC1=O)C(O)C(C)(C)O,QFRHSOZLXIIAOY-UHFFFAOYSA-N,0
CHEMBL3180,CHEMBL3632958,C=C(C)C(O)C1CC(C)C2=C3CC(O)C4C5(C)CCC(=O)C(C)(C)C5CCC4(C)C3(C)CC2O1,MRBFVJVQQIVGMY-UHFFFAOYSA-N,1
CHEMBL3180,CHEMBL3632942,C=C(C)C(O)C(O)CC(C)C1=C2C=CC3C4(C)CCC(=O)C(C)(C)C4CCC3(C)C2(C)CC1=O,MPDDCFALNXXKHF-UHFFFAOYSA-N,1
CHEMBL3180,CHEMBL3632954,CC(CC(O)C(O)C(C)(C)O)C1=C2CCC3C4(C)CCC(=O)C(C)(C)C4CCC3(C)C2(C)CC1,CXFVPKAJKNKSNF-UHFFFAOYSA-N,1
CHEMBL3180,CHEMBL3632956,CC1CC(C(O)C(C)(C)O)OC2CC3(C)C(=C12)C=CC1C2(C)CCC(=O)C(C)(C)C2CCC13C,ZQFQEWOYCZTQFY-UHFFFAOYSA-N,0
CHEMBL3180,CHEMBL841,CN(C)C(=O)C(CCN1CCC(O)(c2ccc(Cl)cc2)CC1)(c1ccccc1)c1ccccc1,RDOIQAHITMMDAJ-UHFFFAOYSA-N,1
CHEMBL3180,CHEMBL190677,O=C(c1ccccc1)C(O)c1ccccc1,ISAOCJYIOMOJEB-UHFFFAOYSA-N,1
CHEMBL3180,CHEMBL3632950,CC1=CC(=O)CC2(C)C1CCC1(C)C2C(O)CC2=C(C(C)CC(O)C(O)C(C)(C)O)CCC21C,DCYOPZMJKBYLCO-UHFFFAOYSA-N,1
CHEMBL3180,CHEMBL493512,CC1(C(=O)O)CCC2(C)CCC3(C)C(=CC(=O)C4C5(C)CCC(=O)C(C)(C)C5CCC43C)C2C1,QGWDYPREORDRIT-UHFFFAOYSA-N,0
CHEMBL3180,CHEMBL230006,CC1(C(=O)O)CCC2(C)CCC3(C)C(=CC(=O)C4C5(C)CCC(O)C(C)(C)C5CCC43C)C2C1,MPDGHEJMBKOTSU-UHFFFAOYSA-N,0
CHEMBL3180,CHEMBL371371,CC1CCC(=O)C1=O,OACYKCIZDVVNJL-UHFFFAOYSA-N,0
CHEMBL3180,CHEMBL363186,CC1C(=O)CCC1=O,HXZILEQYFQYQCE-UHFFFAOYSA-N,0
CHEMBL3180,CHEMBL8320,O=C1C=CC(=O)C=C1,AZQWKYJCGOJGHM-UHFFFAOYSA-N,0
CHEMBL3180,CHEMBL365982,OC(c1ccccc1)C(O)c1ccccc1,IHPDTPWNFBQHEB-UHFFFAOYSA-N,0
CHEMBL3180,CHEMBL90039,O=C(c1ccccc1)c1ccccc1,RWCCWEUUXYIKHB-UHFFFAOYSA-N,0
CHEMBL3180,CHEMBL207413,CC(=O)OC1CCC2(C)C(CCC3(C)C2C(=O)C=C2C4CC(C)(C(=O)O)CCC4(C)CCC23C)C1(C)C,FTQDJVZNPJRVPG-UHFFFAOYSA-N,0
CHEMBL3180,CHEMBL1271483,COC(=O)C1(C)CCC2(C)CCC3(C)C(=CC(=O)C4C5(C)CCC(O)C(C)(C)C5CCC43C)C2C1,RMIVRCBSQPCSCQ-UHFFFAOYSA-N,1
CHEMBL3180,CHEMBL3775913,CC1(C(=O)O)CCC2(C)CCC3(C)C(=CCC4C5(C)CCC(=O)C(C)(C)C5CCC43C)C2C1,CGZZFWMLSVHLFZ-UHFFFAOYSA-N,0
CHEMBL3180,CHEMBL1551302,COc1cc2c(cc1CC=C(C)C)C(=O)CC(c1ccc(O)cc1)O2,VOCGSQHKPZSIKB-UHFFFAOYSA-N,1
CHEMBL3180,CHEMBL192039,O=C(C(=O)c1ccc(O)cc1O)c1ccc(O)cc1O,NGWYJYHAFLMHNW-UHFFFAOYSA-N,1
CHEMBL3180,CHEMBL487933,CC1(C(=O)O)CCC2(C)CCC3(C)C(=CCC4C5(C)CCC(O)C(C)(C)C5CCC43C)C2C1,JZFSMVXQUWRSIW-UHFFFAOYSA-N,1
CHEMBL3180,CHEMBL371523,O=C(CC(=O)c1ccccc1)c1ccccc1,NZZIMKJIVMHWJC-UHFFFAOYSA-N,0
CHEMBL3180,CHEMBL227075,Cc1cccc2c3c(ccc12)C1=C(C(=O)C3=O)C(C)CO1,HARGZZNYNSYSGJ-UHFFFAOYSA-N,1
CHEMBL3180,CHEMBL467814,CC(CC(O)C(O)C(C)(C)O)C1=C2CC(O)C3C4(C)CCC(=O)C(C)(C)C4CCC3(C)C2(C)CC1,HNOSJVWYGXOFRP-UHFFFAOYSA-N,0
CHEMBL3180,CHEMBL2074634,CC(CC(O)(CC(=O)O)C1OC1(C)C)C1=C2CC(O)C3C(CCC4C(C)(C)C(=O)CCC34C)C2(C)CC1,CPYFCYMXHGAZTF-UHFFFAOYSA-N,0
CHEMBL3180,CHEMBL3632948,CC(CCC(O)C(C)(C)O)C1CCC2(C)C1=CC=C1C3(C)CCC(=O)C(C)(C)C3CCC12C,OKSOIVLQNAAMNU-UHFFFAOYSA-N,1
CHEMBL3180,CHEMBL45830,CC(C)C1=Cc2ccc3c(c2C(=O)C1=O)CCCC3(C)C,FEFAIBOZOKSLJR-UHFFFAOYSA-N,1
CHEMBL3180,CHEMBL3632947,CC(CC(O)C(O)C(C)(C)O)C1=C2CC(O)C3C4(C)CCC(=O)C(C)(C)C4CCC3(C)C2(C)C=C1,OVJNKAWWCRMIMP-UHFFFAOYSA-N,0
CHEMBL3180,CHEMBL3632627,C=C(C)C(O)C(O)CC(C)C1=C2CCC3C4(C)CCC(=O)C(C)(C)C4CCC3(C)C2(C)CC1,KSXSGXZOFUHSPA-UHFFFAOYSA-N,0
CHEMBL3180,CHEMBL187266,Cc1coc2c1C(=O)C(=O)c1c-2ccc2c1CCCC2(C)C,HYXITZLLTYIPOF-UHFFFAOYSA-N,1
CHEMBL3180,CHEMBL3632957,CC(=O)OC(C1CC(C)C2=C3C=CC4C5(C)CCC(=O)C(C)(C)C5CCC4(C)C3(C)CC2O1)C(C)(C)O,YDONEKYGVGENMF-UHFFFAOYSA-N,0
CHEMBL3180,CHEMBL3632959,CC(CC(O)C(O)C(C)(C)O)C1=C2CC3OC(=O)CC4(C)C(C(C)(C)C(=O)O)CCC(C)(C34)C2(C)CC1,KKXUNIAWSGXCIU-UHFFFAOYSA-N,0
CHEMBL3180,CHEMBL3632952,CC(=O)OC(C(O)CC(C)C1=C2CC(O)C3C4(C)CCC(=O)C(C)(C)C4CCC3(C)C2(C)CC1)C(C)(C)O,WXHUQVMHWUQNTG-UHFFFAOYSA-N,1
CHEMBL3180,CHEMBL3632955,CC(=O)OC1CC(C)C2=C3CC(O)C4C5(C)CCC(=O)C(C)(C)C5CCC4(C)C3(C)CC2OC1C(C)(C)O,QJQGTCCCAJRIPR-UHFFFAOYSA-N,0
CHEMBL3180,CHEMBL3632953,CC(CC(O)C(O)C(C)(C)O)C1=C2C=CC3C4(C)CCC(=O)C(C)(C)C4CCC3(C)C2(C)CC1=O,PGQUPZCFLHXEHV-UHFFFAOYSA-N,0
CHEMBL3180,CHEMBL192258,CC(=O)C(=O)c1ccccc1,BVQVLAIMHVDZEL-UHFFFAOYSA-N,1
CHEMBL3180,CHEMBL4796626,CC(C)(O)C1CC=C(C(=O)O)CC1,BFYWJELXORKNFO-UHFFFAOYSA-N,1
CHEMBL3180,CHEMBL51931,O=C1C(=O)c2ccccc2-c2ccccc21,YYVYAPXYZVYDHN-UHFFFAOYSA-N,1
CHEMBL3180,CHEMBL289191,C=C(C)C1CCC2(C)CCC3(C)C(CCC4C5(C)CCC(O)C(C)(C)C5CCC43C)C12,MQYXUWHLBZFQQO-UHFFFAOYSA-N,1
CHEMBL3180,CHEMBL1081326,C=C1CCC2(C(=O)O)CCC3(C)C(=CCC4C5(C)CCC(O)C(C)(CO)C5CCC43C)C2C1,FKUBIEWSGBVADJ-UHFFFAOYSA-N,1
CHEMBL3180,CHEMBL15192,CC1(C)CCC2=C(O1)c1ccccc1C(=O)C2=O,QZPQTZZNNJUOLS-UHFFFAOYSA-N,1
CHEMBL3180,CHEMBL461060,CC1(C)CCC2(C)CCC3(C)C(=CCC4C5(C)CCC(=O)C(C)(C)C5CCC43C)C2C1,LIIFBMGUDSHTOU-UHFFFAOYSA-N,1
CHEMBL3180,CHEMBL251308,C=C(C)C1CCC2(C(=O)O)CCC3(C)C(CCC4C5(C)CCC(O)C(C)(CO)C5CCC43C)C12,HXWLKAXCQLXHML-UHFFFAOYSA-N,1
