target_chembl_id,compound_chembl_id,c_smiles,noiso_InChIKey,active_label
CHEMBL218,CHEMBL3586108,C=C1CCC2C(c3c(O)cc(CCCCC)cc3OC2(C)C)C1O,HDNJNVPZXVJOMB-UHFFFAOYSA-N,1
CHEMBL218,CHEMBL465,CCCCCc1cc(O)c2c(c1)OC(C)(C)C1CCC(C)=CC21,CYQFCXCEBYINGO-UHFFFAOYSA-N,1
CHEMBL218,CHEMBL3586106,CCCCCc1cc(O)c2c(c1)OC(C)(C)C1CC=C(C)C(O)C21,KQQMZTULVOWZJR-UHFFFAOYSA-N,1
CHEMBL218,CHEMBL3586109,CCCCCc1cc(O)c2c(c1)OC(C)(C)C1CCC3(C)OC3C21,VSQGBNUBIDZRPJ-UHFFFAOYSA-N,1
CHEMBL218,CHEMBL497318,CCCCCc1cc(O)c(CC=C(C)CCC=C(C)C)c(O)c1,QXACEHWTBCFNSA-UHFFFAOYSA-N,1
CHEMBL218,CHEMBL74415,CCCCCc1cc(O)c2c(c1)OC(C)(C)c1ccc(C)cc1-2,VBGLYOIFKLUMQG-UHFFFAOYSA-N,1
CHEMBL218,CHEMBL190461,C=C(C)C1CCC(C)=CC1c1c(O)cc(CCCCC)cc1O,QHMBSVQNZZTUGM-UHFFFAOYSA-N,1
CHEMBL218,CHEMBL404184,CC(C)CNC(=O)C=CC=CCCCCCCC=Cc1ccc2c(c1)OCO2,FPMPOFBEYSSYDQ-UHFFFAOYSA-N,0
CHEMBL218,CHEMBL2387541,CCCc1cc(O)c2c(c1)OC(C)(C)C1CCC(C)=CC21,ZROLHBHDLIHEMS-UHFFFAOYSA-N,1
CHEMBL218,CHEMBL3586110,CCCCCc1cc2c(c(O)c1C(=O)O)C1C=C(COC(C)=O)CCC1C(C)(C)O2,VVGKJYWKBQPUEW-UHFFFAOYSA-N,1
CHEMBL218,CHEMBL267227,CCCCCc1cc(O)c2c(c1)OC(C)(C)C1CC=C(C)CC21,HCAWPGARWVBULJ-UHFFFAOYSA-N,1
CHEMBL218,CHEMBL3586111,CCCCCc1cc(O)c2c(c1)OC(C)(C)C1CCC(C)(O)C(O)C21,TZGCTXUTNDNTTE-UHFFFAOYSA-N,1
CHEMBL218,CHEMBL297453,O=C(OC1Cc2c(O)cc(O)cc2OC1c1cc(O)c(O)c(O)c1)c1cc(O)c(O)c(O)c1,WMBWREPUVVBILR-UHFFFAOYSA-N,0
CHEMBL218,CHEMBL36327,O=C(OC1Cc2c(O)cc(O)cc2OC1c1ccc(O)c(O)c1)c1cc(O)c(O)c(O)c1,LSHVYAFMTMFKBA-UHFFFAOYSA-N,0
CHEMBL218,CHEMBL6,COc1ccc2c(c1)c(CC(=O)O)c(C)n2C(=O)c1ccc(Cl)cc1,CGIGDMFJXJATDK-UHFFFAOYSA-N,0
CHEMBL218,CHEMBL47386,Oc1cc(O)c2c(c1)OC(c1cc(O)c(O)c(O)c1)C(O)C2,XMOCLSLCDHWDHP-UHFFFAOYSA-N,0
CHEMBL218,CHEMBL1201151,C#CC1(O)CCC2C3CCc4cc(OC)ccc4C3CCC21C,IMSSROKUHAOUJS-UHFFFAOYSA-N,0
CHEMBL218,CHEMBL91,Clc1ccc(COC(Cn2ccnc2)c2ccc(Cl)cc2Cl)c(Cl)c1,BYBLEWFAAKGYCD-UHFFFAOYSA-N,0
CHEMBL218,CHEMBL828,c1ccc2c(c1)Nc1ccccc1S2,WJFKNYWRSNBZNX-UHFFFAOYSA-N,0
CHEMBL218,CHEMBL16901,C=CCc1ccc(O)c(-c2ccc(O)c(CC=C)c2)c1,FVYXIJYOAGAUQK-UHFFFAOYSA-N,1
CHEMBL218,CHEMBL32362,CCCc1ccc(O)c(-c2cc(CCC)ccc2O)c1,OYAQUBKYAKSHOA-UHFFFAOYSA-N,1
CHEMBL218,CHEMBL180920,C=CCc1ccc(O)c(-c2cc(CC=C)ccc2O)c1,VVOAZFWZEDHOOU-UHFFFAOYSA-N,1
CHEMBL218,CHEMBL344623,CCN(CC)C(=O)CCCCC(C)(C)c1cc(O)c2c(c1)OC(C)(C)C1CC=C(C)CC21,CJAFXZUPRJLMRZ-UHFFFAOYSA-N,1
CHEMBL218,CHEMBL1823117,CCCCCc1cc(O)c(CC=C(C)CCC=C(C)CCC=C(C)C)c(O)c1,WYEFRBILENQYOH-UHFFFAOYSA-N,1
CHEMBL218,CHEMBL465718,CCCCCc1cc2c(c(O)c1C(=O)O)C1C=C(C)CCC1C(C)(C)O2,UCONUSSAWGCZMV-UHFFFAOYSA-N,1
CHEMBL218,CHEMBL422704,CCCCCc1cc(O)c2c(c1)OC(C)(CCC=C(C)C)C=C2,UVOLYTDXHDXWJU-UHFFFAOYSA-N,1
