target_chembl_id,compound_chembl_id,c_smiles,noiso_InChIKey,active_label
CHEMBL2487,CHEMBL487804,CC(C)=CCCC(C)=CCCC(C)=CCc1c(O)cc(C)cc1O,PZHNKNRPGLTZPO-UHFFFAOYSA-N,0
CHEMBL2487,CHEMBL573,O=C(O)c1cccnc1,PVNIIMVLHYAWGP-UHFFFAOYSA-N,0
CHEMBL2487,CHEMBL98521,O=C(O)C=Cc1cccc(O)c1,KKSDGJDHHZEWEP-UHFFFAOYSA-N,0
CHEMBL2487,CHEMBL1171146,CC1CCC2(OC1)OC1CC3C4CCC5CC(O)CCC5(C)C4CCC3(C)C1C2C,GMBQZIIUCVWOCD-UHFFFAOYSA-N,0
CHEMBL2487,CHEMBL469159,CC1(C)C=Cc2cc(C(=O)O)ccc2O1,AXICIBPYBONRSP-UHFFFAOYSA-N,0
CHEMBL2487,CHEMBL503168,O=c1c(O)c(-c2ccccc2O)oc2cc(O)cc(O)c12,WCNLFPKXBGWWDS-UHFFFAOYSA-N,0
CHEMBL2487,CHEMBL4645437,CC(C)=CCCC(C)=CCCC1(C)C=Cc2c(O)cc(C)cc2O1,WQOSNKWCIQZRGH-UHFFFAOYSA-N,0
CHEMBL2487,CHEMBL151,O=c1cc(-c2ccc(O)c(O)c2)oc2cc(O)cc(O)c12,IQPNAANSBPBGFQ-UHFFFAOYSA-N,1
CHEMBL2487,CHEMBL223309,C(#Cc1ccccc1)c1ccccc1,JRXXLCKWQFKACW-UHFFFAOYSA-N,1
CHEMBL2487,CHEMBL3298066,O=C1C(=Cc2ccc(O)c(O)c2)Oc2c1ccc(O)c2O,PNIFOHGQPKXLJE-UHFFFAOYSA-N,1
CHEMBL2487,CHEMBL208908,COc1ccc(-c2cc(=O)c3c(O)cc(O)c(-c4cc(-c5cc(=O)c6c(O)cc(OC)cc6o5)ccc4OC)c3o2)cc1,YCXRBCHEOFVYEN-UHFFFAOYSA-N,0
CHEMBL2487,CHEMBL95,Nc1c2c(nc3ccccc13)CCCC2,YLJREFDVOIBQDA-UHFFFAOYSA-N,1
CHEMBL2487,CHEMBL378516,COc1ccc(-c2cc(=O)c3c(O)cc(OC)c(-c4cc(-c5cc(=O)c6c(O)cc(OC)cc6o5)ccc4OC)c3o2)cc1,VXQYICLHHMETFH-UHFFFAOYSA-N,0
CHEMBL2487,CHEMBL220745,COc1ccc(-c2cc(=O)c3c(O)cc(O)c(-c4cc(-c5cc(=O)c6c(O)cc(O)cc6o5)ccc4O)c3o2)cc1,RBTRUVNXLDXHBJ-UHFFFAOYSA-N,1
CHEMBL2487,CHEMBL4589690,COc1ccc(-c2cc(=O)c3c(O)c(Oc4ccc(-c5cc(=O)c6c(O)cc(O)cc6o5)cc4)c(O)cc3o2)cc1,JLHZOLWNLOEMKU-UHFFFAOYSA-N,0
CHEMBL2487,CHEMBL255493,COc1cc(O)c2c(=O)cc(-c3ccc(O)c(-c4c(O)cc(O)c5c(=O)cc(-c6ccc(O)cc6)oc45)c3)oc2c1,TYUMAYSMJLPFAN-UHFFFAOYSA-N,1
CHEMBL2487,CHEMBL208578,COc1cc(O)c2c(=O)cc(-c3ccc(OC)c(-c4c(OC)cc(O)c5c(=O)cc(-c6ccc(O)cc6)oc45)c3)oc2c1,UXZIDQIKMJUHLZ-UHFFFAOYSA-N,0
CHEMBL2487,CHEMBL4463033,COc1cc(O)c2c(=O)cc(-c3ccc(O)cc3)oc2c1-c1c(OC)cc(O)c2c(=O)cc(-c3ccc(O)cc3)oc12,RVOYIHAAPJNILN-UHFFFAOYSA-N,0
CHEMBL2487,CHEMBL1208903,COc1ccc(-c2cc(=O)c3c(O)cc(O)c(-c4cc(-c5cc(=O)c6c(O)cc(O)cc6o5)ccc4OC)c3o2)cc1,HUOOMAOYXQFIDQ-UHFFFAOYSA-N,1
CHEMBL2487,CHEMBL378188,COc1ccc(-c2cc(=O)c3c(O)cc(O)cc3o2)cc1-c1c(O)cc(O)c2c(=O)cc(-c3ccc(O)cc3)oc12,IWEIJEPIYMAGTH-UHFFFAOYSA-N,1
CHEMBL2487,CHEMBL4522982,COc1ccc(-c2cc(=O)c3c(O)c(Oc4ccc(-c5cc(=O)c6c(O)cc(O)cc6o5)cc4)c(OC)cc3o2)cc1,XLXOFHHXAZAIHM-UHFFFAOYSA-N,0
CHEMBL2487,CHEMBL374055,COc1ccc(-c2cc(=O)c3c(O)cc(OC)c(-c4cc(-c5cc(=O)c6c(O)cc(O)cc6o5)ccc4O)c3o2)cc1,SQGLUEWZRKIEGS-UHFFFAOYSA-N,0
CHEMBL2487,CHEMBL291426,O=c1cc(-c2ccc(Oc3c(O)cc4oc(-c5ccc(O)cc5)cc(=O)c4c3O)cc2)oc2cc(O)cc(O)c12,WTDHMFBJQJSTMH-UHFFFAOYSA-N,1
CHEMBL2487,CHEMBL93118,Nc1ccc(-c2nc3ccccc3s2)cc1,WKRCOZSCENDENK-UHFFFAOYSA-N,1
CHEMBL2487,CHEMBL1208904,COc1ccc(-c2cc(=O)c3c(O)cc(OC)c(-c4cc(-c5cc(=O)c6c(O)cc(OC)cc6o5)ccc4O)c3o2)cc1,NXPAGAZHSWSUFJ-UHFFFAOYSA-N,0
CHEMBL2487,CHEMBL450522,COc1cc(O)c2c(=O)cc(-c3ccc(O)cc3)oc2c1-c1cc(-c2cc(=O)c3c(O)cc(O)cc3o2)ccc1O,OIFVLHZEBAXHPM-UHFFFAOYSA-N,0
CHEMBL2487,CHEMBL453479,COc1ccc(-c2cc(=O)c3c(O)cc(OC)c(-c4cc(-c5cc(=O)c6c(O)cc(O)cc6o5)ccc4OC)c3o2)cc1,RROKRDUARFDCDH-UHFFFAOYSA-N,0
CHEMBL2487,CHEMBL451902,COc1ccc(-c2cc(=O)c3c(O)cc(O)cc3o2)cc1-c1c(O)cc2oc(-c3ccc(O)cc3)cc(=O)c2c1O,ZBOKFHZIWKIWRZ-UHFFFAOYSA-N,0
CHEMBL2487,CHEMBL28,O=c1cc(-c2ccc(O)cc2)oc2cc(O)cc(O)c12,KZNIFHPLKGYRTM-UHFFFAOYSA-N,0
CHEMBL2487,CHEMBL63354,O=c1cc(-c2ccc(O)c(-c3c(O)cc(O)c4c(=O)cc(-c5ccc(O)cc5)oc34)c2)oc2cc(O)cc(O)c12,YUSWMAULDXZHPY-UHFFFAOYSA-N,1
CHEMBL2487,CHEMBL3589108,COc1cc2oc(-c3ccc(O)cc3)cc(=O)c2c(O)c1Oc1ccc(-c2cc(=O)c3c(O)cc(O)cc3o2)cc1,PTKBMDRXKOIHCA-UHFFFAOYSA-N,0
CHEMBL2487,CHEMBL377324,COc1cc(O)c2c(=O)cc(-c3ccc(OC)c(-c4c(O)cc(O)c5c(=O)cc(-c6ccc(O)cc6)oc45)c3)oc2c1,AIFCFBUSLAEIBR-UHFFFAOYSA-N,0
CHEMBL2487,CHEMBL32749,COc1cc(C=CC(=O)O)ccc1O,KSEBMYQBYZTDHS-UHFFFAOYSA-N,0
CHEMBL2487,CHEMBL6246,O=c1oc2c(O)c(O)cc3c(=O)oc4c(O)c(O)cc1c4c23,AFSDNFLWKVMVRB-UHFFFAOYSA-N,0
CHEMBL2487,CHEMBL3348861,O=C1c2c(O)cc(O)cc2OC(c2cc(O)c(O)c(O)c2)C1O,KJXSIXMJHKAJOD-UHFFFAOYSA-N,0
CHEMBL2487,CHEMBL9323,O=C1c2c(O)cc(O)cc2OC(c2ccc(O)cc2)C1O,PADQINQHPQKXNL-UHFFFAOYSA-N,0
CHEMBL2487,CHEMBL541265,O=C(C=Cc1cc(O)cc2c1C(C(O)OC(Cc1ccc(O)c(O)c1)C(=O)O)C(c1ccc(O)c(O)c1)O2)OC(Cc1ccc(O)c(O)c1)C(=O)O,YLSNESYAOIRZEA-UHFFFAOYSA-N,1
CHEMBL2487,CHEMBL150,O=c1c(O)c(-c2ccc(O)cc2)oc2cc(O)cc(O)c12,IYRMWMYZSQPJKC-UHFFFAOYSA-N,0
CHEMBL2487,CHEMBL290916,CC1=NN(c2ccccc2)C(=O)C1,QELUYTUMUWHWMC-UHFFFAOYSA-N,0
CHEMBL2487,CHEMBL106509,COc1cc(C=CC(C)=O)ccc1O,AFWKBSMFXWNGRE-UHFFFAOYSA-N,1
CHEMBL2487,CHEMBL229907,COc1ccc(C=CC(=O)c2ccc(OC)cc2O)cc1,OAAPAFSEMHJNTF-UHFFFAOYSA-N,1
CHEMBL2487,CHEMBL129795,O=C(C=Cc1ccc(O)cc1)c1ccc(O)cc1O,DXDRHHKMWQZJHT-UHFFFAOYSA-N,0
CHEMBL2487,CHEMBL253570,O=c1c(O)c(-c2ccc(O)c(O)c2)oc2c(O)c(O)cc(O)c12,YRRAGUMVDQQZIY-UHFFFAOYSA-N,1
CHEMBL2487,CHEMBL145,O=C(O)C=Cc1ccc(O)c(O)c1,QAIPRVGONGVQAS-UHFFFAOYSA-N,0
CHEMBL2487,CHEMBL468154,OC1C(O)C(O)C(O)C(O)C1O,CDAISMWEOUEBRE-UHFFFAOYSA-N,0
CHEMBL2487,CHEMBL81880,CN(C)c1ccc2cc3ccc(N(C)C)cc3nc2c1,DPKHZNPWBDQZCN-UHFFFAOYSA-N,1
CHEMBL2487,CHEMBL81379,CC(C=CC=C(C)C=CC1=C(C)CCCC1(C)C)=CC=O,NCYCYZXNIZJOKI-UHFFFAOYSA-N,1
CHEMBL2487,CHEMBL284616,O=C(C=Cc1ccc(O)c(O)c1)OC1CC(O)(C(=O)O)CC(O)C1O,CWVRJTMFETXNAD-UHFFFAOYSA-N,0
CHEMBL2487,CHEMBL986,CC(C=CC1=C(C)CCCC1(C)C)=CC=CC(C)=CCO,FPIPGXGPPPQFEQ-UHFFFAOYSA-N,1
CHEMBL2487,CHEMBL177126,O=C(C=Cc1ccc(O)c(O)c1)OC1CC(O)(C(=O)O)CC(O)C1OC(=O)C=Cc1ccc(O)c(O)c1,UFCLZKMFXSILNL-UHFFFAOYSA-N,1
CHEMBL2487,CHEMBL249447,O=C(C=Cc1ccc(O)c(O)c1)OC1CC(O)(C(=O)O)CC(OC(=O)C=Cc2ccc(O)c(O)c2)C1O,KRZBCHWVBQOTNZ-UHFFFAOYSA-N,0
CHEMBL2487,CHEMBL416955,COC(=O)C1(O)CC(O)C(O)C(OC(=O)C=Cc2ccc(O)c(O)c2)C1,MZNIJRAPCCELQX-UHFFFAOYSA-N,0
CHEMBL2487,CHEMBL27246,O=C(O)C=Cc1ccccc1,WBYWAXJHAXSJNI-UHFFFAOYSA-N,0
CHEMBL2487,CHEMBL465398,O=C(O)C1(O)CC(O)C(O)C(O)C1,AAWZDTNXLSGCEK-UHFFFAOYSA-N,0
CHEMBL2487,CHEMBL38,CC(C=CC1=C(C)CCCC1(C)C)=CC=CC(C)=CC(=O)O,SHGAZHPCJJPHSC-UHFFFAOYSA-N,1
CHEMBL2487,CHEMBL499997,O=C(C=Cc1ccc(O)c(O)c1)OC1CC(O)(C(=O)O)CC(OC(=O)C=Cc2ccc(O)c(O)c2)C1OC(=O)C=Cc1ccc(O)c(O)c1,OAFXTKGAKYAFSI-UHFFFAOYSA-N,1
CHEMBL2487,CHEMBL66,O=C1c2c(O)cc(O)cc2OC(c2ccc(O)c(O)c2)C1O,CXQWRCVTCMQVQX-UHFFFAOYSA-N,0
CHEMBL2487,CHEMBL309490,O=c1c(O)c(-c2ccccc2)oc2cc(O)cc(O)c12,VCCRNZQBSJXYJD-UHFFFAOYSA-N,0
CHEMBL2487,CHEMBL2012313,CCCCCCCCCCCCCCCC(O)C(=O)NC(COC1OC(CO)C(O)C(O)C1O)C(O)C=CCCC=C(C)CCCCCCCCC,JSPNNZKWADNWHI-UHFFFAOYSA-N,0
CHEMBL2487,CHEMBL324842,O=C(C=Cc1ccc(O)c(O)c1)OC(Cc1ccc(O)c(O)c1)C(=O)O,DOUMFZQKYFQNTF-UHFFFAOYSA-N,0
CHEMBL2487,CHEMBL4640668,CC(C)=CCCC(C)=CCCC(C)=CCc1c(C)cc(O)c(O)c1O,BACDZNLMIXNCOG-UHFFFAOYSA-N,0
