target_chembl_id,compound_chembl_id,c_smiles,noiso_InChIKey,active_label
CHEMBL3969,CHEMBL14060,Oc1ccccc1,ISWSIDIOOBJBQZ-UHFFFAOYSA-N,0
CHEMBL3969,CHEMBL280998,Oc1ccccc1O,YCIMNLLNPGFGHC-UHFFFAOYSA-N,1
CHEMBL3969,CHEMBL52564,O=C(O)C=Cc1ccccc1O,PMOWTIHVNWZYFI-UHFFFAOYSA-N,0
CHEMBL3969,CHEMBL118,Cc1ccc(-c2cc(C(F)(F)F)nn2-c2ccc(S(N)(=O)=O)cc2)cc1,RZEKVGVHFLEQIL-UHFFFAOYSA-N,1
CHEMBL3969,CHEMBL49732,COc1ccc2ccc(=O)oc2c1,LIIALPBMIOVAHH-UHFFFAOYSA-N,0
CHEMBL3969,CHEMBL406,CC1Cc2ccccc2N1NC(=O)c1ccc(Cl)c(S(N)(=O)=O)c1,NDDAHWYSQHTHNT-UHFFFAOYSA-N,1
CHEMBL3969,CHEMBL2019155,Oc1ccc(C=Cc2cc(O)cc(O)c2)cc1,LUKBXSAWLPMMSZ-UHFFFAOYSA-N,1
CHEMBL3969,CHEMBL7087,NCCc1ccc(S(N)(=O)=O)cc1,FXNSVEQMUYPYJS-UHFFFAOYSA-N,1
CHEMBL3969,CHEMBL574,Cc1ccc(S(N)(=O)=O)cc1,LMYRWZFENFIFIT-UHFFFAOYSA-N,1
CHEMBL3969,CHEMBL414,NS(=O)(=O)c1ccc(C(=O)O)cc1,UCAGLBKTLXCODC-UHFFFAOYSA-N,1
CHEMBL3969,CHEMBL941,Cc1ccc(NC(=O)c2ccc(CN3CCN(C)CC3)cc2)cc1Nc1nccc(-c2cccnc2)n1,KTUFNOKKBVMGRW-UHFFFAOYSA-N,0
CHEMBL3969,CHEMBL418,Nc1cc(C(F)(F)F)c(S(N)(=O)=O)cc1S(N)(=O)=O,KRVABEGPNKGLOT-UHFFFAOYSA-N,1
CHEMBL3969,CHEMBL24147,Oc1cccc(O)c1,GHMLBKRAJCXXBS-UHFFFAOYSA-N,1
CHEMBL3969,CHEMBL1142,Nc1ccc(O)cc1,PLIKAWJENQZMHA-UHFFFAOYSA-N,0
CHEMBL3969,CHEMBL441343,O=C(O)c1ccc(O)cc1,FJKROLUGYXJWQN-UHFFFAOYSA-N,1
CHEMBL3969,CHEMBL112,CC(=O)Nc1ccc(O)cc1,RZVAJINKPMORJF-UHFFFAOYSA-N,0
CHEMBL3969,CHEMBL116438,COc1cc(C=CC(=O)C=C(O)C=Cc2ccc(O)c(OC)c2)ccc1O,ZIUSSTSXXLLKKK-UHFFFAOYSA-N,1
CHEMBL3969,CHEMBL186422,O=c1ccc2ccccc2[nH]1,LISFMEBWQUVKPJ-UHFFFAOYSA-N,1
CHEMBL3969,CHEMBL537,Oc1ccc(O)cc1,QIGBRXMKCJKVMJ-UHFFFAOYSA-N,0
CHEMBL3969,CHEMBL424,O=C(O)c1ccccc1O,YGSDEFSMJLZEOE-UHFFFAOYSA-N,0
CHEMBL3969,CHEMBL206452,Oc1cc(O)c2c(c1)OC(c1ccc(O)c(O)c1)C(O)C2,PFTAWBLQPZVEMU-UHFFFAOYSA-N,1
CHEMBL3969,CHEMBL457076,COc1cc(C=CC(=O)OCc2ccccc2)ccc1O,DZAPHTCUSDTZAT-UHFFFAOYSA-N,1
CHEMBL3969,CHEMBL481245,COc1cc(C=CC(=O)OCCc2ccc(O)cc2)ccc1O,JMSFLLZUCIXALN-UHFFFAOYSA-N,1
CHEMBL3969,CHEMBL1095574,O=C(C=Cc1ccc(O)cc1)OCc1ccccc1,RGZZCZQQPNJCPO-UHFFFAOYSA-N,1
CHEMBL3969,CHEMBL3628211,O=C(C=Cc1ccc(O)cc1)OCCc1ccc(O)cc1,ZCFLGZLKECDZFW-UHFFFAOYSA-N,1
CHEMBL3969,CHEMBL35,NS(=O)(=O)c1cc(C(=O)O)c(NCc2ccco2)cc1Cl,ZZUFCTLCJUWOSV-UHFFFAOYSA-N,1
CHEMBL3969,CHEMBL288114,O=C(O)c1cc(O)c(O)c(O)c1,LNTHITQWFMADLM-UHFFFAOYSA-N,1
CHEMBL3969,CHEMBL310671,O=C1NS(=O)(=O)c2ccccc21,CVHZOJJKTDOEJC-UHFFFAOYSA-N,1
CHEMBL3969,CHEMBL902,NC(N)=Nc1nc(CSCCC(N)=NS(N)(=O)=O)cs1,XUFQPHANEAPEMJ-UHFFFAOYSA-N,1
CHEMBL3969,CHEMBL50,O=c1c(O)c(-c2ccc(O)c(O)c2)oc2cc(O)cc(O)c12,REFJWTPEDVJJIY-UHFFFAOYSA-N,0
CHEMBL3969,CHEMBL32749,COc1cc(C=CC(=O)O)ccc1O,KSEBMYQBYZTDHS-UHFFFAOYSA-N,1
CHEMBL3969,CHEMBL66879,O=C(O)C=Cc1ccc(O)cc1,NGSWKAQJJWESNS-UHFFFAOYSA-N,1
CHEMBL3969,CHEMBL1414,COc1cc(C(=O)O)cc(OC)c1O,JMSVCTWVEWCHDZ-UHFFFAOYSA-N,0
CHEMBL3969,CHEMBL6246,O=c1oc2c(O)c(O)cc3c(=O)oc4c(O)c(O)cc1c4c23,AFSDNFLWKVMVRB-UHFFFAOYSA-N,0
CHEMBL3969,CHEMBL145,O=C(O)C=Cc1ccc(O)c(O)c1,QAIPRVGONGVQAS-UHFFFAOYSA-N,1
