target_chembl_id,compound_chembl_id,c_smiles,noiso_InChIKey,active_label
CHEMBL1973,CHEMBL201643,CC1OC(OC2CC3C4(C)CC(O)C(C5(C)CCC(C(C)(C)O)O5)C4(C)CCC34CC43CCC(OC4OCC(O)C(O)C4O)C(C)(C)C23)C(O)C(O)C1O,UPADPCUOTDTWHH-UHFFFAOYSA-N,0
CHEMBL1973,CHEMBL4793063,COC1=CC(=CC=CC=C2C=C(OC)C(=O)C(OC)=C2)C=C(OC)C1=O,KQTQOJWCKLPTGL-UHFFFAOYSA-N,1
CHEMBL1973,CHEMBL2413822,Oc1ccc2cc[nH]c2c1,XAWPKHNOFIWWNZ-UHFFFAOYSA-N,0
CHEMBL1973,CHEMBL50,O=c1c(O)c(-c2ccc(O)c(O)c2)oc2cc(O)cc(O)c12,REFJWTPEDVJJIY-UHFFFAOYSA-N,0
CHEMBL1973,CHEMBL1009,NC(Cc1ccc(O)c(O)c1)C(=O)O,WTDRDQBEARUVNC-UHFFFAOYSA-N,0
CHEMBL1973,CHEMBL513957,COc1c(CC=C(C)C)c(O)c(C(CC(C)C)c2c(O)c(CC=C(C)C)c(O)c(C(C)=O)c2O)c(O)c1C(C)=O,KLFWXYAHGSXKAW-UHFFFAOYSA-N,0
CHEMBL1973,CHEMBL487018,COc1ccc(-c2cc(=O)c3c(O)cc(OC4OC(CO)C(O)C(O)C4O)cc3o2)cc1,NLZCOTZRUWYPTP-UHFFFAOYSA-N,0
CHEMBL1973,CHEMBL128729,COc1cc(C=CC(=O)C=Cc2ccc(O)c(OC)c2)ccc1O,ISIMGBQRFXXNON-UHFFFAOYSA-N,0
CHEMBL1973,CHEMBL150372,O=c1oc2ccccc2cc1O,MJKVTPMWOKAVMS-UHFFFAOYSA-N,1
CHEMBL1973,CHEMBL388452,COc1ccc(CC2COC(=O)C2Cc2ccc(OC3OC(CO)C(O)C(O)C3O)c(OC)c2)cc1OC,XOJVHLIYNSOZOO-UHFFFAOYSA-N,0
CHEMBL1973,CHEMBL454778,CC1OC(OCC2OC(Oc3cc(O)c4c(=O)cc(-c5ccc(O)cc5)oc4c3)C(O)C(O)C2O)C(O)C(O)C1O,FKIYLTVJPDLUDL-UHFFFAOYSA-N,0
CHEMBL1973,CHEMBL4452110,COC(=O)C1OC(Oc2cc(O)c3c(=O)cc(-c4ccc(OC)cc4)oc3c2)C(O)C(O)C1O,NCDRCVIENURMRZ-UHFFFAOYSA-N,0
CHEMBL1973,CHEMBL509502,COc1ccc(-c2cc(=O)c3c(O)cc(OC4OC(COC5OC(C)C(O)C(O)C5O)C(O)C(O)C4O)cc3o2)cc1,YFVGIJBUXMQFOF-UHFFFAOYSA-N,0
CHEMBL1973,CHEMBL250450,O=c1c(OC2OC(CO)C(O)C(O)C2O)c(-c2ccc(O)c(O)c2)oc2cc(O)cc(O)c12,OVSQVDMCBVZWGM-UHFFFAOYSA-N,0
CHEMBL1973,CHEMBL487017,O=c1cc(-c2ccc(O)cc2)oc2cc(OC3OC(CO)C(O)C(O)C3O)cc(O)c12,KMOUJOKENFFTPU-UHFFFAOYSA-N,0
CHEMBL1973,CHEMBL1630857,COc1c(CC=C(C)C)c(O)cc2c1CC(c1ccc(O)cc1O)CO2,RCZMWVKBVFOCEE-UHFFFAOYSA-N,1
CHEMBL1973,CHEMBL193598,CC=Cc1ccc(O)c(OC)c1,BJIOGJUNALELMI-UHFFFAOYSA-N,0
CHEMBL1973,CHEMBL140,COc1cc(C=CC(=O)CC(=O)C=Cc2ccc(O)c(OC)c2)ccc1O,VFLDPWHFBUODDF-UHFFFAOYSA-N,1
CHEMBL1973,CHEMBL24147,Oc1cccc(O)c1,GHMLBKRAJCXXBS-UHFFFAOYSA-N,0
CHEMBL1973,CHEMBL426110,O=C1C(=Cc2ccc(O)cc2)Oc2cc(O)ccc21,KEZLDSPIRVZOKZ-UHFFFAOYSA-N,0
CHEMBL1973,CHEMBL1563332,COc1cc2c(c(OC)c1CC=C(C)C)CC(c1ccc(O)cc1O)CO2,DDMAUIOCNQXFHL-UHFFFAOYSA-N,1
CHEMBL1973,CHEMBL537,Oc1ccc(O)cc1,QIGBRXMKCJKVMJ-UHFFFAOYSA-N,0
CHEMBL1973,CHEMBL463145,O=c1cc(-c2ccc(O)cc2O)oc2cc(O)cc(O)c12,ZSYPIPFQOQGYHH-UHFFFAOYSA-N,1
CHEMBL1973,CHEMBL449483,CC(C)(O)CCC(=O)C(C)(O)C1C(O)CC2(C)C3CC=C4C(C=C(OC5OC(CO)C(O)C(O)C5O)C(=O)C4(C)C)C3(C)C(=O)CC12C,QCAZYVAEXLGYLV-UHFFFAOYSA-N,0
CHEMBL1973,CHEMBL441343,O=C(O)c1ccc(O)cc1,FJKROLUGYXJWQN-UHFFFAOYSA-N,1
CHEMBL1973,CHEMBL378140,CC(C)(O)C1CCC(C)(C2C(O)CC3(C)C4CC(OC5OC(CO)C(O)C(O)C5O)C5C(C)(C)C(OC6OCC(O)C(O)C6O)CCC56CC46CCC23C)O1,QMNWISYXSJWHRY-UHFFFAOYSA-N,0
CHEMBL1973,CHEMBL480477,CC1(C)C=Cc2c(ccc3c2OCC(c2ccc(O)cc2O)C3)O1,LBQIJVLKGVZRIW-UHFFFAOYSA-N,1
CHEMBL1973,CHEMBL458395,O=C1CC(c2ccc(O)cc2O)Oc2cc(O)cc(O)c21,QBLQLKNOKUHRCH-UHFFFAOYSA-N,1
CHEMBL1973,CHEMBL389166,O=c1c2cc(O)ccc2oc2cccc(O)c12,KDXFPEKLLFWHMN-UHFFFAOYSA-N,1
CHEMBL1973,CHEMBL394855,O=C(C=Cc1ccc(O)cc1O)c1ccc(O)cc1O,ZWTDXYUDJYDHJR-UHFFFAOYSA-N,1
CHEMBL1973,CHEMBL512578,Oc1cc(O)cc(-c2cc3ccc(O)cc3o2)c1,LHPRYOJTASOZGJ-UHFFFAOYSA-N,1
CHEMBL1973,CHEMBL15972,O=Cc1ccccc1,HUMNYLRZRPPJDN-UHFFFAOYSA-N,0
CHEMBL1973,CHEMBL350966,COc1ccc(C=O)c(O)c1,WZUODJNEIXSNEU-UHFFFAOYSA-N,0
CHEMBL1973,CHEMBL1434162,COc1cc2oc3ccccc3c(=O)c2cc1OC,FWCWUPRCWDSQEN-UHFFFAOYSA-N,1
CHEMBL1973,CHEMBL359978,O=c1c2ccccc2oc2c(O)cccc12,KBQFPPUAIJHDCO-UHFFFAOYSA-N,1
CHEMBL1973,CHEMBL185960,O=c1c2ccccc2oc2ccc(O)cc12,WSACHQJPCNOREV-UHFFFAOYSA-N,1
CHEMBL1973,CHEMBL465880,CC(C)=CCc1c(O)ccc(C(=O)C=Cc2ccc(O)cc2O)c1O,NXBYIJSAISXPKJ-UHFFFAOYSA-N,1
CHEMBL1973,CHEMBL3093489,COc1c(O)cc2oc3ccccc3c(=O)c2c1O,PVNLFOMDIZUYGA-UHFFFAOYSA-N,1
CHEMBL1973,CHEMBL108925,O=Cc1ccccc1O,SMQUZDBALVYZAC-UHFFFAOYSA-N,0
CHEMBL1973,CHEMBL161577,CC(C)c1ccc(C=O)cc1,WTWBUQJHJGUZCY-UHFFFAOYSA-N,0
CHEMBL1973,CHEMBL186784,O=c1c2ccccc2oc2ccccc12,JNELGWHKGNBSMD-UHFFFAOYSA-N,1
CHEMBL1973,CHEMBL161598,COc1ccc(C=O)cc1,ZRSNZINYAWTAHE-UHFFFAOYSA-N,0
CHEMBL1973,CHEMBL4751258,COc1cc(C=CC(=O)NCCCCNC(=O)C=Cc2ccc(O)c(OC)c2)ccc1O,CHEMZHJQHCVLFI-UHFFFAOYSA-N,0
CHEMBL1973,CHEMBL146816,COC(=O)C=Cc1ccc(O)cc1,NITWSHWHQAQBAW-UHFFFAOYSA-N,0
CHEMBL1973,CHEMBL1275969,CC(C)c1ccccc(=O)c1O,TUFYVOCKVJOUIR-UHFFFAOYSA-N,0
CHEMBL1973,CHEMBL66879,O=C(O)C=Cc1ccc(O)cc1,NGSWKAQJJWESNS-UHFFFAOYSA-N,1
CHEMBL1973,CHEMBL4473314,C=C1OC(=O)C(=CCCCCCCCCCCCCC)C1O,FCLYKYQBTSMTJB-UHFFFAOYSA-N,1
CHEMBL1973,CHEMBL48310,CC(C)c1cccc(=O)c(O)c1,FUWUEFKEXZQKKA-UHFFFAOYSA-N,1
CHEMBL1973,CHEMBL1275999,CC(C)c1ccc(O)c(=O)cc1,WKEWHSLZDDZONF-UHFFFAOYSA-N,1
CHEMBL1973,CHEMBL462722,CC1(C)C=Cc2c(O)ccc(C3=Cc4ccc(O)cc4OC3)c2O1,NGGYSPUAKQMTNP-UHFFFAOYSA-N,1
CHEMBL1973,CHEMBL151,O=c1cc(-c2ccc(O)c(O)c2)oc2cc(O)cc(O)c12,IQPNAANSBPBGFQ-UHFFFAOYSA-N,0
CHEMBL1973,CHEMBL4749970,O=c1cc(-c2ccc(O)c(O)c2)oc2cc(OS(=O)(=O)O)cc(O)c12,NTLSJCCPWSJISD-UHFFFAOYSA-N,0
CHEMBL1973,CHEMBL16217,CC(C)(C)c1ccc(O)cc1,QHPQWRBYOIRBIT-UHFFFAOYSA-N,1
CHEMBL1973,CHEMBL541,O=C(O)c1ccccc1,WPYMKLBDIGXBTP-UHFFFAOYSA-N,0
CHEMBL1973,CHEMBL51628,O=c1ccc2ccc(O)cc2o1,ORHBXUUXSCNDEV-UHFFFAOYSA-N,0
CHEMBL1973,CHEMBL196,O=C1OC(C(O)CO)C(O)=C1O,CIWBSHSKHKDKBQ-UHFFFAOYSA-N,0
CHEMBL1973,CHEMBL245416,NC(Cn1ccc(=O)c(O)c1)C(=O)O,WZNJWVWKTVETCG-UHFFFAOYSA-N,1
CHEMBL1973,CHEMBL266564,O=C(C=Cc1ccc(O)cc1)OCC1OC(Oc2c(-c3ccc(O)cc3)oc3cc(O)cc(O)c3c2=O)C(O)C(O)C1O,DVGGLGXQSFURLP-UHFFFAOYSA-N,0
