active_label,c_smiles,noiso_InChIKey,ex_id,target_chembl_id
1,CCOC(=O)C1=C(c2ccccc2)NC(C)=C(C(=O)OCc2ccccc2)C1C=Cc1ccccc1,XCJUPQYHFZRJKT-UHFFFAOYSA-N,PUB_5368403,CHEMBL256
1,CSCC1OC(n2cnc3c(N)ncnc32)C(O)C1O,WUUGFSXJNOTRMR-UHFFFAOYSA-N,PUB_439176,CHEMBL256
1,Cn1c(=O)c2[nH]cnc2n(C)c1=O,ZFXYFBGIUFBOJW-UHFFFAOYSA-N,PUB_2153,CHEMBL256
1,CCCCCCCCCCCCCCCC[n+]1ccccc1,NEUSVAOJNUQRTM-UHFFFAOYSA-N,PUB_8816,CHEMBL256
1,CN(C)c1ccc(C(=C2C=CC(=[N+](C)C)C=C2)c2ccc(N(C)C)cc2)cc1,LGLFFNDHMLKUMI-UHFFFAOYSA-N,PUB_11057,CHEMBL256
1,CC(C)NCC(O)COc1cccc2ccccc12,AQHHHDLHHXJYJD-UHFFFAOYSA-N,DB_25761,CHEMBL256
1,Nc1nc(=O)[nH]c2c1ncn2C1OC(CO)C(O)C1O,MIKUYHXYGGJMLM-UHFFFAOYSA-N,DB_200213,CHEMBL256
1,COc1ccc(-c2cc(=O)c3c(OC)c(OC)c(OC)cc3o2)cc1,URSUMOWUGDXZHU-UHFFFAOYSA-N,DB_50451668,CHEMBL256
0,O=C1C(O)c2c(O)cc(O)cc2OC1c1ccc(O)c(O)c1,BYVWXQRJRYELNP-UHFFFAOYSA-N,DB_50049400,CHEMBL256
