active_label,c_smiles,noiso_InChIKey,ex_id,target_chembl_id
1,COc1cc(O)c2c(c1)OC(c1ccccc1)CC2=O,ORJDDOBAOGKRJV-UHFFFAOYSA-N,PUB_73201,CHEMBL5393
0,O=c1cc(-c2ccc(O)cc2)oc2cc(OC3OC(CO)C(O)C(O)C3O)cc(O)c12,KMOUJOKENFFTPU-UHFFFAOYSA-N,PUB_5280704,CHEMBL5393
1,O=c1cc(-c2ccc(O)cc2)oc2cc(O)cc(O)c12,KZNIFHPLKGYRTM-UHFFFAOYSA-N,PUB_5280443,CHEMBL5393
0,O=c1c(OC2OC(CO)C(O)C(O)C2O)c(-c2ccc(O)c(O)c2)oc2cc(O)cc(O)c12,OVSQVDMCBVZWGM-UHFFFAOYSA-N,PUB_5281643,CHEMBL5393
0,CC1OC(OC2C(c3c(O)cc(O)c4c(=O)cc(-c5ccc(O)cc5)oc34)OC(CO)C(O)C2O)C(O)C(O)C1O,LYGPBZVKGHHTIE-UHFFFAOYSA-N,PUB_5282151,CHEMBL5393
0,CC1OC(Oc2ccc(-c3cc(=O)c4c(O)cc(O)c(C5OC(CO)C(O)C(O)C5O)c4o3)cc2)C(O)C(O)C1O,ZIIBNXKQZAUBRD-UHFFFAOYSA-N,PUB_5488886,CHEMBL5393
0,COc1ccc(C=CC(=O)c2ccccc2O)cc1,NXBNYUSXDBHELA-UHFFFAOYSA-N,PUB_5331295,CHEMBL5393
0,O=C(C=Cc1ccccc1)c1ccc(O)cc1O,JUMSUVHHUVPSOY-UHFFFAOYSA-N,PUB_5376979,CHEMBL5393
0,O=C(C=Cc1ccccc1)c1ccccc1O,AETKQQBRKSELEL-UHFFFAOYSA-N,PUB_638276,CHEMBL5393
1,CCC(=C(CC)c1ccc(O)cc1)c1ccc(O)cc1,RGLYKWWBQGJZGM-UHFFFAOYSA-N,PUB_448537,CHEMBL5393
1,CC12CCC3c4ccc(O)cc4CCC3C1CCC2=O,DNXHEGUUPJUMQT-UHFFFAOYSA-N,PUB_5870,CHEMBL5393
1,COc1ccc(-c2oc3cc(OC)cc(OC)c3c(=O)c2O)cc1,SGPXJCVFCJANKN-UHFFFAOYSA-N,PUB_624831,CHEMBL5393
1,C=CC(C)(C)c1cc(C=CC(=O)c2ccc(O)cc2)c(OC)cc1O,KAZSKMJFUPEHHW-UHFFFAOYSA-N,PUB_5318998,CHEMBL5393
1,COc1ccc(CCN(C)CCCC(C#N)(c2ccc(OC)c(OC)c2)C(C)C)cc1OC,SGTNSNPWRIOYBX-UHFFFAOYSA-N,PUB_2520,CHEMBL5393
