active_label,c_smiles,noiso_InChIKey,ex_id,target_chembl_id
0,COc1cc(C=C2CCCC(=Cc3ccc(O)c(OC)c3)C2=O)ccc1O,DHKKONBXGAAFTB-UHFFFAOYSA-N,PUB_1550234,CHEMBL1973
0,COc1cc(C=CC(=O)C=C(O)C=Cc2ccc(O)c(OC)c2)ccc1O,ZIUSSTSXXLLKKK-UHFFFAOYSA-N,PUB_5281767,CHEMBL1973
1,O=c1c(O)c(-c2ccc(O)cc2)oc2cc(O)cc(O)c12,IYRMWMYZSQPJKC-UHFFFAOYSA-N,PUB_5280863,CHEMBL1973
1,Oc1cc(O)cc(C=Cc2ccc(O)cc2O)c1,PDHAOJSHSJQANO-UHFFFAOYSA-N,PUB_5281717,CHEMBL1973
1,Oc1ccc(C=Cc2cc(O)cc(O)c2)cc1,LUKBXSAWLPMMSZ-UHFFFAOYSA-N,PUB_445154,CHEMBL1973
1,O=[N+]([O-])c1ccc(S(=O)(=O)N2CCC(N3CCCCC3)CC2)cc1,KKFHWGFGCRMBFE-UHFFFAOYSA-N,PUB_24744900,CHEMBL1973
