active_label,c_smiles,noiso_InChIKey,ex_id,target_chembl_id
1,O=c1ccc2ccccc2o1,ZYGHJZDHTFUPRJ-UHFFFAOYSA-N,PUB_323,CHEMBL4789
1,Cc1cc(C)[n+](CCc2ccc(S(N)(=O)=O)cc2)c(C)c1,UXBCHTZINZNVRG-UHFFFAOYSA-N,PUB_11795548,CHEMBL4789
1,[O-]n1ccccc1=S,WLPOMAGOKQZDIN-UHFFFAOYSA-N,PUB_3005837,CHEMBL4789
1,CC1(O)CC23CC(O)C4(O)C(CC(O)C4(C)C)C(C)(O)C2CCC1C3O,BWMFRQKICHXLSH-UHFFFAOYSA-N,PUB_131635673,CHEMBL4789
1,NS(=O)(=O)c1cc2c(cc1Cl)NCNS2(=O)=O,JZUFKLXOESDKRF-UHFFFAOYSA-N,DB_13076,CHEMBL4789
1,NS(=O)(=O)c1cc2c(cc1C(F)(F)F)NCNS2(=O)=O,DMDGGSIALPNSEE-UHFFFAOYSA-N,DB_25897,CHEMBL4789
1,COc1cc(C=CC(=O)CC(=O)C=Cc2ccc(O)c(OC)c2)ccc1O,VFLDPWHFBUODDF-UHFFFAOYSA-N,DB_50067040,CHEMBL4789
