active_label,c_smiles,noiso_InChIKey,ex_id,target_chembl_id
0,CSC(=O)NCc1c[nH]c2ccccc12,GHGDPZHQDKPWOJ-UHFFFAOYSA-N,PUB_10036413,CHEMBL4685
1,O=C1C=CC(=O)c2ccccc21,FRASJONUBLZVQX-UHFFFAOYSA-N,PUB_8530,CHEMBL4685
0,OC1Cc2ccccc2N1,GWXABUXUVQEBBW-UHFFFAOYSA-N,PUB_13879745,CHEMBL4685
1,SCc1ccccc1,UENWRTRMUIOCKN-UHFFFAOYSA-N,PUB_7509,CHEMBL4685
1,c1ccc2c(c1)[nH]c1cnccc12,AIFRHYZBTHREPW-UHFFFAOYSA-N,PUB_64961,CHEMBL4685
1,O=C1c2ccccc2-n2c1nc1ccccc1c2=O,VQQVWGVXDIPORV-UHFFFAOYSA-N,PUB_73549,CHEMBL4685
1,O=C1c2cc(Br)ccc2-n2c1nc1ccccc1c2=O,INPHXCCBDRGBRF-UHFFFAOYSA-N,PUB_478572,CHEMBL4685
0,COC(=O)C1=C(C)NC(C)=C(C(=O)OC)C1c1ccccc1[N+](=O)[O-],HYIMSNHJOBLJNT-UHFFFAOYSA-N,PUB_4485,CHEMBL4685
1,Cc1coc2c1C(=O)C(=O)c1c-2ccc2c1C=CCC2(C)C,PURTYNPVRFEUEN-UHFFFAOYSA-N,PUB_128994,CHEMBL4685
1,Oc1[nH]c2ccccc2c1N=Nc1ccccc1,QCBAMHXJXBGAQB-UHFFFAOYSA-N,PUB_272989,CHEMBL4685
0,Cc1nccc2c1[nH]c1cc(O)ccc12,SATMZMMKDDTOSQ-UHFFFAOYSA-N,DB_50047009,CHEMBL4685
