active_label,c_smiles,noiso_InChIKey,ex_id,target_chembl_id
1,CC(=O)OC12CC(C)C3(O)C(C=C(CO)CC4(O)C(=O)C(C)=CC43)C1C2(C)C,BOJKFRKNLSCGHY-UHFFFAOYSA-N,PUB_454217,CHEMBL299
0,O=C1c2ccccc2-c2n[nH]c3cccc1c23,ACPOUJIDANTYHO-UHFFFAOYSA-N,PUB_8515,CHEMBL299
1,CCC(=C(c1ccccc1)c1ccc(OCCN(C)C)cc1)c1ccccc1,NKANXQFJJICGDU-UHFFFAOYSA-N,PUB_2733526,CHEMBL299
1,C=C(C)C12CC(COC(=O)c3ccccc3)C34OC5(OC1C3C1OC1(CO)C(O)C1(O)C(OC(=O)c3ccccc3)C(C)C(C(C)CCCCCCC5O)C14)O2,SSXCVTWCXHGTLK-UHFFFAOYSA-N,PUB_127038825,CHEMBL299
0,CC(=O)c1c(O)c(C)c(O)c(Cc2c(O)c3c(c(C(=O)C=Cc4ccccc4)c2O)OC(C)(C)C=C3)c1O,DEZFNHCVIZBHBI-UHFFFAOYSA-N,PUB_5281847,CHEMBL299
1,CC(C)C(CO)Nc1nc(Nc2cccc(Cl)c2)c2ncn(C(C)C)c2n1,PMXCMJLOPOFPBT-UHFFFAOYSA-N,DB_27216,CHEMBL299
1,Cc1cc(N)c2ccccc2[n+]1CCCCCCCCCC[n+]1c(C)cc(N)c2ccccc21,PCSWXVJAIHCTMO-UHFFFAOYSA-P,DB_50473222,CHEMBL299
1,C=C(C)C12OC3(c4ccccc4)OC1C1C4OC4(CO)C(O)C4(O)C(=O)C(C)=CC4C1(O3)C(C)C2OC(=O)C=CC=Cc1ccccc1,DLEDLHFNQDHEOJ-UHFFFAOYSA-N,DB_86431,CHEMBL299
1,C=C(C)C12OC3(c4ccccc4)OC1C1C4OC4(CO)C(O)C4(O)C(=O)C(C)=CC4C1(O3)C(C)C2OC(=O)C=Cc1ccccc1,OTTFLYUONKAFGT-UHFFFAOYSA-N,DB_86429,CHEMBL299
