active_label,c_smiles,noiso_InChIKey,ex_id,target_chembl_id
1,O=C1C(c2c(O)[nH]c3ccccc23)=Nc2ccccc21,JNLNPCNGMHKCKO-UHFFFAOYSA-N,PUB_10177,CHEMBL262
1,Cc1ccc2c(c1)C(=O)C(c1c(O)[nH]c3ccccc13)=N2,KQGNXKLJTGXPAE-UHFFFAOYSA-N,PUB_135531135,CHEMBL262
1,O=c1c(O)c(-c2ccc(O)c(O)c2)oc2cc(O)ccc12,XHEFDIBZLJXQHF-UHFFFAOYSA-N,PUB_5281614,CHEMBL262
1,O=c1cc(-c2ccccc2)oc2cc(O)cc(O)c12,RTIXKCRFFJGDFG-UHFFFAOYSA-N,PUB_5281607,CHEMBL262
1,O=c1c(O)c(-c2ccc(O)cc2)oc2cc(O)cc(O)c12,IYRMWMYZSQPJKC-UHFFFAOYSA-N,PUB_5280863,CHEMBL262
1,O=C1C=CC(=O)N1,PEEHTFAAVSWFBL-UHFFFAOYSA-N,PUB_10935,CHEMBL262
1,OC12C=C(c3nccc4c3[nH]c3ccccc34)C3CCN(CCCCC=CCC1)CC31CC3C=CCCCCN3C21,FUCSLKWLLSEMDQ-UHFFFAOYSA-N,PUB_6509753,CHEMBL262
1,O=c1ccc2c3cc[nH]c4ccc(=O)n(c2c1)c43,YMNACIYZMIKRMM-UHFFFAOYSA-N,PUB_10263500,CHEMBL262
0,COc1ccc2c(c1)[nH]c1c(C)nccc12,BXNJHAXVSOCGBA-UHFFFAOYSA-N,PUB_5280953,CHEMBL262
1,CC(C)C(CO)Nc1nc(Nc2cccc(Cl)c2)c2ncn(C(C)C)c2n1,PMXCMJLOPOFPBT-UHFFFAOYSA-N,DB_27216,CHEMBL262
