active_label,c_smiles,noiso_InChIKey,ex_id,target_chembl_id
1,O=C(O)c1cc(NCc2cc(O)ccc2O)ccc1O,LULATDWLDJOKCX-UHFFFAOYSA-N,PUB_3896,CHEMBL203
0,O=C1c2ccccc2-c2n[nH]c3cccc1c23,ACPOUJIDANTYHO-UHFFFAOYSA-N,PUB_8515,CHEMBL203
1,CS(=O)(=O)CCNCc1ccc(-c2ccc3ncnc(Nc4ccc(OCc5cccc(F)c5)c(Cl)c4)c3c2)o1,BCFGMOOMADDAQU-UHFFFAOYSA-N,PUB_11557040,CHEMBL203
1,O=C(C=Cc1ccc(O)c(O)c1)c1ccc(O)cc1O,AYMYWHCQALZEGT-UHFFFAOYSA-N,PUB_5281222,CHEMBL203
1,O=c1c(O)c(-c2ccc(O)c(O)c2)oc2cc(O)cc(O)c12,REFJWTPEDVJJIY-UHFFFAOYSA-N,PUB_5280343,CHEMBL203
1,CCCCCCCCCCCCCCCC[n+]1ccccc1,NEUSVAOJNUQRTM-UHFFFAOYSA-N,PUB_8816,CHEMBL203
1,CN(C)c1ccc(C(=C2C=CC(=[N+](C)C)C=C2)c2ccc(N(C)C)cc2)cc1,LGLFFNDHMLKUMI-UHFFFAOYSA-N,PUB_11057,CHEMBL203
1,Oc1cc(O)c2cc(O)c(-c3cc(O)c(O)c(O)c3)[o+]c2c1,JKHRCGUTYDNCLE-UHFFFAOYSA-O,PUB_68245,CHEMBL203
1,O=c1[nH]cc(F)c(=O)[nH]1,GHASVSINZRGABV-UHFFFAOYSA-N,PUB_3385,CHEMBL203
1,O=C1Nc2ccc(S(=O)(=O)O)cc2C1=C1Nc2ccccc2C1=O,IHBOEHLUIBMBMY-UHFFFAOYSA-N,DB_84534,CHEMBL203
1,O=c1c2cc(O)c(O)cc2oc2cc(O)c(C3OC(CO)C(O)C(O)C3O)c(O)c12,AEDDIBAIWPIIBD-UHFFFAOYSA-N,DB_234389,CHEMBL203
1,COc1ccc(C=Cc2cc(OC)c(OC)c(OC)c2)cc1O,HVXBOLULGPECHP-UHFFFAOYSA-N,DB_50005480,CHEMBL203
1,O=c1c(-c2ccc(O)c(O)c2)coc2cc(O)cc(O)c12,IOYHCQBYQJQBSK-UHFFFAOYSA-N,DB_50025463,CHEMBL203
1,O=c1c(O)c(-c2ccc(O)cc2)oc2cc(O)cc(O)c12,IYRMWMYZSQPJKC-UHFFFAOYSA-N,DB_7462,CHEMBL203
1,NCCc1c[nH]c2ccc(O)cc12,QZAYGJVTTNCVMB-UHFFFAOYSA-N,DB_10755,CHEMBL203
1,COc1ccc2cc(C(C)C(=O)O)ccc2c1,CMWTZPSULFXXJA-UHFFFAOYSA-N,DB_50009860,CHEMBL203
1,CC(=O)Oc1ccccc1C(=O)O,BSYNRYMUTXBXSQ-UHFFFAOYSA-N,DB_22360,CHEMBL203
1,CC(C)Cc1ccc(C(C)C(=O)O)cc1,HEFNNWSXXWATRW-UHFFFAOYSA-N,DB_50009859,CHEMBL203
1,CC1=C(CC(=O)O)c2cc(F)ccc2C1=Cc1ccc([S+](C)[O-])cc1,MLKXDPUZXIRXEP-UHFFFAOYSA-N,DB_50103504,CHEMBL203
1,COc1ccc2c(c1)c(CC(=O)O)c(C)n2C(=O)c1ccc(Cl)cc1,CGIGDMFJXJATDK-UHFFFAOYSA-N,DB_17638,CHEMBL203
1,CC(C(=O)O)c1cccc(C(=O)c2ccccc2)c1,DKYWVDODHFEZIM-UHFFFAOYSA-N,DB_50022271,CHEMBL203
