active_label,c_smiles,noiso_InChIKey,ex_id,target_chembl_id
1,COc1cc(C=CC(=O)C=C(O)C=Cc2ccc(O)c(OC)c2)ccc1O,ZIUSSTSXXLLKKK-UHFFFAOYSA-N,PUB_5281767,CHEMBL2487
1,O=C(OC1Cc2c(O)cc(O)cc2OC1c1cc(O)c(O)c(O)c1)c1cc(O)c(O)c(O)c1,WMBWREPUVVBILR-UHFFFAOYSA-N,PUB_65064,CHEMBL2487
1,COc1cc(C=CC(=O)CC(=O)C=Cc2ccc(O)c(OC)c2)ccc1O,VFLDPWHFBUODDF-UHFFFAOYSA-N,PUB_969516,CHEMBL2487
1,Oc1ccc(C=Cc2cc(O)cc(O)c2)cc1,LUKBXSAWLPMMSZ-UHFFFAOYSA-N,PUB_445154,CHEMBL2487
1,Nc1c(N=Nc2ccc(-c3ccc(N=Nc4cc(S(=O)(=O)[O-])c5ccccc5c4N)cc3)cc2)cc(S(=O)(=O)[O-])c2ccccc12,HFHIDKQMGIGARX-UHFFFAOYSA-L,PUB_11313,CHEMBL2487
0,NS(=O)(=O)c1cc(C(=O)O)c(NCc2ccco2)cc1Cl,ZZUFCTLCJUWOSV-UHFFFAOYSA-N,PUB_3440,CHEMBL2487
0,O=C1c2c(O)cc(O)cc2OC(c2ccccc2)C1O,SUYJZKRQHBQNCA-UHFFFAOYSA-N,PUB_73202,CHEMBL2487
0,O=c1c(O)c(-c2ccc(O)c(O)c2)oc2cc(O)cc(O)c12,REFJWTPEDVJJIY-UHFFFAOYSA-N,DB_7460,CHEMBL2487
0,O=C1C(O)c2c(O)cc(O)cc2OC1c1ccc(O)c(O)c1,BYVWXQRJRYELNP-UHFFFAOYSA-N,DB_50084980,CHEMBL2487
1,O=C(O)c1ccccc1O,YGSDEFSMJLZEOE-UHFFFAOYSA-N,DB_26193,CHEMBL2487
