active_label,c_smiles,noiso_InChIKey,ex_id,target_chembl_id
1,CC(C)(C)c1ccc(C(O)CCCN2CCC(C(O)(c3ccccc3)c3ccccc3)CC2)cc1,GUGOEEXESWIERI-UHFFFAOYSA-N,PUB_5405,CHEMBL240
1,CCOC(=O)N1CCC(=C2c3ccc(Cl)cc3CCc3cccnc32)CC1,JCCNYMKQOSZNPW-UHFFFAOYSA-N,PUB_3957,CHEMBL240
1,CN1CCN(C2=Nc3cc(Cl)ccc3Nc3ccccc32)CC1,QZUDBNBUXVUHMW-UHFFFAOYSA-N,PUB_135398737,CHEMBL240
1,CN(C)CCCC1(c2ccc(F)cc2)OCc2cc(C#N)ccc21,WSEQXVZVJXJVFP-UHFFFAOYSA-N,PUB_2771,CHEMBL240
1,CNCCC(Oc1ccc(C(F)(F)F)cc1)c1ccccc1,RTHCYVBBDHJXIQ-UHFFFAOYSA-N,PUB_3386,CHEMBL240
1,CN(C)CCC(c1ccc(Cl)cc1)c1ccccn1,SOYKEARSMXGVTM-UHFFFAOYSA-N,PUB_2725,CHEMBL240
1,COc1cc2nc(N3CCN(C(=O)c4ccco4)CC3)nc(N)c2cc1OC,IENZQIKPVFGBNW-UHFFFAOYSA-N,PUB_4893,CHEMBL240
1,CCOC(=O)C1(c2ccccc2)CCN(C)CC1,XADCESSVHJOZHK-UHFFFAOYSA-N,PUB_4058,CHEMBL240
1,CN(C)CCOC(c1ccccc1)c1ccccc1,ZZVUWRFHKOJYTH-UHFFFAOYSA-N,PUB_3100,CHEMBL240
1,CC(C)(C)CC(C)(C)c1ccc(OCCOCC[N+](C)(C)Cc2ccccc2)cc1,SIYLLGKDQZGJHK-UHFFFAOYSA-N,PUB_8478,CHEMBL240
1,CS(=O)(=O)CCNCc1ccc(-c2ccc3ncnc(Nc4ccc(OCc5cccc(F)c5)c(Cl)c4)c3c2)o1,BCFGMOOMADDAQU-UHFFFAOYSA-N,PUB_208908,CHEMBL240
0,CC(NC(C)(C)C)C(=O)c1cccc(Cl)c1,SNPPWIUOZRMYNY-UHFFFAOYSA-N,PUB_444,CHEMBL240
1,COC(=O)C1C(C(=O)Oc2ccccc2)CC2CCC1N2C,QBYGRJQJEUUFHI-UHFFFAOYSA-N,DB_50084717,CHEMBL240
1,Cn1c(=O)c2c(ncn2C)n(C)c1=O,RYYVLZVUVIJVGH-UHFFFAOYSA-N,DB_10849,CHEMBL240
