active_label,c_smiles,noiso_InChIKey,ex_id,target_chembl_id
1,Cn1c(=O)c2[nH]cnc2n(C)c1=O,ZFXYFBGIUFBOJW-UHFFFAOYSA-N,PUB_2153,CHEMBL302
1,Cn1c(=O)c2[nH]c(-c3ccc(S(=O)(=O)O)cc3)nc2n(C)c1=O,LXJSJIXZOAMHTG-UHFFFAOYSA-N,PUB_1908,CHEMBL302
1,Nc1[nH]c(=O)nc2c1ncn2C1OC(CO)C(O)C1O,MIKUYHXYGGJMLM-UHFFFAOYSA-N,PUB_65085,CHEMBL302
1,CNC(=O)C1OC(n2cnc3c(NCc4cccc(Br)c4)ncnc32)C(O)C1O,VKRJBICSKBVSJA-UHFFFAOYSA-N,PUB_10434520,CHEMBL302
1,CCn1cnc2c(N)ncnc21,MUIPLRMGAXZWSQ-UHFFFAOYSA-N,PUB_7,CHEMBL302
1,COC(=O)C1=C(C)NC(C)=C(C(=O)OC)C1c1ccccc1[N+](=O)[O-],HYIMSNHJOBLJNT-UHFFFAOYSA-N,PUB_4485,CHEMBL302
1,Cn1c(=O)c2c(ncn2C)n(C)c1=O,RYYVLZVUVIJVGH-UHFFFAOYSA-N,PUB_2519,CHEMBL302
1,N=C(N)NC(=O)c1nc(Cl)c(N2CCCCCC2)nc1N,RQQJJXVETXFINY-UHFFFAOYSA-N,DB_81818,CHEMBL302
1,NC1CCCCC1,PAFZNILMFXTMIY-UHFFFAOYSA-N,DB_81970,CHEMBL302
1,Nc1ncnc2c1ncn2C1CC(O)C(CO)O1,OLXZPDWKRNYJJZ-UHFFFAOYSA-N,DB_50025883,CHEMBL302
1,COC1C(O)C(CO)OC1n1cnc2c(N)ncnc21,FPUGCISOLXNPPC-UHFFFAOYSA-N,DB_50144945,CHEMBL302
1,Nc1ncnc2c1ncn2C1OC(CO)CC1O,OFEZSBMBBKLLBJ-UHFFFAOYSA-N,DB_50031231,CHEMBL302
1,Nc1nc2c(ncn2C2OC(CO)C(O)C2O)c(=S)[nH]1,OTDJAMXESTUWLO-UHFFFAOYSA-N,DB_50654,CHEMBL302
1,Nc1ncnc2c1ncn2C1(CO)OC(CO)C(O)C1O,BNZYRKVSCLSXSJ-UHFFFAOYSA-N,DB_82539,CHEMBL302
1,C[S+](CCC(N)C(=O)[O-])CC1OC(n2cnc3c(N)ncnc32)C(O)C1O,MEFKEPWMEQBLKI-UHFFFAOYSA-N,DB_28422,CHEMBL302
1,Cc1cn(C2CC(O)C(CO)O2)c(=O)[nH]c1=O,IQFYYKKMVGJFEH-UHFFFAOYSA-N,DB_1,CHEMBL302
1,O=C(CCCN1CCC(O)(c2ccc(Cl)cc2)CC1)c1ccc(F)cc1,LNEPOXFFQSENCJ-UHFFFAOYSA-N,DB_21398,CHEMBL302
0,O=c1c(Cl)c(-c2ccccc2)oc2ccccc12,FHXDSQYFCFWKAW-UHFFFAOYSA-N,DB_50051354,CHEMBL302
0,COc1c2ccoc2cc2oc(C)cc(=O)c12,NZVQLVGOZRELTG-UHFFFAOYSA-N,DB_50051349,CHEMBL302
