active_label,c_smiles,noiso_InChIKey,ex_id,target_chembl_id
1,CC(Cc1ccc(O)c(O)c1)C(C)Cc1ccc(O)c(O)c1,HCZKYJDFEPMADG-UHFFFAOYSA-N,PUB_4534,CHEMBL215
1,O=c1c(O)c(-c2ccc(O)c(O)c2)oc2cc(O)cc(O)c12,REFJWTPEDVJJIY-UHFFFAOYSA-N,PUB_5280343,CHEMBL215
1,CC1CCC2(C)CCC3(C)C(=CC(=O)C4C5(C)CCC(O)C(C)(C(=O)O)C5CCC43C)C2C1C,YIMHGPSYDOGBPI-UHFFFAOYSA-N,PUB_9847548,CHEMBL215
1,CC(=O)OC1CCC2(C)C(CCC3(C)C2C(=O)C=C2C4C(C)C(C)CCC4(C)CCC23C)C1(C)C(=O)O,HMMGKOVEOFBCAU-UHFFFAOYSA-N,PUB_11168203,CHEMBL215
1,O=C1c2ccccc2-n2c1nc1ccccc1c2=O,VQQVWGVXDIPORV-UHFFFAOYSA-N,PUB_73549,CHEMBL215
0,COc1ccc2cc(C(C)C(=O)O)ccc2c1,CMWTZPSULFXXJA-UHFFFAOYSA-N,PUB_156391,CHEMBL215
0,CC(C(=O)O)c1cccc(C(=O)c2ccccc2)c1,DKYWVDODHFEZIM-UHFFFAOYSA-N,PUB_3825,CHEMBL215
1,CCCCCCCCCCCCCCCC1=C(O)C(=O)C=C(O)C1=O,GXDURRGUXLDZKN-UHFFFAOYSA-N,PUB_4187769,CHEMBL215
1,CCCCCCCCCCCCCCCCC1=C(O)C(=O)C=C(OC)C1=O,WQIANGZKDMBPFV-UHFFFAOYSA-N,PUB_5318477,CHEMBL215
1,O=C(O)C=Cc1ccc(O)c(O)c1,QAIPRVGONGVQAS-UHFFFAOYSA-N,PUB_689043,CHEMBL215
1,CC(C)=CCC1=C(O)C(O)(CC=C(C)C)C(=O)C(C(=O)CC(C)C)=C1O,VMSLCPKYRPDHLN-UHFFFAOYSA-N,PUB_442911,CHEMBL215
0,CC1(C)CCC2(C(=O)O)CCC3(C)C(=CCC4C5(C)CCC(O)C(C)(C=O)C5CCC43C)C2C1,QMHCWDVPABYZMC-UHFFFAOYSA-N,PUB_92825,CHEMBL215
0,CC1(C)CCC2(C(=O)O)CCC3(C)C(=CCC4C5(C)CCC(O)C(C)(C)C5CCC43C)C2C1,MIJYXULNPSFWEK-UHFFFAOYSA-N,PUB_10494,CHEMBL215
0,CC1(C)CCC2(C)CCC3(C)C(=CCC4C5(C)CCC(=O)C(C)(C)C5CCC43C)C2C1,LIIFBMGUDSHTOU-UHFFFAOYSA-N,PUB_12306160,CHEMBL215
0,CC1CCC2(C)CCC3(C)C(=CCC4C5(C)CCC(=O)C(C)(C)C5CCC43C)C2C1C,DIFWJJFSELKWGA-UHFFFAOYSA-N,PUB_12306155,CHEMBL215
1,Cc1ccc(-c2cc(C(F)(F)F)nn2-c2ccc(S(N)(=O)=O)cc2)cc1,RZEKVGVHFLEQIL-UHFFFAOYSA-N,PUB_2662,CHEMBL215
1,O=c1c(-c2ccc(O)cc2)coc2c(O)c(O)ccc12,BMZFZTMWBCFKSS-UHFFFAOYSA-N,PUB_5466139,CHEMBL215
0,O=c1c(-c2ccc(O)cc2)coc2cc(O)c(O)cc12,GYLUFQJZYAJQDI-UHFFFAOYSA-N,PUB_5284649,CHEMBL215
1,Cc1ccc(-c2coc3c(O)c(O)ccc3c2=O)cc1,OANWEBOHKLZIJJ-UHFFFAOYSA-N,DB_50222297,CHEMBL215
1,O=c1cc(-c2ccccc2)oc2cc(O)c(O)c(O)c12,FXNFHKRTJBSTCS-UHFFFAOYSA-N,DB_50009001,CHEMBL215
1,CC(C)=CCc1c(O)cc(O)c2c1OC(c1ccc(O)cc1)CC2=O,LPEPZZAVFJPLNZ-UHFFFAOYSA-N,DB_19460,CHEMBL215
1,COc1cc2c(c(O)c1C(=O)C=Cc1ccc(O)cc1)C=CC(C)(C)O2,CVMUWVCGBFJJFI-UHFFFAOYSA-N,DB_50177001,CHEMBL215
0,OCCCc1ccc(O)c(O)c1,DPTPQXXDBLPEOP-UHFFFAOYSA-N,DB_50448446,CHEMBL215
