active_label,c_smiles,noiso_InChIKey,ex_id,target_chembl_id
1,CCc1oc2ccccc2c1C(=O)c1cc(Br)c(O)c(Br)c1,WHQCHUCQKNIQEC-UHFFFAOYSA-N,PUB_2333,CHEMBL3397
1,CCCCCCCC(=O)CCc1ccc(O)c(OC)c1,CZNLTCTYLMYLHL-UHFFFAOYSA-N,PUB_94378,CHEMBL3397
1,CCCCCCCCCC(O)CC(=O)CCc1ccc(O)c(OC)c1,AIULWNKTYPZYAN-UHFFFAOYSA-N,PUB_168115,CHEMBL3397
1,CCCCCC=CC(=O)CCc1ccc(O)c(OC)c1,OQWKEEOHDMUXEO-UHFFFAOYSA-N,PUB_5281794,CHEMBL3397
1,COc1cc(C=CC(=O)CC(=O)C=Cc2ccc(O)c(OC)c2)ccc1O,VFLDPWHFBUODDF-UHFFFAOYSA-N,DB_50067040,CHEMBL3397
1,CC(C)NCC(O)COc1cccc2ccccc12,AQHHHDLHHXJYJD-UHFFFAOYSA-N,DB_25761,CHEMBL3397
0,CCCCNC(=O)NS(=O)(=O)c1ccc(C)cc1,JLRGJRBPOGGCBT-UHFFFAOYSA-N,DB_50027886,CHEMBL3397
