active_label,c_smiles,noiso_InChIKey,ex_id,target_chembl_id
1,COC(=O)C1C(C(=O)Oc2ccccc2)CC2CCC1N2C,QBYGRJQJEUUFHI-UHFFFAOYSA-N,PUB_44346228,CHEMBL338
1,CN1C2CCC1C(C(=O)O)C(O)C2,PHMBVCPLDPDESM-UHFFFAOYSA-N,PUB_11972343,CHEMBL338
1,CNCCC(Oc1ccc(C(F)(F)F)cc1)c1ccccc1,RTHCYVBBDHJXIQ-UHFFFAOYSA-N,PUB_3386,CHEMBL338
1,COc1ccc(C(CN(C)C)C2(O)CCCCC2)cc1,PNVNVHUZROJLTJ-UHFFFAOYSA-N,PUB_5656,CHEMBL338
1,NCCc1ccc(O)c(O)c1,VYFYYTLLBUKUHU-UHFFFAOYSA-N,PUB_681,CHEMBL338
1,NCCc1c[nH]c2ccc(O)cc12,QZAYGJVTTNCVMB-UHFFFAOYSA-N,DB_10755,CHEMBL338
1,NCC(O)c1ccc(O)c(O)c1,SFLSHLFXELFNJZ-UHFFFAOYSA-N,DB_35234,CHEMBL338
1,CNCCC=C1c2ccccc2CCc2ccccc21,PHVGLTMQBUFIQQ-UHFFFAOYSA-N,DB_112777,CHEMBL338
1,O=C(CCCN1CCC(O)(c2ccc(Cl)cc2)CC1)c1ccc(F)cc1,LNEPOXFFQSENCJ-UHFFFAOYSA-N,DB_21398,CHEMBL338
1,OCCOCCN1CCN(C2=Nc3ccccc3Sc3ccccc32)CC1,URKOMYMAXPYINW-UHFFFAOYSA-N,DB_50095890,CHEMBL338
1,Cc1nc2n(c(=O)c1CCN1CCC(c3noc4cc(F)ccc34)CC1)CCCC2,RAPZEAPATHNIPO-UHFFFAOYSA-N,DB_50001885,CHEMBL338
1,COC(=O)C1C(O)CCC2CN3CCc4c([nH]c5ccccc45)C3CC21,BLGXFZZNTVWLAY-UHFFFAOYSA-N,DB_50013515,CHEMBL338
1,C[NH2+]C(C)C(O)c1ccccc1,KWGRBVOPPLSCSI-UHFFFAOYSA-O,DB_36014,CHEMBL338
1,CNC(C)Cc1ccc2c(c1)OCO2,SHXWCVYOXRDMCX-UHFFFAOYSA-N,DB_50010588,CHEMBL338
1,NCCc1ccc(O)cc1,DZGWFCGJZKJUFP-UHFFFAOYSA-N,DB_29135,CHEMBL338
