active_label,c_smiles,noiso_InChIKey,ex_id,target_chembl_id
0,COc1cc[nH]c(=O)c1C#N,MWGIDWPSRDMIQN-UHFFFAOYSA-N,PUB_2786702,CHEMBL4361
1,CCCCC=CCCCCCCCCCc1cccc(O)c1C(=O)O,UEOBFNCQTNUCCY-UHFFFAOYSA-N,PUB_13873062,CHEMBL4361
1,CCCCCCCCCCCCCc1cccc(O)c1C(=O)O,VEPUCZUJLKAVNM-UHFFFAOYSA-N,PUB_161306,CHEMBL4361
1,COc1cc2ccc(=O)oc2c(O)c1O,HAVWRBANWNTOJX-UHFFFAOYSA-N,PUB_5273569,CHEMBL4361
1,COc1ccc2ccc(=O)oc2c1O,KIGCGZUAVODHMD-UHFFFAOYSA-N,PUB_146487,CHEMBL4361
1,O=c1ccc2ccc(O)cc2o1,ORHBXUUXSCNDEV-UHFFFAOYSA-N,PUB_5281426,CHEMBL4361
1,O=c1ccc2ccc(O)c(O)c2o1,ATEFPOUAMCWAQS-UHFFFAOYSA-N,PUB_5280569,CHEMBL4361
1,O=c1ccc2ccccc2o1,ZYGHJZDHTFUPRJ-UHFFFAOYSA-N,PUB_323,CHEMBL4361
1,COc1cc2ccc(=O)oc2cc1OC,GUAFOGOEJLSQBT-UHFFFAOYSA-N,PUB_8417,CHEMBL4361
1,CN1CCc2cccc3c2C1Cc1ccc(O)c(O)c1-3,VMWNQDUVQKEIOC-UHFFFAOYSA-N,DB_29643,CHEMBL4361
1,COc1ccc(O)c(N)c1,TUADYTFWZPZZTP-UHFFFAOYSA-N,DB_50488,CHEMBL4361
