active_label,c_smiles,noiso_InChIKey,ex_id,target_chembl_id
1,O=c1cc(-c2ccccc2)oc2cc(O)c(O)c(O)c12,FXNFHKRTJBSTCS-UHFFFAOYSA-N,PUB_5281605,CHEMBL3649
1,O=c1c(O)c(-c2ccc(O)c(O)c2)oc2cc(O)cc(O)c12,REFJWTPEDVJJIY-UHFFFAOYSA-N,PUB_5280343,CHEMBL3649
1,O=C(O)C=Cc1ccc(O)cc1,NGSWKAQJJWESNS-UHFFFAOYSA-N,PUB_637542,CHEMBL3649
1,OCC1OC(Oc2cc3c(O)cc(O)cc3[o+]c2-c2ccc(O)cc2)C(O)C(O)C1O,ABVCUBUIXWJYSE-UHFFFAOYSA-O,PUB_12302249,CHEMBL3649
1,O=C(O)c1ccc(O)c(O)c1,YQUVCSBJEUQKSH-UHFFFAOYSA-N,PUB_72,CHEMBL3649
1,COc1cc(C(=O)O)ccc1O,WKOLLVMJNQIZCI-UHFFFAOYSA-N,PUB_8468,CHEMBL3649
1,OCC1OC(Oc2cc3c(O)cc(O)cc3[o+]c2-c2ccc(O)c(O)c2)C(O)C(O)C1O,RKWHWFONKJEUEF-UHFFFAOYSA-O,PUB_4481259,CHEMBL3649
1,COc1cc(C=CC(=O)O)ccc1O,KSEBMYQBYZTDHS-UHFFFAOYSA-N,PUB_445858,CHEMBL3649
1,COc1cc(-c2[o+]c3cc(O)cc(O)c3cc2OC2OC(CO)C(O)C(O)C2O)ccc1O,ZZWPMFROUHHAKY-UHFFFAOYSA-O,PUB_14311151,CHEMBL3649
