active_label,c_smiles,noiso_InChIKey,ex_id,target_chembl_id
1,Cn1c(=O)c2[nH]cnc2n(C)c1=O,ZFXYFBGIUFBOJW-UHFFFAOYSA-N,PUB_2153,CHEMBL318
1,Cn1c(=O)c2[nH]c(-c3ccc(S(=O)(=O)O)cc3)nc2n(C)c1=O,LXJSJIXZOAMHTG-UHFFFAOYSA-N,PUB_1908,CHEMBL318
1,COc1cc(-c2oc3c(OC)cc(CCCO)cc3c2C=O)ccc1O,PHJUPBDWRVMJQA-UHFFFAOYSA-N,PUB_6709746,CHEMBL318
1,CSCC1OC(n2cnc3c(N)ncnc32)C(O)C1O,WUUGFSXJNOTRMR-UHFFFAOYSA-N,PUB_439176,CHEMBL318
1,Nc1ncnc2c1ncn2C1OC(CO)CC1O,OFEZSBMBBKLLBJ-UHFFFAOYSA-N,PUB_6303,CHEMBL318
1,Nc1ncnc2c1ncn2C1OC(CO)C(O)C1O,OIRDTQYFTABQOQ-UHFFFAOYSA-N,PUB_60961,CHEMBL318
1,N=C(N)NC(=O)c1nc(Cl)c(N2CCCCCC2)nc1N,RQQJJXVETXFINY-UHFFFAOYSA-N,DB_81818,CHEMBL318
1,NC1CCCCC1,PAFZNILMFXTMIY-UHFFFAOYSA-N,DB_81970,CHEMBL318
1,Cn1c(=O)c2c(ncn2CC(O)CO)n(C)c1=O,KSCFJBIXMNOVSH-UHFFFAOYSA-N,DB_82016,CHEMBL318
1,O=c1[nH]c(=O)c2[nH]cnc2[nH]1,LRFVTYWOQMYALW-UHFFFAOYSA-N,DB_82009,CHEMBL318
1,COC1C(O)C(CO)OC1n1cnc2c(N)ncnc21,FPUGCISOLXNPPC-UHFFFAOYSA-N,DB_50144945,CHEMBL318
1,Nc1nc2c(ncn2C2OC(CO)C(O)C2O)c(=S)[nH]1,OTDJAMXESTUWLO-UHFFFAOYSA-N,DB_50654,CHEMBL318
1,Nc1ncnc2c1ncn2C1(CO)OC(CO)C(O)C1O,BNZYRKVSCLSXSJ-UHFFFAOYSA-N,DB_82539,CHEMBL318
1,C[S+](CCC(N)C(=O)[O-])CC1OC(n2cnc3c(N)ncnc32)C(O)C1O,MEFKEPWMEQBLKI-UHFFFAOYSA-N,DB_28422,CHEMBL318
1,Cc1cn(C2CC(O)C(CO)O2)c(=O)[nH]c1=O,IQFYYKKMVGJFEH-UHFFFAOYSA-N,DB_1,CHEMBL318
1,O=C(CCCN1CCC(O)(c2ccc(Cl)cc2)CC1)c1ccc(F)cc1,LNEPOXFFQSENCJ-UHFFFAOYSA-N,DB_21398,CHEMBL318
1,COc1ccc(C(CN(C)C)C2(O)CCCCC2)cc1,PNVNVHUZROJLTJ-UHFFFAOYSA-N,DB_82071,CHEMBL318
1,COc1ccc(-c2cc(=O)c3c(OC)c(OC)c(OC)cc3o2)cc1,URSUMOWUGDXZHU-UHFFFAOYSA-N,DB_50451668,CHEMBL318
