active_label,c_smiles,noiso_InChIKey,ex_id,target_chembl_id
1,Cc1cc(=O)c2c(O)c3c(O)cc(O)c4c5c(O)cc(O)c6c(O)c7c(=O)cc(C)c8c1c2c(c34)c(c65)c78,YDOIFHVUBCIUHF-UHFFFAOYSA-N,PUB_3663,CHEMBL6152
1,Oc1cc(O)c2cc(O)c(-c3cc(O)c(O)c(O)c3)[o+]c2c1,JKHRCGUTYDNCLE-UHFFFAOYSA-O,PUB_68245,CHEMBL6152
1,O=c1c(O)c(-c2cc(O)c(O)c(O)c2)oc2cc(O)cc(O)c12,IKMDFBPHZNJCSN-UHFFFAOYSA-N,PUB_5281672,CHEMBL6152
1,Oc1cc(O)c2c(c1)OC(c1ccc(O)c(O)c1)C(O)C2,PFTAWBLQPZVEMU-UHFFFAOYSA-N,PUB_72276,CHEMBL6152
1,COC1C=COC2(C)Oc3c(C)c(O)c4c(O)c(c(C=NN5CCN(C)CC5)c(O)c4c3C2=O)NC(=O)C(C)=CC=CC(C)C(O)C(C)C(O)C(C)C(OC(C)=O)C1C,JQXXHWHPUNPDRT-UHFFFAOYSA-N,PUB_135398735,CHEMBL6152
1,COc1cc(C=CC(=O)CC(=O)C=Cc2ccc(O)c(OC)c2)ccc1O,VFLDPWHFBUODDF-UHFFFAOYSA-N,PUB_969516,CHEMBL6152
1,Oc1cc(O)c2cc(O)c(-c3ccc(O)c(O)c3)[o+]c2c1,VEVZSMAEJFVWIL-UHFFFAOYSA-O,DB_50462423,CHEMBL6152
