active_label,c_smiles,noiso_InChIKey,ex_id,target_chembl_id
0,O=C1c2ccccc2-c2n[nH]c3cccc1c23,ACPOUJIDANTYHO-UHFFFAOYSA-N,PUB_8515,CHEMBL1841
1,O=C(C=Cc1ccc(O)c(O)c1)OC(Cc1ccc(O)c(O)c1)C(=O)O,DOUMFZQKYFQNTF-UHFFFAOYSA-N,PUB_5281792,CHEMBL1841
1,CN(C)c1ccc(C(=C2C=CC(=[N+](C)C)C=C2)c2ccc(N(C)C)cc2)cc1,LGLFFNDHMLKUMI-UHFFFAOYSA-N,PUB_11057,CHEMBL1841
1,CC(C)(C)CC(C)(C)c1ccc(OCCOCC[N+](C)(C)Cc2ccccc2)cc1,SIYLLGKDQZGJHK-UHFFFAOYSA-N,PUB_8478,CHEMBL1841
1,CCCCCCCCCCCCCCCC[n+]1ccccc1,NEUSVAOJNUQRTM-UHFFFAOYSA-N,PUB_8816,CHEMBL1841
1,CC(Cc1ccc(O)c(O)c1)(NN)C(=O)O,TZFNLOMSOLWIDK-UHFFFAOYSA-N,PUB_38101,CHEMBL1841
1,Cc1ccc(NC(=O)c2ccc(CN3CCN(C)CC3)cc2)cc1Nc1nccc(-c2cccnc2)n1,KTUFNOKKBVMGRW-UHFFFAOYSA-N,DB_13530,CHEMBL1841
